titulo,artistas,album,url
El Cantador,Antonio Aguilar,Corridos y Caballos,https://music.youtube.com/watch?v=7NSQkThb-yI
El Patas Blancas,Antonio Aguilar,Corridos y Caballos,https://music.youtube.com/watch?v=ae2n4ee3H-M
Caballo Prieto Azabache,Antonio Aguilar,Corridos y Caballos,https://music.youtube.com/watch?v=brHRIAK9A64
El Moro De Cumpas,Antonio Aguilar,Corridos y Caballos,https://music.youtube.com/watch?v=fwETN8HBvGw
El Alazán Y El Rocío,Antonio Aguilar,Corridos y Caballos,https://music.youtube.com/watch?v=IHXg_r0CoUc
El Siete Leguas,Antonio Aguilar,Corridos y Caballos,https://music.youtube.com/watch?v=1iTIj8NpSYM
Caballo Prieto Afamado,Antonio Aguilar,Corridos y Caballos,https://music.youtube.com/watch?v=IBEMBj0Oaag
El Canciller,Antonio Aguilar,Corridos y Caballos,https://music.youtube.com/watch?v=KiDLlZH2ma0
Adiós Al As De Oros,Antonio Aguilar,Corridos y Caballos,https://music.youtube.com/watch?v=VMNtS8MfoU0
El Potro Lobo Gateado  (La Yegua Colora),Antonio Aguilar,Corridos y Caballos,https://music.youtube.com/watch?v=5-T7KVmVSOo
El Grano De Oro,Antonio Aguilar,Corridos y Caballos,https://music.youtube.com/watch?v=VvHQOfuqGdU
El Caballo Bayo,Antonio Aguilar,Corridos y Caballos,https://music.youtube.com/watch?v=_vYosRUji0c
El Caballo Blanco,Antonio Aguilar,Corridos y Caballos,https://music.youtube.com/watch?v=1ZDk3tc3Mk4
Caballo Alazán Lucero,Antonio Aguilar,Corridos y Caballos,https://music.youtube.com/watch?v=lkGXhSV412A
Caballo Mojino,Antonio Aguilar,Corridos y Caballos,https://music.youtube.com/watch?v=Xj2-p8neUM4
El Lucero y la Dama,Antonio Aguilar,Corridos y Caballos,https://music.youtube.com/watch?v=FBAKH-k6KuI
El Tío Juan (El Corrido Del Tío Juan),Antonio Aguilar,Corridos y Caballos,https://music.youtube.com/watch?v=WbgjlrJI4S0
Adiós Caballos Famosos,Antonio Aguilar,Corridos y Caballos,https://music.youtube.com/watch?v=vg9saKuTfWE
El Pata De Palo,Antonio Aguilar,Corridos y Caballos,https://music.youtube.com/watch?v=-0EIm0uzdu4
La Yegua Bikina,Antonio Aguilar,Corridos y Caballos,https://music.youtube.com/watch?v=IvhSNWIpHY4
Mi Amigo el Tordillo,Antonio Aguilar,Corridos y Caballos,https://music.youtube.com/watch?v=w1swiAssY4w
El Califa,Antonio Aguilar,Corridos y Caballos,https://music.youtube.com/watch?v=bqPd4zYVuZA
El Corralero,Antonio Aguilar,Corridos y Caballos,https://music.youtube.com/watch?v=mHtbRLlJXuw
Caballo Canelo,Antonio Aguilar,Corridos y Caballos,https://music.youtube.com/watch?v=wa_jJTSXNzU
El Hijo Desobediente (Remastered 2025),Antonio Aguilar,Corridos (Remastered 2025),https://music.youtube.com/watch?v=q4vLDz4pmxc
Palomita Voladora (Remastered 2025),Antonio Aguilar,Corridos (Remastered 2025),https://music.youtube.com/watch?v=GaJv_bxvi0Y
Corrido de Lucio Vázquez (Los Pavo Reales) (Remastered 2025),Antonio Aguilar,Corridos (Remastered 2025),https://music.youtube.com/watch?v=AkHIQ40H8Z0
Adiós Madre Querida (Remastered 2025),Antonio Aguilar,Corridos (Remastered 2025),https://music.youtube.com/watch?v=2vfi9JhaYEg
Fusilamiento del General Felipe Ángeles (Remastered 2025),Antonio Aguilar,Corridos (Remastered 2025),https://music.youtube.com/watch?v=-q12sBM449M
Me Importa Poco (Remastered 2025),Antonio Aguilar,Corridos (Remastered 2025),https://music.youtube.com/watch?v=q94Y5DLfR0U
Gabino Barrera (Remastered 2025),Antonio Aguilar,Corridos (Remastered 2025),https://music.youtube.com/watch?v=uci_eSBfyx8
Prisionero de San Juan de Ulua (Remastered 2025),Antonio Aguilar,Corridos (Remastered 2025),https://music.youtube.com/watch?v=D0um5uokrik
Corrido de Arnulfo González (Remastered 2025),Antonio Aguilar,Corridos (Remastered 2025),https://music.youtube.com/watch?v=hN7vJzKTmik
Juan Charrasqueado (Remastered 2025),Antonio Aguilar,Corridos (Remastered 2025),https://music.youtube.com/watch?v=Rdir80lRL0A
Rosita Alvírez (Remastered 2025),Antonio Aguilar,Corridos (Remastered 2025),https://music.youtube.com/watch?v=kl8dBqV5QD0
El Día de San Juan (Remastered 2025),"Antonio Aguilar, Flor Silvestre",Corridos (Remastered 2025),https://music.youtube.com/watch?v=uPUMocWU8_k
Un Puño De Tierra,Antonio Aguilar,Mi Mexico Querido: Antonio Aguilar,https://music.youtube.com/watch?v=mxplRc6a0aQ
Qué Falta Me Hace Mi Padre,Antonio Aguilar,Mi Mexico Querido: Antonio Aguilar,https://music.youtube.com/watch?v=sztf3GJSsw0
Lamberto Quintero,Antonio Aguilar,Mi Mexico Querido: Antonio Aguilar,https://music.youtube.com/watch?v=_VHunU6gPHw
Mi Gusto Es,Antonio Aguilar,Mi Mexico Querido: Antonio Aguilar,https://music.youtube.com/watch?v=AoOloorD_3w
Que Me Entierren Con La Banda,Antonio Aguilar,Mi Mexico Querido: Antonio Aguilar,https://music.youtube.com/watch?v=Fi2BBrb-hZQ
Triste Recuerdo,Antonio Aguilar,Mi Mexico Querido: Antonio Aguilar,https://music.youtube.com/watch?v=MOx47MEs-8Q
Ando Que Me Lleva,Antonio Aguilar,Mi Mexico Querido: Antonio Aguilar,https://music.youtube.com/watch?v=TZaD5_1neZg
El Chivo,Antonio Aguilar,Mi Mexico Querido: Antonio Aguilar,https://music.youtube.com/watch?v=k0eZHYZxQto
Busca Otro Amor,Antonio Aguilar,Mi Mexico Querido: Antonio Aguilar,https://music.youtube.com/watch?v=zTwBR2VJIt8
El Cantador,Antonio Aguilar,Mi Mexico Querido: Antonio Aguilar,https://music.youtube.com/watch?v=7NSQkThb-yI
Pero Hombre Amigo (El Chubasco),Antonio Aguilar,Mi Mexico Querido: Antonio Aguilar,https://music.youtube.com/watch?v=YFIPIevABEA
Por Esa Calle Vive,Antonio Aguilar,Mi Mexico Querido: Antonio Aguilar,https://music.youtube.com/watch?v=Lo8aKq1Djpg
Cuatro Milpas,Antonio Aguilar,Mi Mexico Querido: Antonio Aguilar,https://music.youtube.com/watch?v=JuNBqZoLrlU
Por Una Mujer Casada,Antonio Aguilar,Mi Mexico Querido: Antonio Aguilar,https://music.youtube.com/watch?v=wycYvJWGNwg
Que Se Te Quite Ese Orgullo (4 Meses),Antonio Aguilar,Mi Mexico Querido: Antonio Aguilar,https://music.youtube.com/watch?v=gi4A1j_WeKw
El Adolorido (Remastered),Antonio Aguilar,Leyendas del Campo (Remastered),https://music.youtube.com/watch?v=HQw_KjedJ88
Hay un Lirio (Remastered),Antonio Aguilar,Leyendas del Campo (Remastered),https://music.youtube.com/watch?v=TXc81qsPv78
Antes Que Salga el Lucero (Remastered),Antonio Aguilar,Leyendas del Campo (Remastered),https://music.youtube.com/watch?v=eo6_XJNzgH4
Albur de Amor (Remastered),Antonio Aguilar,Leyendas del Campo (Remastered),https://music.youtube.com/watch?v=HptYn5TR9c8
El Siete de Copas (Remastered),Antonio Aguilar,Leyendas del Campo (Remastered),https://music.youtube.com/watch?v=n8i_w2NaYkM
Yo Ya Me Voy de Mi Tierra (Remastered),Antonio Aguilar,Leyendas del Campo (Remastered),https://music.youtube.com/watch?v=gXbcoTpy8cc
El Tímido (Remastered),Antonio Aguilar,Leyendas del Campo (Remastered),https://music.youtube.com/watch?v=OHuFo-3Citg
El Dicharachero (Remastered),Antonio Aguilar,Leyendas del Campo (Remastered),https://music.youtube.com/watch?v=F5QxLVCWDBM
"Llorar, Llorar (Remastered)",Antonio Aguilar,Leyendas del Campo (Remastered),https://music.youtube.com/watch?v=LCokvwbRPBU
Mira Luisa (Remastered),Antonio Aguilar,Leyendas del Campo (Remastered),https://music.youtube.com/watch?v=22f_j8QKUvE
La Mancornadora (Remastered),Antonio Aguilar,Leyendas del Campo (Remastered),https://music.youtube.com/watch?v=ouPacPKFQjU
Valentín de la Sierra (Remastered),Antonio Aguilar,Leyendas del Campo (Remastered),https://music.youtube.com/watch?v=_EpfIXMCYy4
El Aventurero,Antonio Aguilar,La Leyenda del Charro de México,https://music.youtube.com/watch?v=Xk9rCO4vcEs
Prisionero De Tus Brazos,Antonio Aguilar,La Leyenda del Charro de México,https://music.youtube.com/watch?v=3Xmonyaeg40
La Media Vuelta,Antonio Aguilar,La Leyenda del Charro de México,https://music.youtube.com/watch?v=oMm0jVJdx-s
El Ultimo Trago,Antonio Aguilar,La Leyenda del Charro de México,https://music.youtube.com/watch?v=W0eFkgX2DwI
Gabino Barrera,Antonio Aguilar,La Leyenda del Charro de México,https://music.youtube.com/watch?v=a2CcumwhIw0
Te Traigo En Mi Cartera,Antonio Aguilar,La Leyenda del Charro de México,https://music.youtube.com/watch?v=7PaeVJ_Cezw
Tu Camino Y El Mío,Antonio Aguilar,La Leyenda del Charro de México,https://music.youtube.com/watch?v=tcQaOaoemQ0
No Volveré,Antonio Aguilar,La Leyenda del Charro de México,https://music.youtube.com/watch?v=1B7QQeuSUV0
Hace Un Año,Antonio Aguilar,La Leyenda del Charro de México,https://music.youtube.com/watch?v=SJJh2f49NPA
Tu Solo Tu,Antonio Aguilar,La Leyenda del Charro de México,https://music.youtube.com/watch?v=JMeSuEVLUlM
Se Me Hizo Facil,Antonio Aguilar,La Leyenda del Charro de México,https://music.youtube.com/watch?v=L2QUcobRVfc
Caballo Prieto Azabache,Antonio Aguilar,La Leyenda del Charro de México,https://music.youtube.com/watch?v=brHRIAK9A64
Alta y Delgadita,Antonio Aguilar,A Grito Abierto,https://music.youtube.com/watch?v=Y-bgbCBBdfQ
Día Venturoso,Antonio Aguilar,A Grito Abierto,https://music.youtube.com/watch?v=KYiAfCU1V90
Carta Jugada,Antonio Aguilar,A Grito Abierto,https://music.youtube.com/watch?v=Jr9T6Yih4SY
Noches Eternas,Antonio Aguilar,A Grito Abierto,https://music.youtube.com/watch?v=SdRsfmBwGLs
Si No Me Quieres No Me Martirices,Antonio Aguilar,A Grito Abierto,https://music.youtube.com/watch?v=j2ViRyf9MG4
China de los Ojos Negros,Antonio Aguilar,A Grito Abierto,https://music.youtube.com/watch?v=c7u6QtQYfWU
Caballo Prieto Afamado,Antonio Aguilar,A Grito Abierto,https://music.youtube.com/watch?v=eN20Cku8rbc
Las Mañanitas,Antonio Aguilar,A Grito Abierto,https://music.youtube.com/watch?v=7bxZheLkXDs
Mi Lupita,Antonio Aguilar,A Grito Abierto,https://music.youtube.com/watch?v=D1hvUcApXrg
Palomas que Andan Volando,Antonio Aguilar,A Grito Abierto,https://music.youtube.com/watch?v=2Dj6srkeaqw
El Alazán y el Rocío,Antonio Aguilar,A Grito Abierto,https://music.youtube.com/watch?v=IHXg_r0CoUc
La Canelera,Antonio Aguilar,A Grito Abierto,https://music.youtube.com/watch?v=2Vl5jAvGU6k
Alma de Acero,Antonio Aguilar,Alma de Acero,https://music.youtube.com/watch?v=sHYeyvuCRjk
El Hijo Desobediente,Antonio Aguilar,Alma de Acero,https://music.youtube.com/watch?v=q4vLDz4pmxc
La Media Vuelta,Antonio Aguilar,Alma de Acero,https://music.youtube.com/watch?v=IgjJmVEo8Os
Triste Recuerdo,Antonio Aguilar,Alma de Acero,https://music.youtube.com/watch?v=MOx47MEs-8Q
Laguna de Pesares,Antonio Aguilar,Alma de Acero,https://music.youtube.com/watch?v=80scRgI_7WE
Anillo Grabado,Antonio Aguilar,Alma de Acero,https://music.youtube.com/watch?v=fXQdBbHg8kM
Ay Chabela,Antonio Aguilar,Alma de Acero,https://music.youtube.com/watch?v=EQK39VTHxc4
La Elisa,Antonio Aguilar,Alma de Acero,https://music.youtube.com/watch?v=WzmH2G0IzXA
Gabino Barrera,Antonio Aguilar,Alma de Acero,https://music.youtube.com/watch?v=uci_eSBfyx8
Un Puño de Tierra,Antonio Aguilar,Alma de Acero,https://music.youtube.com/watch?v=jgdwZ071bds
El Quelite,Antonio Aguilar,Alma de Acero,https://music.youtube.com/watch?v=nrmvuyVp5Uk
Que Me Entierren Con la Banda,Antonio Aguilar,Alma de Acero,https://music.youtube.com/watch?v=Fi2BBrb-hZQ
Caballo Prieto Azabache,Antonio Aguilar,Alma de Acero,https://music.youtube.com/watch?v=brHRIAK9A64
La Chancla,Antonio Aguilar,Alma de Acero,https://music.youtube.com/watch?v=fW0Mj5_WizU
Nadie Es Eterno,Antonio Aguilar,Alma de Acero,https://music.youtube.com/watch?v=IgpkYZu5EvI
Bandido De Amores,Antonio Aguilar,Alma de Acero,https://music.youtube.com/watch?v=83Tvr3Od818
Busca Otro Amor,Antonio Aguilar,Alma de Acero,https://music.youtube.com/watch?v=zTwBR2VJIt8
El Chivo,Antonio Aguilar,Alma de Acero,https://music.youtube.com/watch?v=EDC2H9c8fFk
El Moro De Cumpas,Antonio Aguilar,Alma de Acero,https://music.youtube.com/watch?v=fwETN8HBvGw
La Paloma Triste,Antonio Aguilar,Alma de Acero,https://music.youtube.com/watch?v=eF9iK2oyH7A
El Cantador,Antonio Aguilar,Corridos de Caballos Famosos,https://music.youtube.com/watch?v=7NSQkThb-yI
El Patas Blancas,Antonio Aguilar,Corridos de Caballos Famosos,https://music.youtube.com/watch?v=ae2n4ee3H-M
Caballo Alazán Lucero,Antonio Aguilar,Corridos de Caballos Famosos,https://music.youtube.com/watch?v=lkGXhSV412A
Adiós al As de Oros,Antonio Aguilar,Corridos de Caballos Famosos,https://music.youtube.com/watch?v=VMNtS8MfoU0
Caballo Prieto Azabache,Antonio Aguilar,Corridos de Caballos Famosos,https://music.youtube.com/watch?v=brHRIAK9A64
El Siete Leguas,Antonio Aguilar,Corridos de Caballos Famosos,https://music.youtube.com/watch?v=1iTIj8NpSYM
El Caballo Bayo,Antonio Aguilar,Corridos de Caballos Famosos,https://music.youtube.com/watch?v=_vYosRUji0c
El Grano de Oro,Antonio Aguilar,Corridos de Caballos Famosos,https://music.youtube.com/watch?v=5EdgHbpfj7E
El Alazán y el Rocío,Antonio Aguilar,Corridos de Caballos Famosos,https://music.youtube.com/watch?v=IHXg_r0CoUc
El Potro Lobo Gateado (La Yegua Colorada),Antonio Aguilar,Corridos de Caballos Famosos,https://music.youtube.com/watch?v=5-T7KVmVSOo
El Caballo Blanco,Antonio Aguilar,Corridos de Caballos Famosos,https://music.youtube.com/watch?v=1ZDk3tc3Mk4
Caballo Prieto Afamado,Antonio Aguilar,Corridos de Caballos Famosos,https://music.youtube.com/watch?v=eN20Cku8rbc
Copitas copitas,Antonio Aguilar,Yo El Aventurero,https://music.youtube.com/watch?v=3-L3AgszcEE
El alazán y el rocío,Antonio Aguilar,Yo El Aventurero,https://music.youtube.com/watch?v=IHXg_r0CoUc
A boca de jarro,Antonio Aguilar,Yo El Aventurero,https://music.youtube.com/watch?v=m0Vr8e6Iqa8
Si no me quieres no me martirices,Antonio Aguilar,Yo El Aventurero,https://music.youtube.com/watch?v=j2ViRyf9MG4
Estoy contigo,Antonio Aguilar,Yo El Aventurero,https://music.youtube.com/watch?v=C7FaD00OKqQ
Yo el aventurero,Antonio Aguilar,Yo El Aventurero,https://music.youtube.com/watch?v=Xk9rCO4vcEs
Laguna de pesares,Antonio Aguilar,Yo El Aventurero,https://music.youtube.com/watch?v=5SlsaX2Vgjk
Alta y delgadita,Antonio Aguilar,Yo El Aventurero,https://music.youtube.com/watch?v=Y-bgbCBBdfQ
El chivo,Antonio Aguilar,Yo El Aventurero,https://music.youtube.com/watch?v=EDC2H9c8fFk
La Elisa,Antonio Aguilar,Yo El Aventurero,https://music.youtube.com/watch?v=vNVUOojGH38
Ojitos verdes,Antonio Aguilar,Yo El Aventurero,https://music.youtube.com/watch?v=yVqFYHkazVc
La muerte,Antonio Aguilar,Yo El Aventurero,https://music.youtube.com/watch?v=KCc99GXq224
El Patas Blancas,Antonio Aguilar,El Patas Blancas,https://music.youtube.com/watch?v=ae2n4ee3H-M
La Mancornadora,Antonio Aguilar,El Patas Blancas,https://music.youtube.com/watch?v=ouPacPKFQjU
Albur de amor,Antonio Aguilar,El Patas Blancas,https://music.youtube.com/watch?v=HptYn5TR9c8
El siete de copas,Antonio Aguilar,El Patas Blancas,https://music.youtube.com/watch?v=n8i_w2NaYkM
Pa' todo el año,Antonio Aguilar,El Patas Blancas,https://music.youtube.com/watch?v=None
El Adolorido,Antonio Aguilar,El Patas Blancas,https://music.youtube.com/watch?v=HQw_KjedJ88
Preso me llevan,Antonio Aguilar,El Patas Blancas,https://music.youtube.com/watch?v=None
Yo ya me voy de mi tierra,Antonio Aguilar,El Patas Blancas,https://music.youtube.com/watch?v=gXbcoTpy8cc
El Revolucionario,Antonio Aguilar,El Patas Blancas,https://music.youtube.com/watch?v=None
M ranchito,Antonio Aguilar,El Patas Blancas,https://music.youtube.com/watch?v=None
Valentín de la sierra,Antonio Aguilar,El Patas Blancas,https://music.youtube.com/watch?v=_EpfIXMCYy4
El Norteño,Antonio Aguilar,El Patas Blancas,https://music.youtube.com/watch?v=TnpBKcHdrh0
Anillo Grabado,Antonio Aguilar,Anillo Grabado,https://music.youtube.com/watch?v=EoAwwMI0K5I
Échale Un Cinco Al Piano,"Antonio Aguilar, Flor Silvestre",Un Dueto Inolvidable,https://music.youtube.com/watch?v=QR2VFpUidng
Cruz De Olvido,"Flor Silvestre, Antonio Aguilar",Un Dueto Inolvidable,https://music.youtube.com/watch?v=57WsTeQnbB8
Te Parto El Alma (En Vivo),Flor Silvestre,Un Dueto Inolvidable,https://music.youtube.com/watch?v=Xw2G3mcLZsU
La Media Vuelta,"Antonio Aguilar, Flor Silvestre",Un Dueto Inolvidable,https://music.youtube.com/watch?v=3_U4MUgxImA
El Quelite,"Antonio Aguilar, Flor Silvestre",Un Dueto Inolvidable,https://music.youtube.com/watch?v=rb2t_QptyAM
Ambición,"Flor Silvestre, Antonio Aguilar",Un Dueto Inolvidable,https://music.youtube.com/watch?v=UKqBHEYSKls
Heraclio Bernal,"Flor Silvestre, Antonio Aguilar",Un Dueto Inolvidable,https://music.youtube.com/watch?v=Z6TpMzpYWhk
titulo,artistas,album,url
Soy Sierreño,"El As De La Sierra, El Halcon De La Sierra Jr",Unas Frias Y Unas Rolas,https://music.youtube.com/watch?v=H3iw5rd6rXs
Si Yo Fuera Dios,El As De La Sierra & Hugo Y Su Grupo Conectado,Unas Frias Y Unas Rolas,https://music.youtube.com/watch?v=RKJT6Jkydsg
LA Frontera,"El As De La Sierra, El Tacuache Y Su Banda Cerro Azul",Unas Frias Y Unas Rolas,https://music.youtube.com/watch?v=cogUtiCWa3I
Un Tecaton,El As De La Sierra,Unas Frias Y Unas Rolas,https://music.youtube.com/watch?v=pHtvibButMo
Caminos de Michoacán,El As De La Sierra,Unas Frias Y Unas Rolas,https://music.youtube.com/watch?v=wQ-IxhEr5Jk
Mis Dos Vicios,"El As De La Sierra, Aldo ""El Fuereno"", Miguel Y Miguel",Unas Frias Y Unas Rolas,https://music.youtube.com/watch?v=XTPpyummPGQ
Buscado En Chicago,El As De La Sierra & Montez de Durango,Unas Frias Y Unas Rolas,https://music.youtube.com/watch?v=VCFQBgbqOd8
Todo Esfuerzo Tiene Recompensa (Esfuerzo y Recompensa),"El As De La Sierra, El Blanco de Sinaloa",Unas Frias Y Unas Rolas,https://music.youtube.com/watch?v=XeP72RsMUM8
Pa' Los Coyotes Los Perros (feat. Banda Titanes Sinaloenses),El As De La Sierra & Nachito Hernandez Jr.,Unas Frias Y Unas Rolas,https://music.youtube.com/watch?v=Z2X3n4QSWlg
El Avión,"El As De La Sierra, Saul El Jaguar Alarcón",Unas Frias Y Unas Rolas,https://music.youtube.com/watch?v=Y5G9mQl6_oU
El Tremendo,El As De La Sierra,Unas Frias Y Unas Rolas,https://music.youtube.com/watch?v=IyXpgBlga5Q
Unas Frias Y Unas Rolas,"El As De La Sierra, El Lobo De Durango",Unas Frias Y Unas Rolas,https://music.youtube.com/watch?v=i9eRC2qE0p4
Narco Cumpleaños,El As De La Sierra,Unas Frias Y Unas Rolas,https://music.youtube.com/watch?v=9IRkrpa6JpM
Pacífico Triste (feat. Banda Titanes Sinaloenses),El As De La Sierra,Unas Frias Y Unas Rolas,https://music.youtube.com/watch?v=-EfxFz_3QPU
La Mafia Muere,"El As De La Sierra, El Lobo De Durango, Banda Titanes Sinaloenses",Unas Frias Y Unas Rolas,https://music.youtube.com/watch?v=4N8qI-HNVSQ
Sangre De Indio,"El As De La Sierra, Banda Titanes Sinaloenses",Unas Frias Y Unas Rolas,https://music.youtube.com/watch?v=xpnsSN6HnOg
Juan Ramos,El As De La Sierra,Unas Frias Y Unas Rolas,https://music.youtube.com/watch?v=sNJsUy9_k14
Modesta Ayala,El As De La Sierra,Unas Frias Y Unas Rolas,https://music.youtube.com/watch?v=pwR24q_vc5g
El Corrido Del Compa Jorge (feat. Banda Titanes Sinaloenses),El As De La Sierra,Unas Frias Y Unas Rolas,https://music.youtube.com/watch?v=TYraYQCzSsE
El Capo De Capos [Pacífico Triste] (feat. Banda Titanes Sinaloenses),El As De La Sierra,Unas Frias Y Unas Rolas,https://music.youtube.com/watch?v=t3ma7QpM7Nw
El Aguacate,"El As De La Sierra, Banda Titanes Sinaloenses",Unas Frias Y Unas Rolas,https://music.youtube.com/watch?v=tIyb1KWB2sQ
Gilberto Tapia,El As De La Sierra,Unas Frias Y Unas Rolas,https://music.youtube.com/watch?v=8deUkwbAQ90
A Cada Rato,"El As De La Sierra, Banda El Padrino",Unas Frias Y Unas Rolas,https://music.youtube.com/watch?v=ILawkxNr9hs
Dando Y Dando,"El As De La Sierra, Edgar Aguilar ""El Narquillo""",Unas Frias Y Unas Rolas,https://music.youtube.com/watch?v=kJshA0kF1W4
La Zopilota,"El As De La Sierra, Leonel El Ranchero",Unas Frias Y Unas Rolas,https://music.youtube.com/watch?v=N52kwpegrGo
Ojitos De Capulín,"El As De La Sierra, El Chalinillo",Unas Frias Y Unas Rolas,https://music.youtube.com/watch?v=E9DKlLyuLeA
Mi Linda Güerita,El As De La Sierra,27 Aniversario,https://music.youtube.com/watch?v=PBJUUstVqag
El Muchacho Alegre,El As De La Sierra,27 Aniversario,https://music.youtube.com/watch?v=7D6Nz5jOS7Y
Catarino y Los Rurales,El As De La Sierra,27 Aniversario,https://music.youtube.com/watch?v=uAv1b1JabKI
Entre Perico y Perico,El As De La Sierra,27 Aniversario,https://music.youtube.com/watch?v=NN6lOVpRRyo
Patron De Patrones,El As De La Sierra,27 Aniversario,https://music.youtube.com/watch?v=4sh_kpliJUs
De Esta Sierra a la Otra Sierra,El As De La Sierra,27 Aniversario,https://music.youtube.com/watch?v=3CRpy2FGJtw
Dicen Que Soy Traficante,El As De La Sierra,27 Aniversario,https://music.youtube.com/watch?v=MIR1tDt12vc
Alegre y Mujeriego,El As De La Sierra,27 Aniversario,https://music.youtube.com/watch?v=fHEvmyrg_Ps
La Loba del Mal,El As De La Sierra,27 Aniversario,https://music.youtube.com/watch?v=X_6WXoBGvmc
Mi Clavo,El As De La Sierra,27 Aniversario,https://music.youtube.com/watch?v=EWWMaKFlBLI
Regalo Caro,El As De La Sierra,27 Aniversario,https://music.youtube.com/watch?v=WC_d-OhohF8
Ya Después De Muerto,El As De La Sierra,27 Aniversario,https://music.youtube.com/watch?v=Fq7j9Y61nGk
El Ramalazo,El As De La Sierra,27 Aniversario,https://music.youtube.com/watch?v=IlQKDYwkQNo
Los Barandales,El As De La Sierra,27 Aniversario,https://music.youtube.com/watch?v=pbIUULhVcRE
707 Kilos,El As De La Sierra,27 Aniversario,https://music.youtube.com/watch?v=BPVKtEYM2Pg
Recordando A Maria,El As De La Sierra,27 Aniversario,https://music.youtube.com/watch?v=ck59SoUdJAg
Soy Malandrin,El As De La Sierra,27 Aniversario,https://music.youtube.com/watch?v=6ONBBhiLwLo
Los 3 De Zacatecas,El As De La Sierra,27 Aniversario,https://music.youtube.com/watch?v=zYQ9YNHd8ww
El Garbanzero,El As De La Sierra,27 Aniversario,https://music.youtube.com/watch?v=eizhUMk53yo
El Rayo de Sinaloa,El As De La Sierra,27 Aniversario,https://music.youtube.com/watch?v=BiOXYHB_E_4
El Periquero,El As De La Sierra,27 Aniversario,https://music.youtube.com/watch?v=9S0c-Bkt9q4
La Ram Colorada,El As De La Sierra,27 Aniversario,https://music.youtube.com/watch?v=m_NjjO95jwY
Vida Prestada,El As De La Sierra,27 Aniversario,https://music.youtube.com/watch?v=it7ajA0oTY8
Pobres Federales,El As De La Sierra,27 Aniversario,https://music.youtube.com/watch?v=qulfLGIY4dI
La Pasadita,El As De La Sierra,27 Aniversario,https://music.youtube.com/watch?v=u6niqvgeV9k
Claveles De Enero,El As De La Sierra,27 Aniversario,https://music.youtube.com/watch?v=UU5bskzO4tI
Somos Polvo Y Nomas,El As De La Sierra,27 Aniversario,https://music.youtube.com/watch?v=4v2cWomt-n0
Sierra De Badiraguato,El As De La Sierra,Corridos Canciones y Mis Lindas Güeritas,https://music.youtube.com/watch?v=bSRzeSOU-ZU
Mi Linda Güerita,El As De La Sierra,Corridos Canciones y Mis Lindas Güeritas,https://music.youtube.com/watch?v=PBJUUstVqag
Fiesta En Culiacán,El As De La Sierra,Corridos Canciones y Mis Lindas Güeritas,https://music.youtube.com/watch?v=RHGAikGL5PU
Claveles De Enero,El As De La Sierra,Corridos Canciones y Mis Lindas Güeritas,https://music.youtube.com/watch?v=UU5bskzO4tI
Penal De La Loma,El As De La Sierra,Corridos Canciones y Mis Lindas Güeritas,https://music.youtube.com/watch?v=8qxzC8kSc_8
Venganza Cumplida,El As De La Sierra,Corridos Canciones y Mis Lindas Güeritas,https://music.youtube.com/watch?v=-CY9OTOHQHs
Linda Güerita,El As De La Sierra,Corridos Canciones y Mis Lindas Güeritas,https://music.youtube.com/watch?v=oRCnS-94IpM
Serenata a Mi Reina,El As De La Sierra,Corridos Canciones y Mis Lindas Güeritas,https://music.youtube.com/watch?v=ibs1-gqk82A
Recordando a Maria,El As De La Sierra,Corridos Canciones y Mis Lindas Güeritas,https://music.youtube.com/watch?v=ck59SoUdJAg
El Chuma,El As De La Sierra,Corridos Canciones y Mis Lindas Güeritas,https://music.youtube.com/watch?v=AV8uabLXbGI
Mi Ultimo Contrabando,El Halcon de La Sierra,Dos Grandes A Dueto,https://music.youtube.com/watch?v=fOMsNlHItXg
A Donde Vas Atanacio,El Halcon de La Sierra,Dos Grandes A Dueto,https://music.youtube.com/watch?v=6_C7WZzXn5Q
Descansa General,El Halcon de La Sierra,Dos Grandes A Dueto,https://music.youtube.com/watch?v=TTa6kWk7bLw
El Palomito,El Halcon de La Sierra,Dos Grandes A Dueto,https://music.youtube.com/watch?v=jr-IgJ2ybpg
Corrido del Compa Jorge,El Halcon de La Sierra,Dos Grandes A Dueto,https://music.youtube.com/watch?v=TYraYQCzSsE
El Niño de La Canasta,El Halcon de La Sierra,Dos Grandes A Dueto,https://music.youtube.com/watch?v=SZDkKTEyAmo
Falsa Ilusion,El Halcon de La Sierra,Dos Grandes A Dueto,https://music.youtube.com/watch?v=cchLIsjWPXE
Palomita A Donde Vas,El Halcon de La Sierra,Dos Grandes A Dueto,https://music.youtube.com/watch?v=d_hMLBiDhMA
A Cada Instante,El Halcon de La Sierra,Dos Grandes A Dueto,https://music.youtube.com/watch?v=KKGbVpMzdyk
Te Quiero Por Que Te Quiero,El Halcon de La Sierra,Dos Grandes A Dueto,https://music.youtube.com/watch?v=Y6WLrIOtk5E
Sin Rey Trono y Corona,El Halcon de La Sierra,Dos Grandes A Dueto,https://music.youtube.com/watch?v=ZmCT20LChEk
Ya Te Vi Ya Me Voy,El Halcon de La Sierra,Dos Grandes A Dueto,https://music.youtube.com/watch?v=2Mb4yXlFriQ
Treinta Años (Banda),El As De La Sierra,A Dueto Hermosisimo Lucero,https://music.youtube.com/watch?v=1Hwnq1vruH8
Alma Enamorada ( Banda),El As De La Sierra,A Dueto Hermosisimo Lucero,https://music.youtube.com/watch?v=mFS3EayDSvc
Tu y Las Nubes ( Banda),El As De La Sierra,A Dueto Hermosisimo Lucero,https://music.youtube.com/watch?v=w4TYHNiUuRA
Corazon de Oropel ( Banda),El As De La Sierra,A Dueto Hermosisimo Lucero,https://music.youtube.com/watch?v=WEPsXWCC6zY
El Tio ( Banda),El As De La Sierra,A Dueto Hermosisimo Lucero,https://music.youtube.com/watch?v=aGASLzS9OrU
Flor Margarita ( Banda),El As De La Sierra,A Dueto Hermosisimo Lucero,https://music.youtube.com/watch?v=TzR2ukLnlck
Frijolitos Pintos ( Banda ),El As De La Sierra,A Dueto Hermosisimo Lucero,https://music.youtube.com/watch?v=0UwGu0cMV34
Hermosisimo Lucero ( Banda),El As De La Sierra,A Dueto Hermosisimo Lucero,https://music.youtube.com/watch?v=u9SP92e_b90
La Rana Parada (Banda ),El As De La Sierra,A Dueto Hermosisimo Lucero,https://music.youtube.com/watch?v=Lcg8LBJqVL4
Las Nieves de Enero (Banda),El As De La Sierra,A Dueto Hermosisimo Lucero,https://music.youtube.com/watch?v=usROf34f1GQ
El Rayo de Sinaloa,El As De La Sierra,Enfiestados Con La Banda,https://music.youtube.com/watch?v=6cOmxpz56r4
Sabiendo Quien Era Yo,El As De La Sierra,Enfiestados Con La Banda,https://music.youtube.com/watch?v=GPeTLh3KaMg
Me Voy A Cortar Las Venas,El As De La Sierra,Enfiestados Con La Banda,https://music.youtube.com/watch?v=wG-B8f0usTs
El Rey de Mil Coronas,El As De La Sierra,Enfiestados Con La Banda,https://music.youtube.com/watch?v=rJQgHnU8NQo
Tu Delirio,El As De La Sierra,Enfiestados Con La Banda,https://music.youtube.com/watch?v=m9MtgC_H8Rs
Fue Tu Culpa,El As De La Sierra,Enfiestados Con La Banda,https://music.youtube.com/watch?v=uIf0waRsKSE
Mujer Mujer,El As De La Sierra,Enfiestados Con La Banda,https://music.youtube.com/watch?v=-_jaJ-ty_FI
El Complejo,El As De La Sierra,Enfiestados Con La Banda,https://music.youtube.com/watch?v=gSx4imERGh0
La Chupa Rosa,El As De La Sierra,Enfiestados Con La Banda,https://music.youtube.com/watch?v=bVHO2k1xKpQ
Me Moy Muy Lejos,El As De La Sierra,Enfiestados Con La Banda,https://music.youtube.com/watch?v=JAwUMrdEL3k
Comprendeme,El As De La Sierra,Enfiestados Con La Banda,https://music.youtube.com/watch?v=4NnpAdvduwQ
Disculpame,El As De La Sierra,Enfiestados Con La Banda,https://music.youtube.com/watch?v=CntKf5J9jN4
Relatos De Mi Vida,El As De La Sierra,Relatos De Mi Vida,https://music.youtube.com/watch?v=gZLnbgxQ1PA
Los Falsos Amigos,El As De La Sierra,Relatos De Mi Vida,https://music.youtube.com/watch?v=AKN2TQkdr0E
Entre Pinos y Barrancos,El As De La Sierra,Relatos De Mi Vida,https://music.youtube.com/watch?v=e0Q_y9yPB3s
El Compa Cebollo,El As De La Sierra,Relatos De Mi Vida,https://music.youtube.com/watch?v=hT3HW368BmY
Sembrando Hierbita Buena,El As De La Sierra,Relatos De Mi Vida,https://music.youtube.com/watch?v=M6FaoGkZnjY
El Envidioso (feat. El Mono De Sinaloa),El As De La Sierra,Relatos De Mi Vida,https://music.youtube.com/watch?v=FJj-h2DO7Ak
El Corrido de Eleodoro,El As De La Sierra,Relatos De Mi Vida,https://music.youtube.com/watch?v=JNc92UJtciE
Dentista de Los Artistas,El As De La Sierra,Relatos De Mi Vida,https://music.youtube.com/watch?v=3DGP9hwgyXA
La Costurera,El As De La Sierra,Relatos De Mi Vida,https://music.youtube.com/watch?v=jnvCKSbVZ0w
Carlo Mario (feat. El Mono De Sinaloa & Aldo El Fuereño),El As De La Sierra,Relatos De Mi Vida,https://music.youtube.com/watch?v=b6VPt_Zk9KE
Se Fue Mi Padre,El As De La Sierra,Relatos De Mi Vida,https://music.youtube.com/watch?v=Mbvvec1Eqts
El Compa David,El As De La Sierra,Relatos De Mi Vida,https://music.youtube.com/watch?v=dy1fwWCPpVg
Soldado Hispanoamericano,El As De La Sierra,Relatos De Mi Vida,https://music.youtube.com/watch?v=0RhY84L7KsM
Secuestro Truncado,El As De La Sierra,Relatos De Mi Vida,https://music.youtube.com/watch?v=X4rultbPIM4
La Ultima Cena,El As De La Sierra,Relatos De Mi Vida,https://music.youtube.com/watch?v=Yu7kP_QVKVY
Tu Desastre,El As De La Sierra,Relatos De Mi Vida,https://music.youtube.com/watch?v=2ceI0O21oII
Arboles de la Barranca,El As De La Sierra,El Chubasco,https://music.youtube.com/watch?v=8_PYdECIG-s
Caballo de Pancho Villa,El As De La Sierra,El Chubasco,https://music.youtube.com/watch?v=SyWHdCV-HjU
El Chubasco,El As De La Sierra,El Chubasco,https://music.youtube.com/watch?v=ch_WrmGIC_g
Flor De Capomo,El As De La Sierra,El Chubasco,https://music.youtube.com/watch?v=QMjBfwXdJWE
Flor Hermosa,El As De La Sierra,El Chubasco,https://music.youtube.com/watch?v=LRoDxw0-KQs
Juventino Quintero,El As De La Sierra,El Chubasco,https://music.youtube.com/watch?v=pzlRIdLZuXY
La Bamba,El As De La Sierra,El Chubasco,https://music.youtube.com/watch?v=7d9w5wqv2to
La Feria de las Flores,El As De La Sierra,El Chubasco,https://music.youtube.com/watch?v=L29bIjmCu0k
La Jessy,El As De La Sierra,El Chubasco,https://music.youtube.com/watch?v=rkVqhBi0ao0
Pase y Pase,El As De La Sierra,El Chubasco,https://music.youtube.com/watch?v=bAWD-fy8q20
30 Cartas,El As De La Sierra,El Chubasco,https://music.youtube.com/watch?v=t9Xf-rf1o3I
Rigoberto Campos,El As De La Sierra,El Chubasco,https://music.youtube.com/watch?v=jpodSMn5dbE
Caballo R-15,El As De La Sierra,Jalando La Banda y Cantando a Dueto,https://music.youtube.com/watch?v=Wnb6mnj7SIM
Las Higueras,El As De La Sierra,Jalando La Banda y Cantando a Dueto,https://music.youtube.com/watch?v=JqhAeyxbayk
Corrido de Armando,El As De La Sierra,Jalando La Banda y Cantando a Dueto,https://music.youtube.com/watch?v=Pi5JeuAlXoU
Tino Gonzalez,El As De La Sierra,Jalando La Banda y Cantando a Dueto,https://music.youtube.com/watch?v=3g7K045F98A
El Troquero,El As De La Sierra,Jalando La Banda y Cantando a Dueto,https://music.youtube.com/watch?v=gQbgpx5ppRM
Los Tres Muchachos,El As De La Sierra,Jalando La Banda y Cantando a Dueto,https://music.youtube.com/watch?v=ausRYBfiC4o
La Rubia y La Morena,El As De La Sierra,Jalando La Banda y Cantando a Dueto,https://music.youtube.com/watch?v=ny3JkPM4Kjg
Margarita Margarita,El As De La Sierra,Jalando La Banda y Cantando a Dueto,https://music.youtube.com/watch?v=hDwhx6DFTfU
Ingrato Amor,El As De La Sierra,Jalando La Banda y Cantando a Dueto,https://music.youtube.com/watch?v=g5Y_0o6URlk
Anillo Grabado,El As De La Sierra,Jalando La Banda y Cantando a Dueto,https://music.youtube.com/watch?v=gJhz0wLYL8E
Moneda Sin Valor,El As De La Sierra,Jalando La Banda y Cantando a Dueto,https://music.youtube.com/watch?v=fzy9TuWf19w
Cuentame Todas Tus Penas,El As De La Sierra,Jalando La Banda y Cantando a Dueto,https://music.youtube.com/watch?v=FUrgyGWXPi0
Comprendeme ( Banda),El As De La Sierra,El Rey de Mil Coronas,https://music.youtube.com/watch?v=ICilbHVG9ks
Disculpame Mi Vida ( Banda),El As De La Sierra,El Rey de Mil Coronas,https://music.youtube.com/watch?v=NYnViCBbH08
El Complejo ( Banda),El As De La Sierra,El Rey de Mil Coronas,https://music.youtube.com/watch?v=myygE-EdRyA
El Rayo de Sinaloa ( Banda),El As De La Sierra,El Rey de Mil Coronas,https://music.youtube.com/watch?v=ptfYjDOyTKc
El Rey de Mil Coronas ( Banda),El As De La Sierra,El Rey de Mil Coronas,https://music.youtube.com/watch?v=jpDWq63sx8g
Fue Tu Culpa ( Banda),El As De La Sierra,El Rey de Mil Coronas,https://music.youtube.com/watch?v=Ssh8FkEPQVs
La Chuparrosa ( Banda ),El As De La Sierra,El Rey de Mil Coronas,https://music.youtube.com/watch?v=qhANz4jOif0
Me Voy A Cortar Las Venas ( Banda),El As De La Sierra,El Rey de Mil Coronas,https://music.youtube.com/watch?v=eIAVHEpCuAY
Me Voy Muy Lejos ( Banda),El As De La Sierra,El Rey de Mil Coronas,https://music.youtube.com/watch?v=IXVx7gL2KjY
Mujer Mujer ( Banda),El As De La Sierra,El Rey de Mil Coronas,https://music.youtube.com/watch?v=VbMaiD7gky0
Sabiendo Quien Era Yo ( Banda),El As De La Sierra,El Rey de Mil Coronas,https://music.youtube.com/watch?v=VRtN_bIczuY
Tu Delirio ( Banda),El As De La Sierra,El Rey de Mil Coronas,https://music.youtube.com/watch?v=itYD1ptkA-o
La Última Misión,El As De La Sierra,La Última Misión,https://music.youtube.com/watch?v=vwjo7Hx8DCw
Me Pego La Gana,"El As De La Sierra, Banda La Costeña",La Última Misión,https://music.youtube.com/watch?v=rxtJ-YqMgJA
Mas Cabron Que Bonito,El As De La Sierra,La Última Misión,https://music.youtube.com/watch?v=PuKydqyUATI
Tus XV Años,El As De La Sierra,La Última Misión,https://music.youtube.com/watch?v=-mB1WyIB2kU
Tus XV Años,El As De La Sierra,Tus XV Años,https://music.youtube.com/watch?v=-mB1WyIB2kU
El Compa Alex,El As De La Sierra,El Compa Alex,https://music.youtube.com/watch?v=2t0LugjmFY4
La Caspa del Diablo ( Banda),Los Originales De San Juan,La Caspa del Diablo ( Banda),https://music.youtube.com/watch?v=4op8hrOrUXs
Unas Frias Y Unas Rolas,El As De La Sierra,Unas Frias Y Unas Rolas,https://music.youtube.com/watch?v=i9eRC2qE0p4
La Zopilota,El As De La Sierra,La Zopilota,https://music.youtube.com/watch?v=N52kwpegrGo
Soy Sierreño,El As De La Sierra,Soy Sierreño,https://music.youtube.com/watch?v=H3iw5rd6rXs
LA Frontera,El As De La Sierra,LA Frontera,https://music.youtube.com/watch?v=cogUtiCWa3I
Me Sacaron del Tenampa,El Lobo De Durango,Me Sacaron del Tenampa,https://music.youtube.com/watch?v=ZAFaBJB0F6U
Si Yo Fuera Dios,El As De La Sierra & Hugo Y Su Grupo Conectado,Si Yo Fuera Dios,https://music.youtube.com/watch?v=RKJT6Jkydsg
Mis Dos Vicios,"El As De La Sierra, Aldo ""El Fuereno"", Miguel Y Miguel",Si Yo Fuera Dios,https://music.youtube.com/watch?v=XTPpyummPGQ
Ojitos De Capulín,"El As De La Sierra, El Chalinillo",Si Yo Fuera Dios,https://music.youtube.com/watch?v=E9DKlLyuLeA
Todo Esfuerzo Tiene Recompensa (Esfuerzo y Recompensa),"El As De La Sierra, El Blanco de Sinaloa",Si Yo Fuera Dios,https://music.youtube.com/watch?v=XeP72RsMUM8
titulo,artistas,album,url
No Pasa Que Pase,Banda MS de Sergio Lizárraga,Edición Limitada,https://music.youtube.com/watch?v=Wpm6gJ54dXo
Estás Cancelada,Banda MS de Sergio Lizárraga,Edición Limitada,https://music.youtube.com/watch?v=shzRoDw36JY
Según Tú,Banda MS de Sergio Lizárraga,Edición Limitada,https://music.youtube.com/watch?v=penbQlydH3Q
Mesa Para Uno,Banda MS de Sergio Lizárraga,Edición Limitada,https://music.youtube.com/watch?v=4ZosqxTKaRQ
Amor Caro,Banda MS de Sergio Lizárraga,Edición Limitada,https://music.youtube.com/watch?v=I4-cD8warsY
Agárrate Fuerte,Banda MS de Sergio Lizárraga,Edición Limitada,https://music.youtube.com/watch?v=pvSdqcgr2ZE
Falta De Sesos,Banda MS de Sergio Lizárraga,Edición Limitada,https://music.youtube.com/watch?v=MX63rtjzu4w
Díganme Aferrado,Banda MS de Sergio Lizárraga,Edición Limitada,https://music.youtube.com/watch?v=oHcLcZWHuKo
Tu Perfume,Banda MS de Sergio Lizárraga,Edición Limitada,https://music.youtube.com/watch?v=mNeVoEKwuwk
Mamacita,Banda MS de Sergio Lizárraga,Edición Limitada,https://music.youtube.com/watch?v=qgKA5YtMJuw
Edición Limitada,Banda MS de Sergio Lizárraga,Edición Limitada,https://music.youtube.com/watch?v=As6SFenCiYU
Somos Lo Que Elegímos,Banda MS de Sergio Lizárraga,Edición Limitada,https://music.youtube.com/watch?v=u98rb-o3CmI
Tiempo,Banda MS de Sergio Lizárraga,Edición Limitada,https://music.youtube.com/watch?v=PkGmWg1-QjU
Pasa Tips,Banda MS de Sergio Lizárraga,Edición Limitada,https://music.youtube.com/watch?v=G8YH_XjZA1E
Mi Mayor Anhelo,Banda MS de Sergio Lizárraga,Rosas Y Bombones Con Banda MS,https://music.youtube.com/watch?v=WmlJHCzvs_Y
Sin Evidencia,Banda MS de Sergio Lizárraga,Rosas Y Bombones Con Banda MS,https://music.youtube.com/watch?v=rAxyl6-KI7o
Mi Olvido,Banda MS de Sergio Lizárraga,Rosas Y Bombones Con Banda MS,https://music.youtube.com/watch?v=NqKCT7St4XY
Amor Express,Banda MS de Sergio Lizárraga,Rosas Y Bombones Con Banda MS,https://music.youtube.com/watch?v=1NMH7R8E0ww
Sigue,Banda MS de Sergio Lizárraga,Rosas Y Bombones Con Banda MS,https://music.youtube.com/watch?v=hBPb5oFHLQ4
Pídeme Perdón,Banda MS de Sergio Lizárraga,Rosas Y Bombones Con Banda MS,https://music.youtube.com/watch?v=zgds0Hz57Vw
Increíble,Banda MS de Sergio Lizárraga,Rosas Y Bombones Con Banda MS,https://music.youtube.com/watch?v=95tv2yMLPqg
De Ti Enamorado,Banda MS de Sergio Lizárraga,Rosas Y Bombones Con Banda MS,https://music.youtube.com/watch?v=-3KoArVzRHs
Aquí Te Esperaré,Banda MS de Sergio Lizárraga,Rosas Y Bombones Con Banda MS,https://music.youtube.com/watch?v=99j5F23sNDg
Quisiera,Banda MS de Sergio Lizárraga,Rosas Y Bombones Con Banda MS,https://music.youtube.com/watch?v=jCHEExI_nTA
Duele,Banda MS de Sergio Lizárraga,Rosas Y Bombones Con Banda MS,https://music.youtube.com/watch?v=hSG4WLAptI8
Libre De Mí,Banda MS de Sergio Lizárraga,Rosas Y Bombones Con Banda MS,https://music.youtube.com/watch?v=hCnEkjkwlzw
Si No Te Tengo,Banda MS de Sergio Lizárraga,Rosas Y Bombones Con Banda MS,https://music.youtube.com/watch?v=3sL3Ylf0rU4
Al Despertar,Banda MS de Sergio Lizárraga,Rosas Y Bombones Con Banda MS,https://music.youtube.com/watch?v=ZeCs4fozgXE
Amor Enfermo,Banda MS de Sergio Lizárraga,Rosas Y Bombones Con Banda MS,https://music.youtube.com/watch?v=7oP9kZjmThQ
Me Toca A Mí,Banda MS de Sergio Lizárraga,Rosas Y Bombones Con Banda MS,https://music.youtube.com/watch?v=8n7U6tpNJaA
Te Amo,Banda MS de Sergio Lizárraga,Rosas Y Bombones Con Banda MS,https://music.youtube.com/watch?v=zKSCvPRECmU
Amor Fresa,Banda MS de Sergio Lizárraga,Rosas Y Bombones Con Banda MS,https://music.youtube.com/watch?v=_9-NOhVjAR4
Corazón,Banda MS de Sergio Lizárraga,Rosas Y Bombones Con Banda MS,https://music.youtube.com/watch?v=XY50VDlRkiY
Ayer La Vi Por La Calle,Banda MS de Sergio Lizárraga,Rosas Y Bombones Con Banda MS,https://music.youtube.com/watch?v=qnaAne-7k9c
Mi Mayor Anhelo,Banda Sinaloense MS de Sergio Lizárraga,Duelo Romántico,https://music.youtube.com/watch?v=WmlJHCzvs_Y
A Través Del Vaso,Banda Los Sebastianes De Saúl Plata,Duelo Romántico,https://music.youtube.com/watch?v=0E7KbIy0cIA
Sigue,Banda Sinaloense MS de Sergio Lizárraga,Duelo Romántico,https://music.youtube.com/watch?v=vgV62mIvrG8
Mi Meta Contigo,Banda Los Sebastianes De Saúl Plata,Duelo Romántico,https://music.youtube.com/watch?v=6_0-1iqykQY
Sin Evidencia,Banda Sinaloense MS de Sergio Lizárraga,Duelo Romántico,https://music.youtube.com/watch?v=4ysWtefJ4sM
En Eso No Quedamos,Banda Los Sebastianes De Saúl Plata,Duelo Romántico,https://music.youtube.com/watch?v=VMqEWtTM0AQ
Amor Express,Banda Sinaloense MS de Sergio Lizárraga,Duelo Romántico,https://music.youtube.com/watch?v=7v5AZYUg-s4
Indeleble,Banda Los Sebastianes De Saúl Plata,Duelo Romántico,https://music.youtube.com/watch?v=YnEbARbdwdM
Mi Olvido,Banda Sinaloense MS de Sergio Lizárraga,Duelo Romántico,https://music.youtube.com/watch?v=vz1oY1q-jYw
Cuánto A Que Te Olvido ,Banda Los Sebastianes De Saúl Plata,Duelo Romántico,https://music.youtube.com/watch?v=1cJWnO1Z5VQ
Increíble,Banda Sinaloense MS de Sergio Lizárraga,Duelo Romántico,https://music.youtube.com/watch?v=95tv2yMLPqg
Modo Incógnito,Banda Los Sebastianes De Saúl Plata,Duelo Romántico,https://music.youtube.com/watch?v=-jFop-Mw8m8
De Ti Enamorado,Banda Sinaloense MS de Sergio Lizárraga,Duelo Romántico,https://music.youtube.com/watch?v=56Y-gDGqHMU
Mi Eterno Amor Secreto,Banda Los Sebastianes De Saúl Plata,Duelo Romántico,https://music.youtube.com/watch?v=Z7WZWPbV1kc
Si No Te Tengo,Banda Sinaloense MS de Sergio Lizárraga,Duelo Romántico,https://music.youtube.com/watch?v=yqeDPHBlVm0
Se Me Olvidó Quererte,Banda Los Sebastianes De Saúl Plata,Duelo Romántico,https://music.youtube.com/watch?v=BFi8dorQXd8
Al Despertar,Banda Sinaloense MS de Sergio Lizárraga,Duelo Romántico,https://music.youtube.com/watch?v=ZeCs4fozgXE
Por Si No Recuerdas,Banda Los Sebastianes De Saúl Plata,Duelo Romántico,https://music.youtube.com/watch?v=eI2WMV4Wfb0
Te Amo,Banda Sinaloense MS de Sergio Lizárraga,Duelo Romántico,https://music.youtube.com/watch?v=0DpEj-grhcE
Dentro De Tu Corazón,Banda Los Sebastianes De Saúl Plata,Duelo Romántico,https://music.youtube.com/watch?v=flJyS9uxB8U
Navidad Rock,Banda MS de Sergio Lizárraga,Navidad con la MS,https://music.youtube.com/watch?v=UJMKEpbE0_I
Ya Se Empieza a Sentir la Magia,Banda MS de Sergio Lizárraga,Navidad con la MS,https://music.youtube.com/watch?v=Gtn9PD3Gujs
Alrededor del Árbol de Navidad,Banda MS de Sergio Lizárraga,Navidad con la MS,https://music.youtube.com/watch?v=BJ2os18YLvc
Ven a Cantar,Banda MS de Sergio Lizárraga,Navidad con la MS,https://music.youtube.com/watch?v=l8A_mTXKdW8
Paseo en Trineo,Banda MS de Sergio Lizárraga,Navidad con la MS,https://music.youtube.com/watch?v=4PsTq6Kp4IM
Noche de Paz,Banda MS de Sergio Lizárraga,Navidad con la MS,https://music.youtube.com/watch?v=-gwTA0oHhgo
Santa Claus Llegó a la Ciudad,Banda MS de Sergio Lizárraga,Navidad con la MS,https://music.youtube.com/watch?v=usNSaU9-9kE
Feliz Navidad,Banda MS de Sergio Lizárraga,Navidad con la MS,https://music.youtube.com/watch?v=AuliXtVUFpM
Frente a la Chimenea,Banda MS de Sergio Lizárraga,Navidad con la MS,https://music.youtube.com/watch?v=xHoU1wj7RW8
Mi Mayor Anhelo,Banda Sinaloense MS de Sergio Lizárraga,Lo Mejor De Dos Grandes,https://music.youtube.com/watch?v=WmlJHCzvs_Y
Derecho De Antigüedad,La Original Banda El Limón de Salvador Lizárraga,Lo Mejor De Dos Grandes,https://music.youtube.com/watch?v=abEC9VUEza0
Sigue,Banda Sinaloense MS de Sergio Lizárraga,Lo Mejor De Dos Grandes,https://music.youtube.com/watch?v=7c-QNuLjWds
Que Me Digan Loco,La Original Banda El Limón de Salvador Lizárraga,Lo Mejor De Dos Grandes,https://music.youtube.com/watch?v=ggWvKS4LMf8
Sin Evidencia,Banda Sinaloense MS de Sergio Lizárraga,Lo Mejor De Dos Grandes,https://music.youtube.com/watch?v=UD3G8O2v-mg
El Mejor Perfume,La Original Banda El Limón de Salvador Lizárraga,Lo Mejor De Dos Grandes,https://music.youtube.com/watch?v=72jiKymvDv4
Mi Olvido,Banda Sinaloense MS de Sergio Lizárraga,Lo Mejor De Dos Grandes,https://music.youtube.com/watch?v=y0Z9U2KJa4A
Al Menos,La Original Banda El Limón de Salvador Lizárraga,Lo Mejor De Dos Grandes,https://music.youtube.com/watch?v=qx91WuoQS5Q
Amor Express,Banda Sinaloense MS de Sergio Lizárraga,Lo Mejor De Dos Grandes,https://music.youtube.com/watch?v=S_ZvQF30-eE
Di Que Regresarás,La Original Banda El Limón de Salvador Lizárraga,Lo Mejor De Dos Grandes,https://music.youtube.com/watch?v=NVDGuF4iiB0
Increíble,Banda Sinaloense MS de Sergio Lizárraga,Lo Mejor De Dos Grandes,https://music.youtube.com/watch?v=95tv2yMLPqg
Si Pudiera,La Original Banda El Limón de Salvador Lizárraga,Lo Mejor De Dos Grandes,https://music.youtube.com/watch?v=eoX7mGz-rno
Te Equivocas,Banda Sinaloense MS de Sergio Lizárraga,Lo Mejor De Dos Grandes,https://music.youtube.com/watch?v=yYNK2pkzj1s
La Cama Destendida,La Original Banda El Limón de Salvador Lizárraga,Lo Mejor De Dos Grandes,https://music.youtube.com/watch?v=AcbG3h-Sf0s
De Ti Enamorado,Banda Sinaloense MS de Sergio Lizárraga,Lo Mejor De Dos Grandes,https://music.youtube.com/watch?v=7-6G5-Y4iLQ
Fruta Madura,La Original Banda El Limón de Salvador Lizárraga,Lo Mejor De Dos Grandes,https://music.youtube.com/watch?v=48zNy986agU
El Mechón,Banda Sinaloense MS de Sergio Lizárraga,Lo Mejor De Dos Grandes,https://music.youtube.com/watch?v=VXvk4MqzZ3s
El Primer Lugar,La Original Banda El Limón de Salvador Lizárraga,Lo Mejor De Dos Grandes,https://music.youtube.com/watch?v=iCOgEhiaiHo
Pídeme Perdón,Banda Sinaloense MS de Sergio Lizárraga,Lo Mejor De Dos Grandes,https://music.youtube.com/watch?v=wOF69jwZfWw
Hasta Mi Último Día,La Original Banda El Limón de Salvador Lizárraga,Lo Mejor De Dos Grandes,https://music.youtube.com/watch?v=GUSz0BZQSfs
El 24,Banda MS de Sergio Lizárraga,MS 20 Años,https://music.youtube.com/watch?v=FkH96iD7ZgM
Hombre De Ley,Banda MS de Sergio Lizárraga,MS 20 Años,https://music.youtube.com/watch?v=d5RFoN3GnAI
Qué Tal Se Siente,Banda MS de Sergio Lizárraga,MS 20 Años,https://music.youtube.com/watch?v=wxVhLx7FLlw
Chuy Y Mauricio,Banda MS de Sergio Lizárraga,MS 20 Años,https://music.youtube.com/watch?v=pN2tHmRX59A
La Troca Perrona,Banda MS de Sergio Lizárraga,MS 20 Años,https://music.youtube.com/watch?v=UuyEFNIeqZM
Traigo Perdida La Fe,Banda MS de Sergio Lizárraga,MS 20 Años,https://music.youtube.com/watch?v=KSy8Bg30cn0
La Raza Contenta,Banda MS de Sergio Lizárraga,MS 20 Años,https://music.youtube.com/watch?v=g1hQ-CucDTQ
El Caballero,Banda MS de Sergio Lizárraga,MS 20 Años,https://music.youtube.com/watch?v=EMpnwrBW-XQ
La Imagen De Malverde,Banda MS de Sergio Lizárraga,MS 20 Años,https://music.youtube.com/watch?v=pFVdGVO125A
Con Dinero Puedes,Banda MS de Sergio Lizárraga,MS 20 Años,https://music.youtube.com/watch?v=PvPEmH6kgcI
El Letrero,Banda MS de Sergio Lizárraga,MS 20 Años,https://music.youtube.com/watch?v=4COB8urTKKg
Está De Parranda El Jefe,Banda MS de Sergio Lizárraga,MS 20 Años,https://music.youtube.com/watch?v=v2e-nCVfyoU
El Águila Blanca,Banda MS de Sergio Lizárraga,MS 20 Años,https://music.youtube.com/watch?v=qAFV_AtALKA
El Abecedario,Banda MS de Sergio Lizárraga,MS 20 Años,https://music.youtube.com/watch?v=-rIyFmoZ2iQ
"Mujer, Mujer",Banda MS de Sergio Lizárraga,MS 20 Años,https://music.youtube.com/watch?v=vEf5Ex4jW-o
Los Plebes Atrevidos,Banda MS de Sergio Lizárraga,MS 20 Años,https://music.youtube.com/watch?v=HrHcJMzOeL4
Mi Mayor Anhelo,Banda MS,The Best Of,https://music.youtube.com/watch?v=WmlJHCzvs_Y
El 24 (Corrido),Banda MS,The Best Of,https://music.youtube.com/watch?v=xuaWlHCx5uU
Mi Olvido,Banda MS,The Best Of,https://music.youtube.com/watch?v=DqJDwhDDtZQ
Sin Evidencia,Banda MS,The Best Of,https://music.youtube.com/watch?v=Ny6rWAmCUb0
Sigue,Banda MS,The Best Of,https://music.youtube.com/watch?v=7i8lxWqAhcQ
De Ti Enamorado,Banda MS,The Best Of,https://music.youtube.com/watch?v=Xhs1bldKHD4
Increíble,Banda MS,The Best Of,https://music.youtube.com/watch?v=95tv2yMLPqg
Te Equivocas,Banda MS,The Best Of,https://music.youtube.com/watch?v=GC3f7Pnu_AQ
El Mechón,Banda MS,The Best Of,https://music.youtube.com/watch?v=pGlbhXmlUIc
La Última Sombra,Banda MS,The Best Of,https://music.youtube.com/watch?v=Qy-OUx3IcdQ
"Cahuates, Pistaches",Banda MS,The Best Of,https://music.youtube.com/watch?v=fULs1GFpkKE
El Patrón,Banda MS,The Best Of,https://music.youtube.com/watch?v=YZwTSdeumsE
Amor Express,Banda MS,The Best Of,https://music.youtube.com/watch?v=Q3zvK1hPgzg
Pídeme Perdón,Banda MS,The Best Of,https://music.youtube.com/watch?v=pVJ_W7QwI2I
Dicen Del Señor,Banda MS,The Best Of,https://music.youtube.com/watch?v=4gjth1kNTuU
Tan Bonita,Banda MS,The Best Of,https://music.youtube.com/watch?v=LTLw_Irger4
En Preparación,Banda MS,The Best Of,https://music.youtube.com/watch?v=M74n9A8hzM0
Si No Te Tengo,Banda MS,The Best Of,https://music.youtube.com/watch?v=K0o5LKuOk1s
Amor Fresa,Banda MS,The Best Of,https://music.youtube.com/watch?v=lFkMcf8gikQ
Al Despertar,Banda MS,The Best Of,https://music.youtube.com/watch?v=ZeCs4fozgXE
Brindemos Por El Presente,Banda MS de Sergio Lizárraga,PUNTO Y APARTE,https://music.youtube.com/watch?v=T94Wo9orqyA
Me Dejé Ir Con Todo,Banda MS de Sergio Lizárraga,PUNTO Y APARTE,https://music.youtube.com/watch?v=38ZYFJwGqLI
Gente Mentirosa,Banda MS de Sergio Lizárraga,PUNTO Y APARTE,https://music.youtube.com/watch?v=H2ki6qFFj4k
Qué Ganas De Volver,Banda MS de Sergio Lizárraga,PUNTO Y APARTE,https://music.youtube.com/watch?v=SrpvGOYX-b0
Punto Y Aparte,Banda MS de Sergio Lizárraga,PUNTO Y APARTE,https://music.youtube.com/watch?v=wkk3EMDlHAg
Te Lo Advertí,Banda MS de Sergio Lizárraga,PUNTO Y APARTE,https://music.youtube.com/watch?v=eyX-cZ1Wioo
Ya Tomé Y Tomé,Banda MS de Sergio Lizárraga,PUNTO Y APARTE,https://music.youtube.com/watch?v=ICo-h5mmMUc
Jalo,Banda MS de Sergio Lizárraga,PUNTO Y APARTE,https://music.youtube.com/watch?v=8JluWRI3GZQ
Ya No Eres Importante,Banda MS de Sergio Lizárraga,PUNTO Y APARTE,https://music.youtube.com/watch?v=RFfTFn7CEkY
Vivo Y Cabrón,Banda MS de Sergio Lizárraga,PUNTO Y APARTE,https://music.youtube.com/watch?v=V58GzbQuvbI
Labios Resecos,Banda MS de Sergio Lizárraga,PUNTO Y APARTE,https://music.youtube.com/watch?v=qfIq9Wrgm80
Otra,Banda MS de Sergio Lizárraga,PUNTO Y APARTE,https://music.youtube.com/watch?v=ndqOhoUAJHU
Nomás Imagina,Banda MS de Sergio Lizárraga,PUNTO Y APARTE,https://music.youtube.com/watch?v=0m2hFtyDd8c
Ahí Amarra Usted,Banda MS de Sergio Lizárraga,PUNTO Y APARTE,https://music.youtube.com/watch?v=nbksnVjAtkc
Mi Mayor Anhelo,Banda Sinaloense MS de Sergio Lizárraga,Las Retro Chingonas,https://music.youtube.com/watch?v=WmlJHCzvs_Y
Mi Olvido,Banda Sinaloense MS de Sergio Lizárraga,Las Retro Chingonas,https://music.youtube.com/watch?v=XqY7snYRg_Q
Sin Evidencia,Banda Sinaloense MS de Sergio Lizárraga,Las Retro Chingonas,https://music.youtube.com/watch?v=Yaaz4P2PAoc
De Ti Enamorado,Banda Sinaloense MS de Sergio Lizárraga,Las Retro Chingonas,https://music.youtube.com/watch?v=fyOx6VDZi_s
Increíble,Banda Sinaloense MS de Sergio Lizárraga,Las Retro Chingonas,https://music.youtube.com/watch?v=95tv2yMLPqg
El Patrón,Banda Sinaloense MS de Sergio Lizárraga,Las Retro Chingonas,https://music.youtube.com/watch?v=U_eaAPS_xNM
"Cahuates, Pistaches",Banda Sinaloense MS de Sergio Lizárraga,Las Retro Chingonas,https://music.youtube.com/watch?v=fULs1GFpkKE
Te Equivocas,Banda Sinaloense MS de Sergio Lizárraga,Las Retro Chingonas,https://music.youtube.com/watch?v=-VSOwEfRt-8
El 24 (Corrido),Banda Sinaloense MS de Sergio Lizárraga,Las Retro Chingonas,https://music.youtube.com/watch?v=xuaWlHCx5uU
La Última Sombra,Banda Sinaloense MS de Sergio Lizárraga,Las Retro Chingonas,https://music.youtube.com/watch?v=4P5AWaWABMo
El Mechón,Banda Sinaloense MS de Sergio Lizárraga,Las Retro Chingonas,https://music.youtube.com/watch?v=HYEXlfJGucY
Pídeme Perdón,Banda Sinaloense MS de Sergio Lizárraga,Las Retro Chingonas,https://music.youtube.com/watch?v=n3VTTwcMWjY
Amor Express,Banda Sinaloense MS de Sergio Lizárraga,Las Retro Chingonas,https://music.youtube.com/watch?v=CCNE1ZXtLwQ
En Preparación,Banda Sinaloense MS de Sergio Lizárraga,Las Retro Chingonas,https://music.youtube.com/watch?v=ynZVk4uB5LA
Tan Bonita,Banda Sinaloense MS de Sergio Lizárraga,Las Retro Chingonas,https://music.youtube.com/watch?v=ZgCQ24AZrmA
Sigue,Banda Sinaloense MS de Sergio Lizárraga,Las Retro Chingonas,https://music.youtube.com/watch?v=7XegdhL8dk8
Ayer La Vi Por La Calle (Ranchera),Banda Sinaloense MS de Sergio Lizárraga,Las Retro Chingonas,https://music.youtube.com/watch?v=xmxaqIYi0VA
Solo Un Día,Banda Sinaloense MS de Sergio Lizárraga,Las Retro Chingonas,https://music.youtube.com/watch?v=0q1AIJlpdPs
Si No Te Tengo,Banda Sinaloense MS de Sergio Lizárraga,Las Retro Chingonas,https://music.youtube.com/watch?v=fKer1WnokIA
Me Toca A Mí,Banda Sinaloense MS de Sergio Lizárraga,Las Retro Chingonas,https://music.youtube.com/watch?v=T6fJP0R3jFg
Te Amo,Banda Sinaloense MS de Sergio Lizárraga,Las Retro Chingonas,https://music.youtube.com/watch?v=6UfsVTymQJE
Dicen Del Señor,Banda Sinaloense MS de Sergio Lizárraga,Las Retro Chingonas,https://music.youtube.com/watch?v=5bR3nT7R_3g
Amor Fresa,Banda Sinaloense MS de Sergio Lizárraga,Las Retro Chingonas,https://music.youtube.com/watch?v=LGXJgegNtjA
El Ausente,Banda Sinaloense MS de Sergio Lizárraga,Las Retro Chingonas,https://music.youtube.com/watch?v=8AkXknJXIu0
Dos Mujeres,Banda Sinaloense MS de Sergio Lizárraga,Las Retro Chingonas,https://music.youtube.com/watch?v=opp_RHIrjqI
Aquí Te Esperaré,Banda Sinaloense MS de Sergio Lizárraga,Las Retro Chingonas,https://music.youtube.com/watch?v=wZPtKqbX-pg
Al Despertar (Balada),Banda Sinaloense MS de Sergio Lizárraga,Las Retro Chingonas,https://music.youtube.com/watch?v=ZeCs4fozgXE
Hay Ojitos,Banda Sinaloense MS de Sergio Lizárraga,Las Retro Chingonas,https://music.youtube.com/watch?v=Cu6X_sXIV7g
Amor Enfermo,Banda Sinaloense MS de Sergio Lizárraga,Las Retro Chingonas,https://music.youtube.com/watch?v=pKMURbUmYWg
Púdrete,Banda Sinaloense MS de Sergio Lizárraga,Las Retro Chingonas,https://music.youtube.com/watch?v=sqrEycOCu1U
Positivo (Versión Acústica),Banda MS de Sergio Lizárraga,Positivo (Versión Acústica),https://music.youtube.com/watch?v=GhJq44Rbdu8
Mejor Me Alejo (Versión Acústica),Banda MS de Sergio Lizárraga,Positivo (Versión Acústica),https://music.youtube.com/watch?v=RG-DaxmwWPE
Qué Fuimos (Versión Acústica),Banda MS de Sergio Lizárraga,Positivo (Versión Acústica),https://music.youtube.com/watch?v=EmxzZngYXxw
Mi Olvido (Versión Acústica),Banda MS de Sergio Lizárraga,Positivo (Versión Acústica),https://music.youtube.com/watch?v=Z9PlLe4qgzw
Te Amo (Versión Acústica),Banda MS de Sergio Lizárraga,Positivo (Versión Acústica),https://music.youtube.com/watch?v=W-RhGjPG0Io
Contacto Cero (Versión Acústica) (feat. Espinoza Paz),Banda MS de Sergio Lizárraga,Positivo (Versión Acústica),https://music.youtube.com/watch?v=YZ2Qzz2yYYs
No Me Pidas Perdón (Versión Acústica) (feat. Carlos Rivera),Banda MS de Sergio Lizárraga,Positivo (Versión Acústica),https://music.youtube.com/watch?v=eMYB59ZJH3w
No Me Veo Con Alguien Más (Versión Acústica),Banda MS de Sergio Lizárraga,Positivo (Versión Acústica),https://music.youtube.com/watch?v=afybb1K94wE
¿Quién Pierde Más? (Versión Acústica) (feat. Joss Favela),Banda MS de Sergio Lizárraga,Positivo (Versión Acústica),https://music.youtube.com/watch?v=fMrpNfQvMSk
Tratando de Sobrevivir (Versión Acústica),Banda MS de Sergio Lizárraga,Positivo (Versión Acústica),https://music.youtube.com/watch?v=eUkTY-XjJk4
No Elegí Conocerte (Versión Acústica),Banda MS de Sergio Lizárraga,Positivo (Versión Acústica),https://music.youtube.com/watch?v=tvhkofdWX5M
Cerrando Ciclos (Versión Acústica),Banda MS de Sergio Lizárraga,Positivo (Versión Acústica),https://music.youtube.com/watch?v=LuLfK-PD_z0
Solo Con Verte (Versión Acústica),Banda MS de Sergio Lizárraga,Positivo (Versión Acústica),https://music.youtube.com/watch?v=iqnziSRAs8U
Por Siempre Mi Amor (Versión Acústica) (feat. Natalia Jiménez),Banda MS de Sergio Lizárraga,Positivo (Versión Acústica),https://music.youtube.com/watch?v=F5sYvS7TQSY
A lo Mejor (Versión Acústica),Banda MS de Sergio Lizárraga,Positivo (Versión Acústica),https://music.youtube.com/watch?v=RG-DaxmwWPE
Tu Postura (Versión Acústica),Banda MS de Sergio Lizárraga,Positivo (Versión Acústica),https://music.youtube.com/watch?v=bmxskZVbqjE
El Color de Tus Ojos (Versión Acústica),Banda MS de Sergio Lizárraga,Positivo (Versión Acústica),https://music.youtube.com/watch?v=EwgSqkDaHhk
Al Despertar (Versión Acústica),Banda MS de Sergio Lizárraga,Positivo (Versión Acústica),https://music.youtube.com/watch?v=YxLnx5-wYRo
Mi Mayor Anhelo (Versión Acústica),Banda MS de Sergio Lizárraga,Positivo (Versión Acústica),https://music.youtube.com/watch?v=hfhpwu7YBTc
Pensé En Ti,Banda MS de Sergio Lizárraga,Pensé En Ti,https://music.youtube.com/watch?v=UyPbk4o95gE
Regalo de la Vida,Banda MS de Sergio Lizárraga,Regalo de la Vida,https://music.youtube.com/watch?v=lDr5VpdsTw0
Sin Evidencias (REMASTERIZADO),Banda MS de Sergio Lizárraga,Sin Evidencias (REMASTERIZADO),https://music.youtube.com/watch?v=Np5_yvHHuaA
Mi Olvido (REMASTERIZADO),Banda MS de Sergio Lizárraga,Mi Olvido (REMASTERIZADO),https://music.youtube.com/watch?v=zTVHJOVJiF0
Mi Razón de Ser (REMASTERIZADO),Banda MS de Sergio Lizárraga,Mi Razón de Ser (REMASTERIZADO),https://music.youtube.com/watch?v=iFMIVWXYMfc
Sé Sincera Corazón (feat. El Mimoso Luis Antonio López),Banda MS de Sergio Lizárraga,Sé Sincera Corazón (feat. El Mimoso Luis Antonio López),https://music.youtube.com/watch?v=ssLHZKFqQRo
Mesa Para Uno,Banda MS de Sergio Lizárraga,Mesa Para Uno,https://music.youtube.com/watch?v=4ZosqxTKaRQ
Soy de Mazatlán,Banda MS de Sergio Lizárraga,Soy de Mazatlán,https://music.youtube.com/watch?v=YbeB7Wdijrw
La Bikina,Banda MS de Sergio Lizárraga,La Bikina,https://music.youtube.com/watch?v=HEKkxhvyKMk
Pasa Tips,Banda MS de Sergio Lizárraga,Pasa Tips,https://music.youtube.com/watch?v=G8YH_XjZA1E
titulo,artistas,album,url
Afuera,Caifanes,El Nervio Del Volcan,https://music.youtube.com/watch?v=bO0SP0BFT3s
Miedo,Caifanes,El Nervio Del Volcan,https://music.youtube.com/watch?v=AsL9lKmyg-c
Aquí No Es Así,Caifanes,El Nervio Del Volcan,https://music.youtube.com/watch?v=RA31N43EXaI
Ayer Me Dijo un Ave,Caifanes,El Nervio Del Volcan,https://music.youtube.com/watch?v=ZBhK__BQhbw
Hasta Que Dejes de Respirar,Caifanes,El Nervio Del Volcan,https://music.youtube.com/watch?v=76hcCKZAX58
Aviéntame,Caifanes,El Nervio Del Volcan,https://music.youtube.com/watch?v=Or-iNEWFGQ0
El Animal,Caifanes,El Nervio Del Volcan,https://music.youtube.com/watch?v=OCwn8YNFaCQ
Quisiera Ser Alcohol,Caifanes,El Nervio Del Volcan,https://music.youtube.com/watch?v=V9p6AzJF5iw
Pero Nunca Me Caí,Caifanes,El Nervio Del Volcan,https://music.youtube.com/watch?v=MRyG0uSwsVE
El Año Del Dragón,Caifanes,El Nervio Del Volcan,https://music.youtube.com/watch?v=-Z50LMnmiJc
La Llorona,Caifanes,El Nervio Del Volcan,https://music.youtube.com/watch?v=USIrrN8ApGQ
Metamorféame,Caifanes,El Silencio,https://music.youtube.com/watch?v=HjkToJ1IG3Y
Nubes,Caifanes,El Silencio,https://music.youtube.com/watch?v=2vbeNshimz8
Piedra,Caifanes,El Silencio,https://music.youtube.com/watch?v=Y6ayVI5xlRY
Tortuga,Caifanes,El Silencio,https://music.youtube.com/watch?v=FPW4V3ZxtPM
Nos Vamos Juntos,Caifanes,El Silencio,https://music.youtube.com/watch?v=wfZCkhqeXSE
No Dejes Que...,Caifanes,El Silencio,https://music.youtube.com/watch?v=logxhjzWnqc
Hasta Morir,Caifanes,El Silencio,https://music.youtube.com/watch?v=O-QNbGKPV0o
Debajo de Tu Piel,Caifanes,El Silencio,https://music.youtube.com/watch?v=fNw-EcVwIKs
Estás Dormida,Caifanes,El Silencio,https://music.youtube.com/watch?v=4dDZHtk8Ies
Miércoles de Ceniza,Caifanes,El Silencio,https://music.youtube.com/watch?v=32uQlZ0am60
El Comunicador,Caifanes,El Silencio,https://music.youtube.com/watch?v=4WfQZO5WnxM
Para Que No Digas Que No Pienso en Ti,Caifanes,El Silencio,https://music.youtube.com/watch?v=4epuvWo_a60
Vamos a Hacer un Silencio,Caifanes,El Silencio,https://music.youtube.com/watch?v=yz75CEuwVdw
Mariquita,Caifanes,El Silencio,https://music.youtube.com/watch?v=ndC1XU-CdMY
Detrás de Ti,Caifanes,El Diablito,https://music.youtube.com/watch?v=QYDGkGTYtvU
Antes de Que Nos Olviden,Caifanes,El Diablito,https://music.youtube.com/watch?v=OMDxJS5wBTI
La Vida No Es Eterna,Caifanes,El Diablito,https://music.youtube.com/watch?v=WLo87EC_Peg
De Noche Todos los Gatos Son Pardos,Caifanes,El Diablito,https://music.youtube.com/watch?v=yID-L9rIBTs
Sombras en Tiempos Perdidos,Caifanes,El Diablito,https://music.youtube.com/watch?v=X8kUvjfBeeY
El Negro Cósmico,Caifanes,El Diablito,https://music.youtube.com/watch?v=cecQyZkyxnU
La Célula Que Explota,Caifanes,El Diablito,https://music.youtube.com/watch?v=A6j6lD2B-f8
Aquí No Pasa Nada,Caifanes,El Diablito,https://music.youtube.com/watch?v=d5WpUu-aYAo
Los Dioses Ocultos,Caifanes,El Diablito,https://music.youtube.com/watch?v=HoLutmvQ74Y
El Elefante,Caifanes,El Diablito,https://music.youtube.com/watch?v=yvJoPc5jEK4
Amárrate a una Escoba y Vuela Lejos,Caifanes,El Diablito,https://music.youtube.com/watch?v=ZitLyeBvmYw
Mátenme Porque Me Muero,Caifanes,Caifanes,https://music.youtube.com/watch?v=YQQLlPEeXhE
Te Estoy Mirando,Caifanes,Caifanes,https://music.youtube.com/watch?v=8g55BiT4mJ8
La Negra Tomasa (Bilongo - Versión Tropical),Caifanes,Caifanes,https://music.youtube.com/watch?v=_EB38Ymgrho
Cuéntame Tu Vida,Caifanes,Caifanes,https://music.youtube.com/watch?v=J5Myntp0snM
Será por Eso,Caifanes,Caifanes,https://music.youtube.com/watch?v=GXfCjf7_QrQ
Viento,Caifanes,Caifanes,https://music.youtube.com/watch?v=Te4FE9fNcSU
Nunca Me Voy a Transformar En Ti,Caifanes,Caifanes,https://music.youtube.com/watch?v=vd9ANw8B_04
Perdí Mi Ojo de Venado,Caifanes,Caifanes,https://music.youtube.com/watch?v=VTIm_Bk5g2g
Amanece,Caifanes,Caifanes,https://music.youtube.com/watch?v=6f7ocVO65Uc
La Bestia Humana,Caifanes,Caifanes,https://music.youtube.com/watch?v=fxLjzRFyx3U
Nada,Caifanes,Caifanes,https://music.youtube.com/watch?v=h7MA0iTY2CM
Mátenme Porque Me Muero,Caifanes,A 25 Años,https://music.youtube.com/watch?v=YQQLlPEeXhE
La Célula Que Explota,Caifanes,A 25 Años,https://music.youtube.com/watch?v=A6j6lD2B-f8
El Comunicador,Caifanes,A 25 Años,https://music.youtube.com/watch?v=4WfQZO5WnxM
Los Dioses Ocultos,Caifanes,A 25 Años,https://music.youtube.com/watch?v=HoLutmvQ74Y
No Dejes Que...,Caifanes,A 25 Años,https://music.youtube.com/watch?v=logxhjzWnqc
Afuera,Caifanes,A 25 Años,https://music.youtube.com/watch?v=bO0SP0BFT3s
Antes de Que Nos Olviden,Caifanes,A 25 Años,https://music.youtube.com/watch?v=OMDxJS5wBTI
Viento,Caifanes,A 25 Años,https://music.youtube.com/watch?v=Te4FE9fNcSU
Nubes,Caifanes,A 25 Años,https://music.youtube.com/watch?v=2vbeNshimz8
Aquí No Es Así,Caifanes,A 25 Años,https://music.youtube.com/watch?v=RA31N43EXaI
Perdí Mi Ojo de Venado,Caifanes,A 25 Años,https://music.youtube.com/watch?v=VTIm_Bk5g2g
Miércoles de Ceniza,Caifanes,A 25 Años,https://music.youtube.com/watch?v=32uQlZ0am60
Aviéntame,Caifanes,A 25 Años,https://music.youtube.com/watch?v=Or-iNEWFGQ0
Piedra,Caifanes,A 25 Años,https://music.youtube.com/watch?v=Y6ayVI5xlRY
La Negra Tomasa (Bilongo - Versión Tropical),Caifanes,A 25 Años,https://music.youtube.com/watch?v=_EB38Ymgrho
Y Caíste,Caifanes,Y Caíste,https://music.youtube.com/watch?v=ygSFrLlrR1Y
Sólo Eres Tú,Caifanes,Sólo Eres Tú,https://music.youtube.com/watch?v=2FUyzWbsIFc
Heridos,Caifanes,Heridos,https://music.youtube.com/watch?v=lQNblV9OAOU
titulo,artistas,album,url
Ahí Les Voy,Carlos Y Jose Jr,10 ANIVERSARIO,https://music.youtube.com/watch?v=UCMvWlxqRC8
La Última Llamada,Carlos Y Jose Jr,10 ANIVERSARIO,https://music.youtube.com/watch?v=CMPI7X7Y8WQ
La Culpa Es Mía,Carlos Y Jose Jr,10 ANIVERSARIO,https://music.youtube.com/watch?v=DzXKQfOWF4Y
Tus Maravillas,Carlos Y Jose Jr,10 ANIVERSARIO,https://music.youtube.com/watch?v=eka7ry09sjo
Mi Estilo,Carlos Y Jose Jr,10 ANIVERSARIO,https://music.youtube.com/watch?v=slJr0K0ryqA
Amor Sagrado,Carlos Y Jose Jr,10 ANIVERSARIO,https://music.youtube.com/watch?v=bXwU3CEDAIM
Aquí Estoy Yo,Carlos Y Jose Jr,10 ANIVERSARIO,https://music.youtube.com/watch?v=HegqDQmLbqk
El Patron,Carlos Y Jose Jr,10 ANIVERSARIO,https://music.youtube.com/watch?v=bPWl8AeaxzU
Quien Salió Ganando,Carlos Y Jose Jr,10 ANIVERSARIO,https://music.youtube.com/watch?v=TA74ldgUef8
La Última Gota,Carlos Y Jose Jr,10 ANIVERSARIO,https://music.youtube.com/watch?v=M9Qxx3hjglU
Con la Misma Vara (Ranchero),Carlos y José,Con Banda,https://music.youtube.com/watch?v=8QX6QXGy9X8
Homenaje a Adán Chalino (Corrido),Carlos y José,Con Banda,https://music.youtube.com/watch?v=of91lrhBbXU
Puerta Quemada (Ranchero),Carlos y José,Con Banda,https://music.youtube.com/watch?v=cb-1L0e7ZPw
Golpe de Muerte (Corrido),Carlos y José,Con Banda,https://music.youtube.com/watch?v=_JuuZNpQGlo
La Guerra de Dos Naciones (Cumbia),Carlos y José,Con Banda,https://music.youtube.com/watch?v=23aDMbe5pIw
El Toro Mecánico (Ranchero),Carlos y José,Con Banda,https://music.youtube.com/watch?v=NJJXApYWib0
Ya Perdí la Mujer (Corrido),Carlos y José,Con Banda,https://music.youtube.com/watch?v=GMZp4_LOi8s
La Promesa de un Hijo (Corrido),Carlos y José,Con Banda,https://music.youtube.com/watch?v=heVQ7pIDsGw
En las Puertas de la Carcel (Corrido),Carlos y José,Con Banda,https://music.youtube.com/watch?v=k-7tRqCgtNM
La Alumna y la Profesora (Corrido),Carlos y José,Con Banda,https://music.youtube.com/watch?v=9QjqH5EeCC8
Antonio Peralta (Corrido),Carlos y José,Con Banda,https://music.youtube.com/watch?v=-KJr4Wkz7tc
La Hija del Penal (Corrido),Carlos y José,Con Banda,https://music.youtube.com/watch?v=_29Xcs_f0sg
Con la Misma Vara (Norteño),Carlos y José,Con Banda,https://music.youtube.com/watch?v=o-fQ6deupRk
Zapateando en Tamaulipas,Carlos Y Jose,Puro Éxito y Más,https://music.youtube.com/watch?v=fFRfaP1dhd0
Los Coconitos,Carlos Y Jose,Puro Éxito y Más,https://music.youtube.com/watch?v=bzMWDDR7Sgs
La Promesa de un Hijo,Carlos Y Jose,Puro Éxito y Más,https://music.youtube.com/watch?v=0WLJmWeZ0iM
El Chanclazo,Carlos Y Jose,Puro Éxito y Más,https://music.youtube.com/watch?v=L8PH3M1814w
Una Viuda Con Dinero,Carlos Y Jose,Puro Éxito y Más,https://music.youtube.com/watch?v=WBZOZw4HCDI
Bebo y Brindo,Carlos Y Jose,Puro Éxito y Más,https://music.youtube.com/watch?v=fZIp09Jommg
Buscando a Mi Madre,Carlos Y Jose,Puro Éxito y Más,https://music.youtube.com/watch?v=WYyiv_S_eGg
El Olote,Carlos Y Jose,Puro Éxito y Más,https://music.youtube.com/watch?v=12oJlPN5l6w
Nomas 2 Puertas,Carlos Y Jose,Puro Éxito y Más,https://music.youtube.com/watch?v=jWAmdefQI6c
La Chaparrita,Carlos Y Jose,Puro Éxito y Más,https://music.youtube.com/watch?v=uCyDoKfwjrY
Fracaso de Amor,Carlos Y Jose,Puro Éxito y Más,https://music.youtube.com/watch?v=6aTgr_e_Z-A
Renunciacion,Carlos Y Jose,Puro Éxito y Más,https://music.youtube.com/watch?v=g0EG7w3xo3g
Trigeña Hermosa,Carlos y José,La Recien Casada,https://music.youtube.com/watch?v=wofPLztBaXE
Santos Cantu,Carlos y José,La Recien Casada,https://music.youtube.com/watch?v=8LIoWu5FG8A
La Viudita,Carlos y José,La Recien Casada,https://music.youtube.com/watch?v=WmvavwjAnhA
Echenme La Tierra Encima,Carlos y José,La Recien Casada,https://music.youtube.com/watch?v=iC8IHGx4900
Dos Seres Que se Aman,Carlos y José,La Recien Casada,https://music.youtube.com/watch?v=yAYrDTSJ4VQ
El Divorciado,Carlos y José,La Recien Casada,https://music.youtube.com/watch?v=K5Qfrvyja-o
La Recien Casada,Carlos y José,La Recien Casada,https://music.youtube.com/watch?v=N24Gvb6W9Yk
El Remedio,Carlos y José,La Recien Casada,https://music.youtube.com/watch?v=NLjnBaTth6Y
Eres Orgullosa,Carlos y José,La Recien Casada,https://music.youtube.com/watch?v=O94P28pLdSk
Las Tres Mujeres,Carlos y José,La Recien Casada,https://music.youtube.com/watch?v=w9tcSE3w3yA
Mujer Sin Nombre,Carlos y José,La Recien Casada,https://music.youtube.com/watch?v=LJHrz3Tpw5k
Hechicera,Carlos y José,La Recien Casada,https://music.youtube.com/watch?v=kjxIss2mLlc
El Rico Pobre,Carlos y José,La Recien Casada,https://music.youtube.com/watch?v=sAEHp4qcnXo
La Entalladita,Carlos y José,La Recien Casada,https://music.youtube.com/watch?v=Ea_GVCxiQTI
La Mesera,Luis Y Julián,Lo Mejor De Dos Grandes,https://music.youtube.com/watch?v=0ufSVMYDViU
Flor De Capomo,Carlos Y José,Lo Mejor De Dos Grandes,https://music.youtube.com/watch?v=z-Zly2L91fs
Era Cabrón El Viejo,Luis Y Julián,Lo Mejor De Dos Grandes,https://music.youtube.com/watch?v=o97k-EkNyvU
Amores Fingidos,Carlos Y José,Lo Mejor De Dos Grandes,https://music.youtube.com/watch?v=xQm67ZnLHPQ
Se Mamó El Becerro,Luis Y Julián,Lo Mejor De Dos Grandes,https://music.youtube.com/watch?v=XJ6nc1t4krQ
El Chubasco,Carlos Y José,Lo Mejor De Dos Grandes,https://music.youtube.com/watch?v=3yMWhXE0Wps
El Hijo De Su,Luis Y Julián,Lo Mejor De Dos Grandes,https://music.youtube.com/watch?v=qZCSGsu2EGA
Soy Albañil,Carlos Y José,Lo Mejor De Dos Grandes,https://music.youtube.com/watch?v=GIssQ61MONg
Chao Chao Amor,Luis Y Julián,Lo Mejor De Dos Grandes,https://music.youtube.com/watch?v=bUc7hFfof1E
Arboles De La Barranca,Carlos Y José,Lo Mejor De Dos Grandes,https://music.youtube.com/watch?v=QCxTQt1UhBU
El Viejo Trailero,Luis Y Julián,Lo Mejor De Dos Grandes,https://music.youtube.com/watch?v=Eg-SfTOrCEw
"Cielo Azul, Cielo Nublado",Carlos Y José,Lo Mejor De Dos Grandes,https://music.youtube.com/watch?v=L1qvKe87kOY
Misa De Cuerpo Presente,Luis Y Julián,Lo Mejor De Dos Grandes,https://music.youtube.com/watch?v=P_Ug5MY2A_g
El Corrido De La Amapola,Carlos Y José,Lo Mejor De Dos Grandes,https://music.youtube.com/watch?v=OasGG9y4aLk
Cabrón A La Griega,Luis Y Julián,Lo Mejor De Dos Grandes,https://music.youtube.com/watch?v=WNxWBa1TNIc
La Patrulla 05,Carlos Y José,Lo Mejor De Dos Grandes,https://music.youtube.com/watch?v=JcGknzHLL4Q
El Hijo Del Viejo,Luis Y Julián,Lo Mejor De Dos Grandes,https://music.youtube.com/watch?v=PXINWVitTqI
El Taxista Enamorado,Carlos Y José,Lo Mejor De Dos Grandes,https://music.youtube.com/watch?v=kffXiYGngF8
Hijos De La China Hilaria,Luis Y Julián,Lo Mejor De Dos Grandes,https://music.youtube.com/watch?v=0B-pd0oStkk
Que Tristeza Me Acompaña,Carlos Y José,Lo Mejor De Dos Grandes,https://music.youtube.com/watch?v=efXZxfsq0Xk
Al Cortar Un Mirasol,Carlos Y Jose,Puras Norteñitas,https://music.youtube.com/watch?v=thvZzHioG2A
Corrido De Las Potrancas,Carlos Y Jose,Puras Norteñitas,https://music.youtube.com/watch?v=rTPrC-pQF_U
El Caballo Bayo,Carlos Y Jose,Puras Norteñitas,https://music.youtube.com/watch?v=38LiwRvS8Ok
El Despertar De La Fiera,Carlos Y Jose,Puras Norteñitas,https://music.youtube.com/watch?v=JIZYdH3-IUE
El Divorcio De Zenaida,Carlos Y Jose,Puras Norteñitas,https://music.youtube.com/watch?v=bMiu_JIlAxo
El Gato,Carlos Y Jose,Puras Norteñitas,https://music.youtube.com/watch?v=GNAEqVpWxew
El Jaboncito,Carlos Y Jose,Puras Norteñitas,https://music.youtube.com/watch?v=_z8TPhP4DyY
La Loca,Carlos Y Jose,Puras Norteñitas,https://music.youtube.com/watch?v=ipZgiu2rO5s
Lucita,Carlos Y Jose,Puras Norteñitas,https://music.youtube.com/watch?v=u-WqWYROAnY
Luís Aguirre,Carlos Y Jose,Puras Norteñitas,https://music.youtube.com/watch?v=odVPPAjNHRc
Pajarito Prisionero,Carlos Y Jose,Puras Norteñitas,https://music.youtube.com/watch?v=dGGa1xkA5IE
Roberto Sandoval,Carlos Y Jose,Puras Norteñitas,https://music.youtube.com/watch?v=1fi5lrFtL9Y
San Juan Del Río,Carlos Y Jose,Puras Norteñitas,https://music.youtube.com/watch?v=C15NDu3mtbo
El Caminante,Carlos Y Jose,La Voz Incomparable,https://music.youtube.com/watch?v=kydPZfgYktI
Por Que Dios Mio,Carlos Y Jose,La Voz Incomparable,https://music.youtube.com/watch?v=gmkNUKY3jzg
Aguita de Maguey,Carlos Y Jose,La Voz Incomparable,https://music.youtube.com/watch?v=hU1HH3uHOvs
Mi Linda Sonia,Carlos Y Jose,La Voz Incomparable,https://music.youtube.com/watch?v=BHJ5RcPmWME
El Ultimo Adios,Carlos Y Jose,La Voz Incomparable,https://music.youtube.com/watch?v=giU2Sb0kWhI
Cerca del Mar,Carlos Y Jose,La Voz Incomparable,https://music.youtube.com/watch?v=speFmyRspVw
Cuando Se Pierde la Fe,Carlos Y Jose,La Voz Incomparable,https://music.youtube.com/watch?v=8syFNrufwps
El R1,Carlos Y Jose,La Voz Incomparable,https://music.youtube.com/watch?v=OPyvG-CsQIs
Chiquita,Carlos Y Jose,La Voz Incomparable,https://music.youtube.com/watch?v=IA12k7OZSzQ
Llora Llora,Carlos Y Jose,La Voz Incomparable,https://music.youtube.com/watch?v=v68zVW-66Us
Maldito Cancer,Carlos Y Jose,La Voz Incomparable,https://music.youtube.com/watch?v=vNe8i95GvOg
La Cumbia de Yajaira,Carlos Y Jose,La Voz Incomparable,https://music.youtube.com/watch?v=gfOmWTFhcDw
Recordando a José Rodríguez,Carlos Y Jose,La Voz Incomparable,https://music.youtube.com/watch?v=mUk2QAtnzWY
Deuda Ajena (Norteño),Carlos y Jose,Historia Norteña (Norteño),https://music.youtube.com/watch?v=rCootNqqDfM
El Viajero (Norteño),Carlos y Jose,Historia Norteña (Norteño),https://music.youtube.com/watch?v=TIB6JmpRq-A
La Esquina (Norteño),Carlos y Jose,Historia Norteña (Norteño),https://music.youtube.com/watch?v=Nz2SmZroSYY
La Indita (Norteño),Carlos y Jose,Historia Norteña (Norteño),https://music.youtube.com/watch?v=BECvlwp_96o
Paty (Norteño),Carlos y Jose,Historia Norteña (Norteño),https://music.youtube.com/watch?v=iQfQT_nKtF8
Buscado (Norteño),Los Pumas del Norte,Historia Norteña (Norteño),https://music.youtube.com/watch?v=yoKHIzSpJJQ
Escrito Estaba (Norteño),Los Pumas del Norte,Historia Norteña (Norteño),https://music.youtube.com/watch?v=tO8dorSVTYs
Mi Dama (Norteño),Los Pumas del Norte,Historia Norteña (Norteño),https://music.youtube.com/watch?v=DzqQNIduHIk
Morenita De San Luis Potosi (Norteño),Los Pumas del Norte,Historia Norteña (Norteño),https://music.youtube.com/watch?v=xMzXI8CtZg0
Seducción (Norteño),Los Pumas del Norte,Historia Norteña (Norteño),https://music.youtube.com/watch?v=DoMtOUrOvn0
Miguel Angel Auzeta,Carlos Y Jose,Corridos Bragados,https://music.youtube.com/watch?v=FwgUxIosDJQ
El Hijo del Pecado,Carlos Y Jose,Corridos Bragados,https://music.youtube.com/watch?v=mNUbD-Zlkqw
El Amigo Cabal,Carlos Y Jose,Corridos Bragados,https://music.youtube.com/watch?v=SDbJd5zSgH4
La Trayectoria de un Rey,Carlos Y Jose,Corridos Bragados,https://music.youtube.com/watch?v=nRYTakDslrM
El Castigo de un Preso,Carlos Y Jose,Corridos Bragados,https://music.youtube.com/watch?v=UCCraqNPAV0
Mauser Contra Cuerno,Carlos Y Jose,Corridos Bragados,https://music.youtube.com/watch?v=1KC7q97Tefk
Tres Valientes de la Huasteca,Carlos Y Jose,Corridos Bragados,https://music.youtube.com/watch?v=OKvge0PyRi8
Medrano Roman,Carlos Y Jose,Corridos Bragados,https://music.youtube.com/watch?v=jYvXI3-_dTM
La Dinastia Fernandez,Carlos Y Jose,Corridos Bragados,https://music.youtube.com/watch?v=-Ub2D0IFdE8
Los Consejos de un Padre,Carlos Y Jose,Corridos Bragados,https://music.youtube.com/watch?v=e__BiIYP2ak
Reynaldo Gonzalez,Carlos Y Jose,Corridos Bragados,https://music.youtube.com/watch?v=S-xYLs2YX2E
El Muerto del Arroyo,Carlos Y Jose,Corridos Bragados,https://music.youtube.com/watch?v=D_w65q9l0zk
Venganza de un Secuestro,Carlos Y Jose,Corridos Bragados,https://music.youtube.com/watch?v=5yKWRNMrrCI
La Ejecucion de un Mojado,Carlos Y Jose,Corridos Bragados,https://music.youtube.com/watch?v=zB3JT3BDd-E
El Regalo de Mi Abuelo,Carlos Y Jose,Corridos Bragados,https://music.youtube.com/watch?v=L9dxoAqr_5k
Árboles de la Barranca (feat. Impostores De Nuevo Leon),Carlos Y Jose Jr,Duetos (Vol. 1),https://music.youtube.com/watch?v=Dbs87GRnYFE
Dos Pasajes (feat. Lupe y Polo),Carlos Y Jose Jr,Duetos (Vol. 1),https://music.youtube.com/watch?v=UTwFayK2-AU
El Corrido de Arturo (feat. Los de Sonora),Carlos Y Jose Jr,Duetos (Vol. 1),https://music.youtube.com/watch?v=Iaju8Fm6-WQ
El Lucero y la Dama (feat. Kiko Montalvo),Carlos Y Jose Jr,Duetos (Vol. 1),https://music.youtube.com/watch?v=H-lzmU6Qqhc
El Pavido Navido (feat. Los Tercos),Carlos Y Jose Jr,Duetos (Vol. 1),https://music.youtube.com/watch?v=RwyeTmiay10
Esa Morrita (feat. Los Tercos),Carlos Y Jose Jr,Duetos (Vol. 1),https://music.youtube.com/watch?v=bJx2KlUqmzA
La Mafia Muere (feat. Cornelio D. Reyna),Carlos Y Jose Jr,Duetos (Vol. 1),https://music.youtube.com/watch?v=q3iWSm8uNRw
La Primavera (feat. Los de Sonora),Carlos Y Jose Jr,Duetos (Vol. 1),https://music.youtube.com/watch?v=BjWkDi3S-xY
Vente Ven (feat. Kiko Montalvo),Carlos Y Jose Jr,Duetos (Vol. 1),https://music.youtube.com/watch?v=_gVSUVwVY7Q
Mi Estilo,Carlos Y Jose Jr,Mi Estilo,https://music.youtube.com/watch?v=nu8jo4o207s
La Faramalla,Carlos Y Jose Jr,La Faramalla,https://music.youtube.com/watch?v=iW5epXq1Z9o
Los Recuerdos del Chapo,Carlos Y Jose Jr,Los Recuerdos del Chapo,https://music.youtube.com/watch?v=alCTd3d9tfg
Ahi Les Voy,Carlos Y Jose Jr,Ahí Les Voy,https://music.youtube.com/watch?v=i7RhiFodV5Y
El Camello y la Araña,LOS DE SONORA,De Parranda,https://music.youtube.com/watch?v=Xuj16zEc-G0
La Cosecha,LOS DE SONORA,De Parranda,https://music.youtube.com/watch?v=keLs6as7iTg
El Vino y la Parranda,LOS DE SONORA,De Parranda,https://music.youtube.com/watch?v=pIlku_W3PEU
Ay! Que Cruz,Carlos Y Jose Jr,Ay! Que Cruz,https://music.youtube.com/watch?v=iwYhfM4va8k
Busca Otro Amor,Carlos Y Jose Jr,Busca Otro Amor,https://music.youtube.com/watch?v=r2G68a2mjuo
Árboles de la Barranca,Carlos Y Jose Jr,Árboles De La Barranca,https://music.youtube.com/watch?v=lEZK3LQ516M
El Olote,Carlos Y Jose Jr,El Olote,https://music.youtube.com/watch?v=T3IhZz0BMpg
La Chancla Que Yo Tiré,Los Tercos,La Chancla Que Yo Tiré,https://music.youtube.com/watch?v=iJhfYM7H4XE
titulo,artistas,album,url
Necesito Decirte,conjunto primavera,Necesito Decirte,https://music.youtube.com/watch?v=nSQ_Jtit0y0
Dónde Caigo,conjunto primavera,Necesito Decirte,https://music.youtube.com/watch?v=-15_BdWS6mQ
Sin Conocerte,conjunto primavera,Necesito Decirte,https://music.youtube.com/watch?v=3Pp-T3LReaI
Hoy En Tu Día,conjunto primavera,Necesito Decirte,https://music.youtube.com/watch?v=-0b8zO7lOuw
Mi Mayor Fracaso,conjunto primavera,Necesito Decirte,https://music.youtube.com/watch?v=TQEzjZYW1Q0
No Le Ruegues,conjunto primavera,Necesito Decirte,https://music.youtube.com/watch?v=xWptsQAUqFs
Yo No Se Que Voy Hacer,conjunto primavera,Necesito Decirte,https://music.youtube.com/watch?v=2MFSA3hKmwU
Mírame De Frente,conjunto primavera,Necesito Decirte,https://music.youtube.com/watch?v=jymAL4gFD6A
Negra Cruz,conjunto primavera,Necesito Decirte,https://music.youtube.com/watch?v=Yepjms8LSK0
Las Noches Las Hago Días,conjunto primavera,Necesito Decirte,https://music.youtube.com/watch?v=tbCDe_ITuHU
Actos De Un Tonto,Conjunto Primavera,Rosas Y Bombones Con Conjunto Primavera,https://music.youtube.com/watch?v=wqupkfo4aO8
Necesito Decirte,Conjunto Primavera,Rosas Y Bombones Con Conjunto Primavera,https://music.youtube.com/watch?v=nSQ_Jtit0y0
Un Desengaño (feat. Ricky Muñoz),Conjunto Primavera,Rosas Y Bombones Con Conjunto Primavera,https://music.youtube.com/watch?v=5lNEfDLp2hc
Algo De Mí,Conjunto Primavera,Rosas Y Bombones Con Conjunto Primavera,https://music.youtube.com/watch?v=GY_RN80J9Z8
No Te Podías Quedar,Conjunto Primavera,Rosas Y Bombones Con Conjunto Primavera,https://music.youtube.com/watch?v=9gXFylLHZI8
Ave Cautiva,Conjunto Primavera,Rosas Y Bombones Con Conjunto Primavera,https://music.youtube.com/watch?v=_v_-hkOkJ3o
Morir De Amor,Conjunto Primavera,Rosas Y Bombones Con Conjunto Primavera,https://music.youtube.com/watch?v=4RSBHZxserY
Te Lloré,Conjunto Primavera,Rosas Y Bombones Con Conjunto Primavera,https://music.youtube.com/watch?v=BXcZ1ddzLrY
Adiós Amor,Conjunto Primavera,Rosas Y Bombones Con Conjunto Primavera,https://music.youtube.com/watch?v=2D0CiGSBx_g
Ese,Conjunto Primavera,Rosas Y Bombones Con Conjunto Primavera,https://music.youtube.com/watch?v=CUgXMAS_VEE
Y Qué Me Importa,Conjunto Primavera,Rosas Y Bombones Con Conjunto Primavera,https://music.youtube.com/watch?v=R8qKVWwSbWU
Hoy Como Ayer,Conjunto Primavera,Rosas Y Bombones Con Conjunto Primavera,https://music.youtube.com/watch?v=tyLDmZ2qKfc
Perdóname Mi Amor,Conjunto Primavera,Rosas Y Bombones Con Conjunto Primavera,https://music.youtube.com/watch?v=9uExV7uKun0
Vuelve Conmigo,Conjunto Primavera,Rosas Y Bombones Con Conjunto Primavera,https://music.youtube.com/watch?v=zKNDQd5XoS0
Quiero Estar Loco,Conjunto Primavera,Rosas Y Bombones Con Conjunto Primavera,https://music.youtube.com/watch?v=1BCpRLjYuzw
Jugando Al Amor,Conjunto Primavera,Rosas Y Bombones Con Conjunto Primavera,https://music.youtube.com/watch?v=wLBezeL-xz8
"Dime, Dime, Dime",Conjunto Primavera,Rosas Y Bombones Con Conjunto Primavera,https://music.youtube.com/watch?v=YAQnafF1TqA
Si Te Vuelvo A Ver,Conjunto Primavera,Rosas Y Bombones Con Conjunto Primavera,https://music.youtube.com/watch?v=I7VLxgXlK9Q
Sentí,Conjunto Primavera,Rosas Y Bombones Con Conjunto Primavera,https://music.youtube.com/watch?v=OOuawaUiX8c
Muero,Conjunto Primavera,Rosas Y Bombones Con Conjunto Primavera,https://music.youtube.com/watch?v=X6cbmmOJZRA
Una Vez Más,Conjunto Primavera,Para Enamorarte Con,https://music.youtube.com/watch?v=KZFAD236Ge4
Necesito Decirte,Conjunto Primavera,Para Enamorarte Con,https://music.youtube.com/watch?v=nSQ_Jtit0y0
Actos De Un Tonto,Conjunto Primavera,Para Enamorarte Con,https://music.youtube.com/watch?v=wqupkfo4aO8
Algo De Mí,Conjunto Primavera,Para Enamorarte Con,https://music.youtube.com/watch?v=GY_RN80J9Z8
Morir De Amor,Conjunto Primavera,Para Enamorarte Con,https://music.youtube.com/watch?v=4RSBHZxserY
No Te Podías Quedar,Conjunto Primavera,Para Enamorarte Con,https://music.youtube.com/watch?v=9gXFylLHZI8
Adiós Amor,Conjunto Primavera,Para Enamorarte Con,https://music.youtube.com/watch?v=7Hx-uaDHbrU
Y Qué Me Importa,Conjunto Primavera,Para Enamorarte Con,https://music.youtube.com/watch?v=R8qKVWwSbWU
Te Lloré,Conjunto Primavera,Para Enamorarte Con,https://music.youtube.com/watch?v=BXcZ1ddzLrY
Ese,Conjunto Primavera,Para Enamorarte Con,https://music.youtube.com/watch?v=CUgXMAS_VEE
Ave Cautiva,Conjunto Primavera,Para Enamorarte Con,https://music.youtube.com/watch?v=_v_-hkOkJ3o
Perdóname Mi Amor,Conjunto Primavera,Para Enamorarte Con,https://music.youtube.com/watch?v=9uExV7uKun0
Jugando Al Amor,Conjunto Primavera,Para Enamorarte Con,https://music.youtube.com/watch?v=hBiGn8A1m0E
Hoy Como Ayer,Conjunto Primavera,Para Enamorarte Con,https://music.youtube.com/watch?v=91BOZo1QlUA
Hoy En Tu Día,Conjunto Primavera,Para Enamorarte Con,https://music.youtube.com/watch?v=-0b8zO7lOuw
Basta Ya,Conjunto Primavera,Para Enamorarte Con,https://music.youtube.com/watch?v=w5AtrqSTkhQ
Vuelve Conmigo,Conjunto Primavera,Para Enamorarte Con,https://music.youtube.com/watch?v=zKNDQd5XoS0
"Dime, Dime, Dime",Conjunto Primavera,Para Enamorarte Con,https://music.youtube.com/watch?v=YAQnafF1TqA
Gracias Por Estar Conmigo,Conjunto Primavera,Para Enamorarte Con,https://music.youtube.com/watch?v=uRJvxpKsG0Q
Si Te Vuelvo A Ver,Conjunto Primavera,Para Enamorarte Con,https://music.youtube.com/watch?v=I7VLxgXlK9Q
Una Vez Más,Conjunto Primavera,Lo Mejor De Dos Grandes,https://music.youtube.com/watch?v=KZFAD236Ge4
El Columpio,Los Rieleros Del Norte,Lo Mejor De Dos Grandes,https://music.youtube.com/watch?v=zHvSkmqddms
Necesito Decirte,Conjunto Primavera,Lo Mejor De Dos Grandes,https://music.youtube.com/watch?v=nSQ_Jtit0y0
Voy A Llorar Por Ti,Los Rieleros Del Norte,Lo Mejor De Dos Grandes,https://music.youtube.com/watch?v=b-gUBubLCLo
Actos De Un Tonto,Conjunto Primavera,Lo Mejor De Dos Grandes,https://music.youtube.com/watch?v=wqupkfo4aO8
Te Quiero Mucho,Los Rieleros Del Norte,Lo Mejor De Dos Grandes,https://music.youtube.com/watch?v=02XoEFDTLN0
Algo De Mí,Conjunto Primavera,Lo Mejor De Dos Grandes,https://music.youtube.com/watch?v=GY_RN80J9Z8
Ayer La Vi Por La Calle,Los Rieleros Del Norte,Lo Mejor De Dos Grandes,https://music.youtube.com/watch?v=pVUtdn0kN0g
Morir De Amor,Conjunto Primavera,Lo Mejor De Dos Grandes,https://music.youtube.com/watch?v=4RSBHZxserY
Por Qué Nos Dijimos Adiós,Los Rieleros Del Norte,Lo Mejor De Dos Grandes,https://music.youtube.com/watch?v=GaLnGBO1-EQ
No Te Podías Quedar,Conjunto Primavera,Lo Mejor De Dos Grandes,https://music.youtube.com/watch?v=9gXFylLHZI8
Dime Quién Es,Los Rieleros Del Norte,Lo Mejor De Dos Grandes,https://music.youtube.com/watch?v=Cdhf8RXP6Hs
Adiós Amor,Conjunto Primavera,Lo Mejor De Dos Grandes,https://music.youtube.com/watch?v=V8eYRcJUQPw
Ayúdame A Olvidarte,Los Rieleros Del Norte,Lo Mejor De Dos Grandes,https://music.youtube.com/watch?v=oO_jEPaI8Ak
Y Qué Me Importa,Conjunto Primavera,Lo Mejor De Dos Grandes,https://music.youtube.com/watch?v=R8qKVWwSbWU
Tu Nuevo Cariñito,Los Rieleros Del Norte,Lo Mejor De Dos Grandes,https://music.youtube.com/watch?v=RIaeRabOLpc
Te Lloré,Conjunto Primavera,Lo Mejor De Dos Grandes,https://music.youtube.com/watch?v=BXcZ1ddzLrY
El Invencible,Los Rieleros Del Norte,Lo Mejor De Dos Grandes,https://music.youtube.com/watch?v=63PFxRTUV4o
Ese,Conjunto Primavera,Lo Mejor De Dos Grandes,https://music.youtube.com/watch?v=CUgXMAS_VEE
Noches Eternas,Los Rieleros Del Norte,Lo Mejor De Dos Grandes,https://music.youtube.com/watch?v=PF4kh7w7n3s
Necesito Decirte,Conjunto Primavera,THE BEST OF,https://music.youtube.com/watch?v=nSQ_Jtit0y0
Una Vez Más,Conjunto Primavera,THE BEST OF,https://music.youtube.com/watch?v=KZFAD236Ge4
Algo De Mí,Conjunto Primavera,THE BEST OF,https://music.youtube.com/watch?v=GY_RN80J9Z8
Ave Cautiva,Conjunto Primavera,THE BEST OF,https://music.youtube.com/watch?v=_v_-hkOkJ3o
Actos De Un Tonto,Conjunto Primavera,THE BEST OF,https://music.youtube.com/watch?v=wqupkfo4aO8
No Te Podías Quedar,Conjunto Primavera,THE BEST OF,https://music.youtube.com/watch?v=9gXFylLHZI8
Te Lloré,Conjunto Primavera,THE BEST OF,https://music.youtube.com/watch?v=BXcZ1ddzLrY
Morir De Amor,Conjunto Primavera,THE BEST OF,https://music.youtube.com/watch?v=4RSBHZxserY
Ese,Conjunto Primavera,THE BEST OF,https://music.youtube.com/watch?v=CUgXMAS_VEE
Hoy Como Ayer,Conjunto Primavera,THE BEST OF,https://music.youtube.com/watch?v=A3tJ6ABPwGE
Y Qué Me Importa,Conjunto Primavera,THE BEST OF,https://music.youtube.com/watch?v=R8qKVWwSbWU
Perdóname Mi Amor,Conjunto Primavera,THE BEST OF,https://music.youtube.com/watch?v=9uExV7uKun0
Vuelve Conmigo,Conjunto Primavera,THE BEST OF,https://music.youtube.com/watch?v=zKNDQd5XoS0
Jugando Al Amor,Conjunto Primavera,THE BEST OF,https://music.youtube.com/watch?v=Uof60Xm_gYg
Adiós Amor,Conjunto Primavera,THE BEST OF,https://music.youtube.com/watch?v=-NruFS8N5mc
Basta Ya,Conjunto Primavera,THE BEST OF,https://music.youtube.com/watch?v=w5AtrqSTkhQ
Quiero Estar Loco,Conjunto Primavera,THE BEST OF,https://music.youtube.com/watch?v=RWz3XKquBFA
"Dime, Dime, Dime",Conjunto Primavera,THE BEST OF,https://music.youtube.com/watch?v=YAQnafF1TqA
Gracias Por Estar Conmigo,Conjunto Primavera,THE BEST OF,https://music.youtube.com/watch?v=uRJvxpKsG0Q
Sentí,Conjunto Primavera,THE BEST OF,https://music.youtube.com/watch?v=OOuawaUiX8c
Te Lloré,Conjunto Primavera,Las 16 Número 1 En Billboard,https://music.youtube.com/watch?v=BXcZ1ddzLrY
Basta Ya,Conjunto Primavera,Las 16 Número 1 En Billboard,https://music.youtube.com/watch?v=w5AtrqSTkhQ
Ese,Conjunto Primavera,Las 16 Número 1 En Billboard,https://music.youtube.com/watch?v=CUgXMAS_VEE
Diganle,Conjunto Primavera,Las 16 Número 1 En Billboard,https://music.youtube.com/watch?v=or-aoAbgVuU
Algo De Mí,Conjunto Primavera,Las 16 Número 1 En Billboard,https://music.youtube.com/watch?v=GY_RN80J9Z8
Aún Sigues Siendo Mía,Conjunto Primavera,Las 16 Número 1 En Billboard,https://music.youtube.com/watch?v=XU3-JvUx0oQ
Hoy Como Ayer,Conjunto Primavera,Las 16 Número 1 En Billboard,https://music.youtube.com/watch?v=IeOGWSGL4Js
Hazme Olvidarla,Conjunto Primavera,Las 16 Número 1 En Billboard,https://music.youtube.com/watch?v=Bco_xVI9Gz0
Actos De Un Tonto,Conjunto Primavera,Las 16 Número 1 En Billboard,https://music.youtube.com/watch?v=wqupkfo4aO8
Una Vez Más,Conjunto Primavera,Las 16 Número 1 En Billboard,https://music.youtube.com/watch?v=KZFAD236Ge4
Perdóname Mi Amor,Conjunto Primavera,Las 16 Número 1 En Billboard,https://music.youtube.com/watch?v=9uExV7uKun0
No Te Podías Quedar,Conjunto Primavera,Las 16 Número 1 En Billboard,https://music.youtube.com/watch?v=9gXFylLHZI8
"Dime, Dime, Dime",Conjunto Primavera,Las 16 Número 1 En Billboard,https://music.youtube.com/watch?v=YAQnafF1TqA
En Cada Gota De Mi Sangre,Conjunto Primavera,Las 16 Número 1 En Billboard,https://music.youtube.com/watch?v=MavpXgKvA24
Morir De Amor,Conjunto Primavera,Las 16 Número 1 En Billboard,https://music.youtube.com/watch?v=4RSBHZxserY
Necesito Decirte,Conjunto Primavera,Las 16 Número 1 En Billboard,https://music.youtube.com/watch?v=nSQ_Jtit0y0
Una Vez Más,Conjunto Primavera,Las Retro Chingonas,https://music.youtube.com/watch?v=KZFAD236Ge4
Necesito Decirte,Conjunto Primavera,Las Retro Chingonas,https://music.youtube.com/watch?v=nSQ_Jtit0y0
Algo De Mí,Conjunto Primavera,Las Retro Chingonas,https://music.youtube.com/watch?v=GY_RN80J9Z8
Actos De Un Tonto,Conjunto Primavera,Las Retro Chingonas,https://music.youtube.com/watch?v=wqupkfo4aO8
Ave Cautiva,Conjunto Primavera,Las Retro Chingonas,https://music.youtube.com/watch?v=_v_-hkOkJ3o
No Te Podías Quedar,Conjunto Primavera,Las Retro Chingonas,https://music.youtube.com/watch?v=9gXFylLHZI8
Te Lloré,Conjunto Primavera,Las Retro Chingonas,https://music.youtube.com/watch?v=BXcZ1ddzLrY
Ese,Conjunto Primavera,Las Retro Chingonas,https://music.youtube.com/watch?v=CUgXMAS_VEE
Morir De Amor,Conjunto Primavera,Las Retro Chingonas,https://music.youtube.com/watch?v=4RSBHZxserY
Hoy Como Ayer,Conjunto Primavera,Las Retro Chingonas,https://music.youtube.com/watch?v=zH8ce1U1ukc
Adiós Amor,Conjunto Primavera,Las Retro Chingonas,https://music.youtube.com/watch?v=38pB2yEB4JI
Perdóname Mi Amor,Conjunto Primavera,Las Retro Chingonas,https://music.youtube.com/watch?v=9uExV7uKun0
Basta Ya,Conjunto Primavera,Las Retro Chingonas,https://music.youtube.com/watch?v=w5AtrqSTkhQ
Y Qué Me Importa,Conjunto Primavera,Las Retro Chingonas,https://music.youtube.com/watch?v=R8qKVWwSbWU
Vuelve Conmigo,Conjunto Primavera,Las Retro Chingonas,https://music.youtube.com/watch?v=zKNDQd5XoS0
Jugando Al Amor,Conjunto Primavera,Las Retro Chingonas,https://music.youtube.com/watch?v=Uof60Xm_gYg
Gracias Por Estar Conmigo,Conjunto Primavera,Las Retro Chingonas,https://music.youtube.com/watch?v=uRJvxpKsG0Q
Quiero Estar Loco,Conjunto Primavera,Las Retro Chingonas,https://music.youtube.com/watch?v=AfWMO_ZoUbU
"Dime, Dime, Dime",Conjunto Primavera,Las Retro Chingonas,https://music.youtube.com/watch?v=YAQnafF1TqA
Por Las Calles De Chihuahua (En Vivo),Conjunto Primavera,Las Retro Chingonas,https://music.youtube.com/watch?v=ZoGbPbSJc5o
Un Desengaño (feat. Ricky Muñoz),Conjunto Primavera,Las Retro Chingonas,https://music.youtube.com/watch?v=5lNEfDLp2hc
Maldita Seas,Conjunto Primavera,Las Retro Chingonas,https://music.youtube.com/watch?v=WCBvslxTko8
Hoy En Tu Día,Conjunto Primavera,Las Retro Chingonas,https://music.youtube.com/watch?v=-0b8zO7lOuw
Si Te Vuelvo A Ver,Conjunto Primavera,Las Retro Chingonas,https://music.youtube.com/watch?v=I7VLxgXlK9Q
Sentí,Conjunto Primavera,Las Retro Chingonas,https://music.youtube.com/watch?v=OOuawaUiX8c
Enamorado De Ti,Conjunto Primavera,Las Retro Chingonas,https://music.youtube.com/watch?v=ttX-z6HLYgA
Muero,Conjunto Primavera,Las Retro Chingonas,https://music.youtube.com/watch?v=X6cbmmOJZRA
Es Muy Tu Vida,Conjunto Primavera,Las Retro Chingonas,https://music.youtube.com/watch?v=Llc8mGesm1w
Hazme Olvidarla,Conjunto Primavera,Las Retro Chingonas,https://music.youtube.com/watch?v=Bco_xVI9Gz0
Cinco Lágrimas,Conjunto Primavera,Las Retro Chingonas,https://music.youtube.com/watch?v=1FfMEgzKU5Y
Necesito Decirte,Conjunto Primavera,Frente A Frente Conjunto Primavera - Los Rieleros Del Norte,https://music.youtube.com/watch?v=nSQ_Jtit0y0
El Columpio,Los Rieleros Del Norte,Frente A Frente Conjunto Primavera - Los Rieleros Del Norte,https://music.youtube.com/watch?v=zHvSkmqddms
Algo De Mí,Conjunto Primavera,Frente A Frente Conjunto Primavera - Los Rieleros Del Norte,https://music.youtube.com/watch?v=GY_RN80J9Z8
Voy A Llorar Por Ti,Los Rieleros Del Norte,Frente A Frente Conjunto Primavera - Los Rieleros Del Norte,https://music.youtube.com/watch?v=b-gUBubLCLo
Una Vez Más,Conjunto Primavera,Frente A Frente Conjunto Primavera - Los Rieleros Del Norte,https://music.youtube.com/watch?v=KZFAD236Ge4
Te Quiero Mucho,Los Rieleros Del Norte,Frente A Frente Conjunto Primavera - Los Rieleros Del Norte,https://music.youtube.com/watch?v=02XoEFDTLN0
Ave Cautiva,Conjunto Primavera,Frente A Frente Conjunto Primavera - Los Rieleros Del Norte,https://music.youtube.com/watch?v=_v_-hkOkJ3o
Ayer La Vi Por La Calle,Los Rieleros Del Norte,Frente A Frente Conjunto Primavera - Los Rieleros Del Norte,https://music.youtube.com/watch?v=c7eor2m3fq4
No Te Podías Quedar,Conjunto Primavera,Frente A Frente Conjunto Primavera - Los Rieleros Del Norte,https://music.youtube.com/watch?v=9gXFylLHZI8
Por Qué Nos Dijimos Adiós,Los Rieleros Del Norte,Frente A Frente Conjunto Primavera - Los Rieleros Del Norte,https://music.youtube.com/watch?v=rbchlyTL8BM
Hoy Como Ayer,Conjunto Primavera,Frente A Frente Conjunto Primavera - Los Rieleros Del Norte,https://music.youtube.com/watch?v=z4socoRnl1Q
Dime Quién Es,Los Rieleros Del Norte,Frente A Frente Conjunto Primavera - Los Rieleros Del Norte,https://music.youtube.com/watch?v=Cdhf8RXP6Hs
Actos De Un Tonto,Conjunto Primavera,Frente A Frente Conjunto Primavera - Los Rieleros Del Norte,https://music.youtube.com/watch?v=wqupkfo4aO8
A Punto De Llorar,Los Rieleros Del Norte,Frente A Frente Conjunto Primavera - Los Rieleros Del Norte,https://music.youtube.com/watch?v=qzb6jZ4F8d8
Te Lloré,Conjunto Primavera,Frente A Frente Conjunto Primavera - Los Rieleros Del Norte,https://music.youtube.com/watch?v=BXcZ1ddzLrY
Capricho Maldito,Los Rieleros Del Norte,Frente A Frente Conjunto Primavera - Los Rieleros Del Norte,https://music.youtube.com/watch?v=KUALxxLbPzc
Ese,Conjunto Primavera,Frente A Frente Conjunto Primavera - Los Rieleros Del Norte,https://music.youtube.com/watch?v=CUgXMAS_VEE
Ayúdame A Olvidarte,Los Rieleros Del Norte,Frente A Frente Conjunto Primavera - Los Rieleros Del Norte,https://music.youtube.com/watch?v=Ntk9CA5x6gU
Perdóname Mi Amor,Conjunto Primavera,Frente A Frente Conjunto Primavera - Los Rieleros Del Norte,https://music.youtube.com/watch?v=9uExV7uKun0
Por Tu Maldito Amor,Los Rieleros Del Norte,Frente A Frente Conjunto Primavera - Los Rieleros Del Norte,https://music.youtube.com/watch?v=JpJd_HjqMQs
Necesito Decirte,Conjunto Primavera,Lo Más Romántico De,https://music.youtube.com/watch?v=nSQ_Jtit0y0
Una Vez Más,Conjunto Primavera,Lo Más Romántico De,https://music.youtube.com/watch?v=KZFAD236Ge4
Algo De Mí,Conjunto Primavera,Lo Más Romántico De,https://music.youtube.com/watch?v=GY_RN80J9Z8
Ave Cautiva,Conjunto Primavera,Lo Más Romántico De,https://music.youtube.com/watch?v=_v_-hkOkJ3o
No Te Podías Quedar,Conjunto Primavera,Lo Más Romántico De,https://music.youtube.com/watch?v=9gXFylLHZI8
Te Lloré,Conjunto Primavera,Lo Más Romántico De,https://music.youtube.com/watch?v=BXcZ1ddzLrY
Hoy Como Ayer,Conjunto Primavera,Lo Más Romántico De,https://music.youtube.com/watch?v=pTNiAwj3KCQ
Ese,Conjunto Primavera,Lo Más Romántico De,https://music.youtube.com/watch?v=CUgXMAS_VEE
Morir De Amor,Conjunto Primavera,Lo Más Romántico De,https://music.youtube.com/watch?v=4RSBHZxserY
Y Qué Me Importa,Conjunto Primavera,Lo Más Romántico De,https://music.youtube.com/watch?v=R8qKVWwSbWU
Perdóname Mi Amor,Conjunto Primavera,Lo Más Romántico De,https://music.youtube.com/watch?v=9uExV7uKun0
Vuelve Conmigo,Conjunto Primavera,Lo Más Romántico De,https://music.youtube.com/watch?v=zKNDQd5XoS0
Quiero Estar Loco,Conjunto Primavera,Lo Más Romántico De,https://music.youtube.com/watch?v=QFc9uq2oxiU
Un Desengaño (feat. Ricky Muñoz),Conjunto Primavera,Lo Más Romántico De,https://music.youtube.com/watch?v=5lNEfDLp2hc
"Dime, Dime, Dime",Conjunto Primavera,Lo Más Romántico De,https://music.youtube.com/watch?v=YAQnafF1TqA
Enamorado De Ti,Conjunto Primavera,Lo Más Romántico De,https://music.youtube.com/watch?v=ttX-z6HLYgA
Sentí,Conjunto Primavera,Lo Más Romántico De,https://music.youtube.com/watch?v=OOuawaUiX8c
Perdóname,Conjunto Primavera,Lo Más Romántico De,https://music.youtube.com/watch?v=LZz9vpzW53Q
Te Necesito Junto A Mí,Conjunto Primavera,Lo Más Romántico De,https://music.youtube.com/watch?v=-YMFBfBPkWQ
No Sé Vivir Sin Ti,Conjunto Primavera,Lo Más Romántico De,https://music.youtube.com/watch?v=mIs8-NSLoqw
Necesito Decirte,Conjunto Primavera,"Ayer, Hoy Y Siempre Con...",https://music.youtube.com/watch?v=nSQ_Jtit0y0
Algo De Mí,Conjunto Primavera,"Ayer, Hoy Y Siempre Con...",https://music.youtube.com/watch?v=GY_RN80J9Z8
Ave Cautiva,Conjunto Primavera,"Ayer, Hoy Y Siempre Con...",https://music.youtube.com/watch?v=_v_-hkOkJ3o
Una Vez Más,Conjunto Primavera,"Ayer, Hoy Y Siempre Con...",https://music.youtube.com/watch?v=KZFAD236Ge4
No Te Podías Quedar,Conjunto Primavera,"Ayer, Hoy Y Siempre Con...",https://music.youtube.com/watch?v=9gXFylLHZI8
Hoy Como Ayer,Conjunto Primavera,"Ayer, Hoy Y Siempre Con...",https://music.youtube.com/watch?v=t4s20OXM_y8
Actos De Un Tonto,Conjunto Primavera,"Ayer, Hoy Y Siempre Con...",https://music.youtube.com/watch?v=wqupkfo4aO8
Ese,Conjunto Primavera,"Ayer, Hoy Y Siempre Con...",https://music.youtube.com/watch?v=CUgXMAS_VEE
Te Lloré,Conjunto Primavera,"Ayer, Hoy Y Siempre Con...",https://music.youtube.com/watch?v=BXcZ1ddzLrY
Morir De Amor,Conjunto Primavera,"Ayer, Hoy Y Siempre Con...",https://music.youtube.com/watch?v=4RSBHZxserY
Vuelve Conmigo,Conjunto Primavera,"Ayer, Hoy Y Siempre Con...",https://music.youtube.com/watch?v=zKNDQd5XoS0
Y Qué Me Importa,Conjunto Primavera,"Ayer, Hoy Y Siempre Con...",https://music.youtube.com/watch?v=R8qKVWwSbWU
Perdóname Mi Amor,Conjunto Primavera,"Ayer, Hoy Y Siempre Con...",https://music.youtube.com/watch?v=9uExV7uKun0
"Dime, Dime, Dime",Conjunto Primavera,"Ayer, Hoy Y Siempre Con...",https://music.youtube.com/watch?v=YAQnafF1TqA
Basta Ya,Conjunto Primavera,"Ayer, Hoy Y Siempre Con...",https://music.youtube.com/watch?v=w5AtrqSTkhQ
Hazme Olvidarla,Conjunto Primavera,"Ayer, Hoy Y Siempre Con...",https://music.youtube.com/watch?v=Bco_xVI9Gz0
No Me Vas A Convencer (feat. Antonio Meléndez Jr.),Conjunto Primavera,"Ayer, Hoy Y Siempre Con...",https://music.youtube.com/watch?v=D86gqURJqnk
El Triste,Conjunto Primavera,"Ayer, Hoy Y Siempre Con...",https://music.youtube.com/watch?v=rtCUuq4UeD0
Hoy En Tu Día,Conjunto Primavera,"Ayer, Hoy Y Siempre Con...",https://music.youtube.com/watch?v=-0b8zO7lOuw
Las Noches Las Hago Días,Conjunto Primavera,"Ayer, Hoy Y Siempre Con...",https://music.youtube.com/watch?v=tbCDe_ITuHU
Ya Lo Sé Que Tú Te Vas,Conjunto Primavera,"Ayer, Hoy Y Siempre Con...",https://music.youtube.com/watch?v=xcBtA-1GdSY
No Sé Vivir Sin Ti,Conjunto Primavera,"Ayer, Hoy Y Siempre Con...",https://music.youtube.com/watch?v=mIs8-NSLoqw
Quién Como Tú,Conjunto Primavera,"Ayer, Hoy Y Siempre Con...",https://music.youtube.com/watch?v=1CPsrwXy2GM
Aún Sigues Siendo Mía,Conjunto Primavera,"Ayer, Hoy Y Siempre Con...",https://music.youtube.com/watch?v=XRTpkrrNK5Y
Te Lo Dije,Conjunto Primavera,"Ayer, Hoy Y Siempre Con...",https://music.youtube.com/watch?v=wXrTs1895JI
Todo De Mi,Conjunto Primavera,"Ayer, Hoy Y Siempre Con...",https://music.youtube.com/watch?v=2pK1GAk632g
Quiero Estar Loco,Conjunto Primavera,"Ayer, Hoy Y Siempre Con...",https://music.youtube.com/watch?v=OcTIOalOZKM
Un Desengaño (feat. Ricky Muñoz),Conjunto Primavera,"Ayer, Hoy Y Siempre Con...",https://music.youtube.com/watch?v=5lNEfDLp2hc
Gracias Por Estar Conmigo,Conjunto Primavera,"Ayer, Hoy Y Siempre Con...",https://music.youtube.com/watch?v=uRJvxpKsG0Q
Enamorado De Ti,Conjunto Primavera,"Ayer, Hoy Y Siempre Con...",https://music.youtube.com/watch?v=ttX-z6HLYgA
Adiós Amor,Conjunto Primavera,"Ayer, Hoy Y Siempre Con...",https://music.youtube.com/watch?v=fsuLlSdb78c
Si Te Vuelvo A Ver,Conjunto Primavera,"Ayer, Hoy Y Siempre Con...",https://music.youtube.com/watch?v=I7VLxgXlK9Q
Sentí,Conjunto Primavera,"Ayer, Hoy Y Siempre Con...",https://music.youtube.com/watch?v=OOuawaUiX8c
Me Nació Del Alma,Conjunto Primavera,"Ayer, Hoy Y Siempre Con...",https://music.youtube.com/watch?v=cfItHkq8nwo
Muero,Conjunto Primavera,"Ayer, Hoy Y Siempre Con...",https://music.youtube.com/watch?v=X6cbmmOJZRA
Diganle,Conjunto Primavera,"Ayer, Hoy Y Siempre Con...",https://music.youtube.com/watch?v=I-sk7f-CIyQ
Te Mire Partír,Conjunto Primavera,"Ayer, Hoy Y Siempre Con...",https://music.youtube.com/watch?v=8fOqsBL4dX4
Perdóname,Conjunto Primavera,"Ayer, Hoy Y Siempre Con...",https://music.youtube.com/watch?v=LZz9vpzW53Q
Empaca Tus Cosas,Conjunto Primavera,"Ayer, Hoy Y Siempre Con...",https://music.youtube.com/watch?v=Tsd1hINrkbU
Caida Libre,Conjunto Primavera,"Ayer, Hoy Y Siempre Con...",https://music.youtube.com/watch?v=vf13tloW0hM
Ultimamente,Conjunto Primavera,Ultimamente,https://music.youtube.com/watch?v=-AG2FIoxTpw
Amor Traicionero,Los Terricolas,Amor Traicionero,https://music.youtube.com/watch?v=lm3fEmdoNDY
Mi Mayor Sacrificio (45 Aniversario),Conjunto Primavera,Mi Mayor Sacrificio (45 Aniversario),https://music.youtube.com/watch?v=nC_rm7FxTXE
Hasta Cuando,Los Invasores De Nuevo León,Hasta Cuando (40 Aniversario),https://music.youtube.com/watch?v=aMVSC9SXuNo
Si Tu Te Acuerdas De Mi,Conjunto Primavera,Si Tu Te Acuerdas De Mi,https://music.youtube.com/watch?v=rqpE4VqFqtQ
Cariño a Medias,Conjunto Primavera,Cariño a Medias,https://music.youtube.com/watch?v=WHmUTHWu-pM
Si Me Tenías,Conjunto Primavera,Si Me Tenías,https://music.youtube.com/watch?v=dcRhkXuxeNY
Todo De Mi,Conjunto Primavera,Todo De Mi,https://music.youtube.com/watch?v=n8COicXjTrA
Después De Ti,Conjunto Primavera,Después De Ti,https://music.youtube.com/watch?v=sYtyjLTw6lU
Perdóname,Conjunto Primavera,Perdóname,https://music.youtube.com/watch?v=LZz9vpzW53Q
titulo,artistas,album,url
Héroe de leyenda,Héroes del Silencio,Héroes: Silencio y Rock & Roll,https://music.youtube.com/watch?v=suGTTScA4KU
El mar no cesa,Héroes del Silencio,Héroes: Silencio y Rock & Roll,https://music.youtube.com/watch?v=nPzB7i7IwC0
Mar adentro,Héroes del Silencio,Héroes: Silencio y Rock & Roll,https://music.youtube.com/watch?v=T8sUXWizL2g
Hace tiempo,Héroes del Silencio,Héroes: Silencio y Rock & Roll,https://music.youtube.com/watch?v=O1VnGO-m0tc
El estanque,Héroes del Silencio,Héroes: Silencio y Rock & Roll,https://music.youtube.com/watch?v=3Y_fwY_2ZZs
Flor venenosa,Héroes del Silencio,Héroes: Silencio y Rock & Roll,https://music.youtube.com/watch?v=U9oUZishLck
Juan Valdivia y Entre dos tierras (Interludio),Héroes del Silencio,Héroes: Silencio y Rock & Roll,https://music.youtube.com/watch?v=mc6gpZ2n8AY
Entre dos tierras,Héroes del Silencio,Héroes: Silencio y Rock & Roll,https://music.youtube.com/watch?v=SzimletXB7M
Maldito duende,Héroes del Silencio,Héroes: Silencio y Rock & Roll,https://music.youtube.com/watch?v=-64t6-FvIbg
Hechizo,Héroes del Silencio,Héroes: Silencio y Rock & Roll,https://music.youtube.com/watch?v=0itFxdKbMbw
Despertar,Héroes del Silencio,Héroes: Silencio y Rock & Roll,https://music.youtube.com/watch?v=i88SCWHUqqc
Con nombre de guerra,Héroes del Silencio,Héroes: Silencio y Rock & Roll,https://music.youtube.com/watch?v=mZU1F-diBnA
Malas intenciones,Héroes del Silencio,Héroes: Silencio y Rock & Roll,https://music.youtube.com/watch?v=g3Q9-5gz8e0
Oración,Héroes del Silencio,Héroes: Silencio y Rock & Roll,https://music.youtube.com/watch?v=N9gFenYpS5c
Flor de loto,Héroes del Silencio,Héroes: Silencio y Rock & Roll,https://music.youtube.com/watch?v=HATy6-7W3Uw
Nuestros nombres,Héroes del Silencio,Héroes: Silencio y Rock & Roll,https://music.youtube.com/watch?v=-QbMu8dYPKA
La herida,Héroes del Silencio,Héroes: Silencio y Rock & Roll,https://music.youtube.com/watch?v=3OBurofoWzI
La sirena varada,Héroes del Silencio,Héroes: Silencio y Rock & Roll,https://music.youtube.com/watch?v=xJSt3uBtl_M
Los placeres de la pobreza,Héroes del Silencio,Héroes: Silencio y Rock & Roll,https://music.youtube.com/watch?v=fhqF93oA05U
Decadencia,Héroes del Silencio,Héroes: Silencio y Rock & Roll,https://music.youtube.com/watch?v=CrMiolI1AyM
¿Por qué Avalancha? (Interludio),Héroes del Silencio,Héroes: Silencio y Rock & Roll,https://music.youtube.com/watch?v=dxjLKd2M9SE
Avalancha,Héroes del Silencio,Héroes: Silencio y Rock & Roll,https://music.youtube.com/watch?v=Xi_4rFwM80k
En brazos de la fiebre,Héroes del Silencio,Héroes: Silencio y Rock & Roll,https://music.youtube.com/watch?v=WtudQzK-xhY
Iberia sumergida,Héroes del Silencio,Héroes: Silencio y Rock & Roll,https://music.youtube.com/watch?v=DYHrq5FddiI
Vuelven (Interludio),Héroes del Silencio,Héroes: Silencio y Rock & Roll,https://music.youtube.com/watch?v=teR3GX4NG8M
La chispa adecuada,Héroes del Silencio,Héroes: Silencio y Rock & Roll,https://music.youtube.com/watch?v=7bAqi3fg54s
"¡Héroes, héroes! (Interludio)",Héroes del Silencio,Héroes: Silencio y Rock & Roll,https://music.youtube.com/watch?v=5uqfZQpqkNY
Parasiempre,Héroes del Silencio,Héroes: Silencio y Rock & Roll,https://music.youtube.com/watch?v=bpIUJcUD_7o
Apuesta por el R'n'R,Héroes del Silencio,Héroes: Silencio y Rock & Roll,https://music.youtube.com/watch?v=nLRoCFpkDdc
Nuestros nombres (2012 Remastered Version),Héroes Del Silencio,El Espíritu del Vino-20th Anniversary Edition,https://music.youtube.com/watch?v=-2dlznBsPUw
Tesoro (2012 Remastered Version),Héroes Del Silencio,El Espíritu del Vino-20th Anniversary Edition,https://music.youtube.com/watch?v=7N2QuMpHLiM
Los placeres de la pobreza (2012 Remastered Version),Héroes Del Silencio,El Espíritu del Vino-20th Anniversary Edition,https://music.youtube.com/watch?v=nmMkM1mKguI
La herida (2012 Remastered Version),Héroes Del Silencio,El Espíritu del Vino-20th Anniversary Edition,https://music.youtube.com/watch?v=6ynI-stRbjM
La sirena varada (2012 Remastered Version),Héroes Del Silencio,El Espíritu del Vino-20th Anniversary Edition,https://music.youtube.com/watch?v=xJSt3uBtl_M
La apariencia no es sincera (1012 - Remaster),Héroes Del Silencio,El Espíritu del Vino-20th Anniversary Edition,https://music.youtube.com/watch?v=Po_YKGOzLTo
Z (2012 Remastered Version),Héroes Del Silencio,El Espíritu del Vino-20th Anniversary Edition,https://music.youtube.com/watch?v=GgxpyqvLsv0
Culpable (2012 Remastered Version),Héroes Del Silencio,El Espíritu del Vino-20th Anniversary Edition,https://music.youtube.com/watch?v=NMphN-H4mLU
El camino del exceso (2012 Remastered Version),Héroes Del Silencio,El Espíritu del Vino-20th Anniversary Edition,https://music.youtube.com/watch?v=kr6cdxZE-TI
Flor de loto (2012 Remastered Version),Héroes Del Silencio,El Espíritu del Vino-20th Anniversary Edition,https://music.youtube.com/watch?v=HaeauouNX1k
El refugio interior (2012 Remastered Version),Héroes Del Silencio,El Espíritu del Vino-20th Anniversary Edition,https://music.youtube.com/watch?v=aOiUOf4ykgI
Sangre hirviendo (2012 Remastered Version),Héroes Del Silencio,El Espíritu del Vino-20th Anniversary Edition,https://music.youtube.com/watch?v=mRotdeLFTqc
Tumbas de sal (2012 Remastered Version),Héroes Del Silencio,El Espíritu del Vino-20th Anniversary Edition,https://music.youtube.com/watch?v=1fRH8K6u2G8
Bendecida 2 (2012 Remastered Version),Héroes Del Silencio,El Espíritu del Vino-20th Anniversary Edition,https://music.youtube.com/watch?v=89LqoRgf-pk
Bendecida (2012 Remastered Version),Héroes Del Silencio,El Espíritu del Vino-20th Anniversary Edition,https://music.youtube.com/watch?v=JTZCcJAyvZM
La alacena (2012 Remastered Version),Héroes Del Silencio,El Espíritu del Vino-20th Anniversary Edition,https://music.youtube.com/watch?v=C5UyQmMttBs
Derivas,Héroes Del Silencio,Avalancha,https://music.youtube.com/watch?v=vhu7Dv8Cccw
"¡Rueda, fortuna!",Héroes Del Silencio,Avalancha,https://music.youtube.com/watch?v=m6KWeyX91QE
Deshacer el mundo,Héroes Del Silencio,Avalancha,https://music.youtube.com/watch?v=q71vdfVacyQ
Iberia sumergida,Héroes Del Silencio,Avalancha,https://music.youtube.com/watch?v=HhBshFKLJfY
Avalancha,Héroes Del Silencio,Avalancha,https://music.youtube.com/watch?v=Xi_4rFwM80k
En brazos de la fiebre,Héroes Del Silencio,Avalancha,https://music.youtube.com/watch?v=m6N73HzkS0Y
Parasiempre,Héroes Del Silencio,Avalancha,https://music.youtube.com/watch?v=L-XCNrtlSdE
La chispa adecuada (Bendecida 3),Héroes Del Silencio,Avalancha,https://music.youtube.com/watch?v=x1VRF0zi0dc
Días de borrasca (Víspera de resplandores),Héroes Del Silencio,Avalancha,https://music.youtube.com/watch?v=N1k10dyA-qQ
Morir todavía,Héroes Del Silencio,Avalancha,https://music.youtube.com/watch?v=CYz2mJ1uDCw
Opio,Héroes Del Silencio,Avalancha,https://music.youtube.com/watch?v=6ptzUGJ6tLw
La espuma de Venus,Héroes Del Silencio,Avalancha,https://music.youtube.com/watch?v=9T-xfwvPflo
Nuestros nombres,Héroes Del Silencio,El Espíritu Del Vino- Edición Especial,https://music.youtube.com/watch?v=FnrAzW23db8
Tesoro,Héroes Del Silencio,El Espíritu Del Vino- Edición Especial,https://music.youtube.com/watch?v=h-eq01cRNGs
Los placeres de la pobreza,Héroes Del Silencio,El Espíritu Del Vino- Edición Especial,https://music.youtube.com/watch?v=TLcOzMEMriQ
La herida,Héroes Del Silencio,El Espíritu Del Vino- Edición Especial,https://music.youtube.com/watch?v=vwu0012c7IM
La sirena varada,Héroes Del Silencio,El Espíritu Del Vino- Edición Especial,https://music.youtube.com/watch?v=xJSt3uBtl_M
La apariencia no es sincera,Héroes Del Silencio,El Espíritu Del Vino- Edición Especial,https://music.youtube.com/watch?v=N0pKsi4C9os
Z,Héroes Del Silencio,El Espíritu Del Vino- Edición Especial,https://music.youtube.com/watch?v=uSqARYH4w_k
Culpable,Héroes Del Silencio,El Espíritu Del Vino- Edición Especial,https://music.youtube.com/watch?v=It3mWr2HR5c
El camino del exceso,Héroes Del Silencio,El Espíritu Del Vino- Edición Especial,https://music.youtube.com/watch?v=KvS1wLb3MK4
Flor de loto,Héroes Del Silencio,El Espíritu Del Vino- Edición Especial,https://music.youtube.com/watch?v=TjZMHIQ5UG8
El refugio interior,Héroes Del Silencio,El Espíritu Del Vino- Edición Especial,https://music.youtube.com/watch?v=es9xh-aRN0c
Sangre hirviendo,Héroes Del Silencio,El Espíritu Del Vino- Edición Especial,https://music.youtube.com/watch?v=BriEuHFVTAw
Tumbas de sal,Héroes Del Silencio,El Espíritu Del Vino- Edición Especial,https://music.youtube.com/watch?v=nsReXyXMXwI
Bendecida 2,Héroes Del Silencio,El Espíritu Del Vino- Edición Especial,https://music.youtube.com/watch?v=rvynr7WNCEI
Bendecida,Héroes Del Silencio,El Espíritu Del Vino- Edición Especial,https://music.youtube.com/watch?v=BUzzpeNrgWE
La alacena,Héroes Del Silencio,El Espíritu Del Vino- Edición Especial,https://music.youtube.com/watch?v=424tDHG_m0I
El camino del exceso (Live),Héroes Del Silencio,El Espíritu Del Vino- Edición Especial,https://music.youtube.com/watch?v=_anuyF3mv-4
La sirena varada (Live),Héroes Del Silencio,El Espíritu Del Vino- Edición Especial,https://music.youtube.com/watch?v=mzjRLKl1yug
Nuestros nombres (Directo),Héroes Del Silencio,El Espíritu Del Vino- Edición Especial,https://music.youtube.com/watch?v=2GDz4XBeFNs
Flor de loto (Directo),Héroes Del Silencio,El Espíritu Del Vino- Edición Especial,https://music.youtube.com/watch?v=ZvBJwHFSkCY
La herida (En directo),Héroes Del Silencio,El Espíritu Del Vino- Edición Especial,https://music.youtube.com/watch?v=J_bEyOCpLPw
Apuesta por el rock 'n' roll,Héroes Del Silencio,El Espíritu Del Vino- Edición Especial,https://music.youtube.com/watch?v=zRD52h5c4yU
Acústica,Héroes Del Silencio,El Espíritu Del Vino- Edición Especial,https://music.youtube.com/watch?v=Cow6HVpWDy4
Nuestros nombres (Noel Harris Mix),Héroes Del Silencio,El Espíritu Del Vino- Edición Especial,https://music.youtube.com/watch?v=7NQamCMrAWE
La herida (Edit) [2000 Remastered Version] (Edit; 2000 Remastered Version),Héroes Del Silencio,El Espíritu Del Vino- Edición Especial,https://music.youtube.com/watch?v=EOaQKKQJ2ao
Tesoro (Remix) [2000 Remastered Version] (Remix; 2000 Remastered Version),Héroes Del Silencio,El Espíritu Del Vino- Edición Especial,https://music.youtube.com/watch?v=wNGY14nBkUE
Flor de loto (Edit) [2000 Remastered Version] (Edit; 2000 Remastered Version),Héroes Del Silencio,El Espíritu Del Vino- Edición Especial,https://music.youtube.com/watch?v=qKijX9_mAP4
Nuestros nombres (Edit) [2000 Remastered Version] (Edit; 2000 Remastered Version),Héroes Del Silencio,El Espíritu Del Vino- Edición Especial,https://music.youtube.com/watch?v=nx5iGhTiIz8
El camino del exceso (Remix) [2000 Remastered Version] (Remix; 2000 Remastered Version),Héroes Del Silencio,El Espíritu Del Vino- Edición Especial,https://music.youtube.com/watch?v=Q2Ptoim8rco
Nuestros nombres (Live Version 1995),Héroes Del Silencio,El Espíritu Del Vino- Edición Especial,https://music.youtube.com/watch?v=b2-6aRrZA0A
Entre dos tierras,Héroes Del Silencio,Senderos De Traición,https://music.youtube.com/watch?v=SzimletXB7M
Maldito duende,Héroes Del Silencio,Senderos De Traición,https://music.youtube.com/watch?v=xdkWYD7hjrQ
La carta,Héroes Del Silencio,Senderos De Traición,https://music.youtube.com/watch?v=BPg1daBwLfk
Malas intenciones,Héroes Del Silencio,Senderos De Traición,https://music.youtube.com/watch?v=fWuDjtu8D3s
Sal,Héroes Del Silencio,Senderos De Traición,https://music.youtube.com/watch?v=5MNlQC3kg8s
Senda,Héroes Del Silencio,Senderos De Traición,https://music.youtube.com/watch?v=ZCdJtaL9V6E
Hechizo,Héroes Del Silencio,Senderos De Traición,https://music.youtube.com/watch?v=dymoMYkYsYs
Oración,Héroes Del Silencio,Senderos De Traición,https://music.youtube.com/watch?v=KZ2lcAEK1tk
Despertar,Héroes Del Silencio,Senderos De Traición,https://music.youtube.com/watch?v=B51j9B09rJk
Decadencia,Héroes Del Silencio,Senderos De Traición,https://music.youtube.com/watch?v=2uUbKF10qQw
Con nombre de guerra,Héroes Del Silencio,Senderos De Traición,https://music.youtube.com/watch?v=UexzIhyLcrs
El cuadro II,Héroes Del Silencio,Senderos De Traición,https://music.youtube.com/watch?v=CZwzJ5oeLgM
Mar adentro,Héroes Del Silencio,El Mar No Cesa,https://music.youtube.com/watch?v=mxsfw0JOgfY
Hace tiempo,Héroes Del Silencio,El Mar No Cesa,https://music.youtube.com/watch?v=soCz4MQBaLA
Fuente esperanza,Héroes Del Silencio,El Mar No Cesa,https://music.youtube.com/watch?v=wyz5WA843d8
No más lágrimas,Héroes Del Silencio,El Mar No Cesa,https://music.youtube.com/watch?v=KaxhHCjAAGU
Olvidado,Héroes Del Silencio,El Mar No Cesa,https://music.youtube.com/watch?v=mTXZ3KgUmIQ
La lluvia gris,Héroes Del Silencio,El Mar No Cesa,https://music.youtube.com/watch?v=3IkikxlDnI4
Flor venenosa,Héroes Del Silencio,El Mar No Cesa,https://music.youtube.com/watch?v=WBv-NRlzCiQ
Agosto,Héroes Del Silencio,El Mar No Cesa,https://music.youtube.com/watch?v=DzF-y-n5mZE
El estanque,Héroes Del Silencio,El Mar No Cesa,https://music.youtube.com/watch?v=pw0Uixgp8-U
La visión de vuestras almas,Héroes Del Silencio,El Mar No Cesa,https://music.youtube.com/watch?v=Qdi7403ZI1c
La isla de las iguanas,Héroes Del Silencio,El Mar No Cesa,https://music.youtube.com/watch?v=j2JZmV5z-Zc
...16,Héroes Del Silencio,El Mar No Cesa,https://music.youtube.com/watch?v=TtM6Q3LaY-g
Héroe de leyenda,Héroes Del Silencio,El Mar No Cesa,https://music.youtube.com/watch?v=I56CDZgZjJk
Nuestros nombres (Live in Germany Version) [2011 Remastered Version] (Live in Germany Version; 2011 Remastered Version),Héroes Del Silencio,Live In Germany,https://music.youtube.com/watch?v=qiiLd3WabKM
Maldito duende (Live in Germany Version) [2011 Remastered Version] (Live in Germany Version; 2011 Remastered Version),Héroes Del Silencio,Live In Germany,https://music.youtube.com/watch?v=KUetD2MrwsA
La sirena varada (Live in Germany Version) [2011 Remastered Version] (Live in Germany Version; 2011 Remastered Version),Héroes Del Silencio,Live In Germany,https://music.youtube.com/watch?v=PDujzM3D6ks
El camino del exceso (Live in Germany Version) [2011 Remastered Version] (Live in Germany Version; 2011 Remastered Version),Héroes Del Silencio,Live In Germany,https://music.youtube.com/watch?v=vKe_p0i8f28
Hechizo (Live in Germany Version) [2011 Remastered Version] (Live in Germany Version; 2011 Remastered Version),Héroes Del Silencio,Live In Germany,https://music.youtube.com/watch?v=lRMltwk89CQ
Olvidado (Live in Germany Version) [2011 Remastered Version] (Live in Germany Version; 2011 Remastered Version),Héroes Del Silencio,Live In Germany,https://music.youtube.com/watch?v=AZHG-vrCxP8
Flor de loto (Live in Germany Version) [2011 Remastered Version] (Live in Germany Version; 2011 Remastered Version),Héroes Del Silencio,Live In Germany,https://music.youtube.com/watch?v=re1btP_rGys
Oración (Live in Germany Version) [2011 Remastered Version] (Live in Germany Version; 2011 Remastered Version),Héroes Del Silencio,Live In Germany,https://music.youtube.com/watch?v=O7ucKGg6TR4
La herida (Live in Germany Version) [2011 Remastered Version] (Live in Germany Version; 2011 Remastered Version),Héroes Del Silencio,Live In Germany,https://music.youtube.com/watch?v=RBrLneqiPP8
Entre dos tierras (Live in Germany Version) [2011 Remastered Version] (Live in Germany Version; 2011 Remastered Version),Héroes Del Silencio,Live In Germany,https://music.youtube.com/watch?v=A5JmfQ5EPn8
Decadencia (Live in Germany Version) [2011 Remastered Version] (Live in Germany Version; 2011 Remastered Version),Héroes Del Silencio,Live In Germany,https://music.youtube.com/watch?v=zfjYbQU23Lo
Los placeres de la pobreza (Live in Germany Version) [2011 Remastered Version] (Live in Germany Version; 2011 Remastered Version),Héroes Del Silencio,Live In Germany,https://music.youtube.com/watch?v=_ndu1qWQ6vY
Hace tiempo (Live in Germany Version) [2011 Remastered Version] (Live in Germany Version; 2011 Remastered Version),Héroes Del Silencio,Live In Germany,https://music.youtube.com/watch?v=SJLRBeYIybw
Con nombre de guerra (Live in Germany Version) [2011 Remastered Version] (Live in Germany Version; 2011 Remastered Version),Héroes Del Silencio,Live In Germany,https://music.youtube.com/watch?v=L3G_53zcaVs
El estanque (Live),Héroes Del Silencio,Tour 2007,https://music.youtube.com/watch?v=HZ0WuJNNrGI
Deshacer el mundo (Live),Héroes Del Silencio,Tour 2007,https://music.youtube.com/watch?v=mlN1WWk3tuc
Mar adentro (Live),Héroes Del Silencio,Tour 2007,https://music.youtube.com/watch?v=yE_xPF1ezTs
La carta (Live),Héroes Del Silencio,Tour 2007,https://music.youtube.com/watch?v=DH65gDVloeY
Agosto (Live),Héroes Del Silencio,Tour 2007,https://music.youtube.com/watch?v=9TDVHHMvjA0
La sirena varada (Live),Héroes Del Silencio,Tour 2007,https://music.youtube.com/watch?v=HnBU4Lv48YM
Opio (Live),Héroes Del Silencio,Tour 2007,https://music.youtube.com/watch?v=iDCJ5OJLYdc
La herida (Live),Héroes Del Silencio,Tour 2007,https://music.youtube.com/watch?v=n7rtrGkvURE
Flor venenosa (Live),Héroes Del Silencio,Tour 2007,https://music.youtube.com/watch?v=r9CWdeu8Qxs
Despertar (Live),Héroes Del Silencio,Tour 2007,https://music.youtube.com/watch?v=YDfa_Kt4LCA
Apuesta por el rock 'n' roll (Live),Héroes Del Silencio,Tour 2007,https://music.youtube.com/watch?v=34y-R_-1lG0
Héroe de leyenda (Live),Héroes Del Silencio,Tour 2007,https://music.youtube.com/watch?v=iIQDjevHoho
Con nombre de guerra (Live),Héroes Del Silencio,Tour 2007,https://music.youtube.com/watch?v=l1ay_SLmrHs
No más lágrimas (Live),Héroes Del Silencio,Tour 2007,https://music.youtube.com/watch?v=f_34dTdYGtI
Nuestros nombres (Live),Héroes Del Silencio,Tour 2007,https://music.youtube.com/watch?v=FUffOVhU9LE
El mar no cesa (Live),Héroes Del Silencio,Tour 2007,https://music.youtube.com/watch?v=7NSNOLLTh3Y
Entre dos tierras (Live),Héroes Del Silencio,Tour 2007,https://music.youtube.com/watch?v=2gzjrgMV3bY
Maldito duende (Live),Héroes Del Silencio,Tour 2007,https://music.youtube.com/watch?v=iBmy7cPh1MM
Iberia sumergida (Live),Héroes Del Silencio,Tour 2007,https://music.youtube.com/watch?v=9j0bI4xaKHk
Avalancha (Live),Héroes Del Silencio,Tour 2007,https://music.youtube.com/watch?v=7kuNNp6X-5s
Bendecida (Live),Héroes Del Silencio,Tour 2007,https://music.youtube.com/watch?v=Y6kxJNJkV3s
Tumbas de sal (Live),Héroes Del Silencio,Tour 2007,https://music.youtube.com/watch?v=nilavtUh2Sc
Oración (Live),Héroes Del Silencio,Tour 2007,https://music.youtube.com/watch?v=PN3i-BoZ_j0
Tesoro (Live),Héroes Del Silencio,Tour 2007,https://music.youtube.com/watch?v=TWl6zOA6_-Y
Malas intenciones (Live),Héroes Del Silencio,Tour 2007,https://music.youtube.com/watch?v=8iatlIzWzNU
La chispa adecuada (Live),Héroes Del Silencio,Tour 2007,https://music.youtube.com/watch?v=sMNkDPFycNU
Fuente esperanza (Live),Héroes Del Silencio,Tour 2007,https://music.youtube.com/watch?v=9-g1os9iv_w
En brazos de la fiebre (Live),Héroes Del Silencio,Tour 2007,https://music.youtube.com/watch?v=XmQ4EH_qQlw
Deshacer el mundo (Directo),Héroes Del Silencio,Parasiempre,https://music.youtube.com/watch?v=9TLW3XDUrns
Iberia sumergida (Live),Héroes Del Silencio,Parasiempre,https://music.youtube.com/watch?v=Mb-IYYhsH5A
Días De Borrasca (Víspera De Resplandores) (Direct,Héroes Del Silencio,Parasiempre,https://music.youtube.com/watch?v=KeYWvJvAazI
Parasiempre (Live),Héroes Del Silencio,Parasiempre,https://music.youtube.com/watch?v=TqTWBfjfGjA
El camino del exceso (Live),Héroes Del Silencio,Parasiempre,https://music.youtube.com/watch?v=NzsxiQgrnSE
La sirena varada (Live),Héroes Del Silencio,Parasiempre,https://music.youtube.com/watch?v=dSJdBlv1zP0
Maldito duende (Directo),Héroes Del Silencio,Parasiempre,https://music.youtube.com/watch?v=uyhtDbhKSOo
La chispa adecuada (Bendecida 3) [Directo],Héroes Del Silencio,Parasiempre,https://music.youtube.com/watch?v=9hVicbR6_rU
Oración (Directo),Héroes Del Silencio,Parasiempre,https://music.youtube.com/watch?v=mXprugsY_AQ
Nuestros nombres (Directo),Héroes Del Silencio,Parasiempre,https://music.youtube.com/watch?v=VSxaJ62tgIU
Hechizo (Directo),Héroes Del Silencio,Parasiempre,https://music.youtube.com/watch?v=uQQ9vkVjwY4
Entre dos tierras (Directo),Héroes Del Silencio,Parasiempre,https://music.youtube.com/watch?v=m4XqJ99JjwA
Avalancha (Directo),Héroes Del Silencio,Parasiempre,https://music.youtube.com/watch?v=mJdSEFdQsEs
Flor de loto (Directo),Héroes Del Silencio,Parasiempre,https://music.youtube.com/watch?v=LisF9H207MU
Flor venenosa (Directo),Héroes Del Silencio,Parasiempre,https://music.youtube.com/watch?v=UAtisQWfLio
La herida (En directo),Héroes Del Silencio,Parasiempre,https://music.youtube.com/watch?v=p97dJ8Zy5lc
Mar adentro (Directo),Héroes Del Silencio,Parasiempre,https://music.youtube.com/watch?v=ftzYOJrW-yo
Opio (En directo),Héroes Del Silencio,Parasiempre,https://music.youtube.com/watch?v=8HGYYCMd9S0
"Decadencia (Medley, Live)",Héroes Del Silencio,Parasiempre,https://music.youtube.com/watch?v=QRZ865lnkEo
Iberia sumergida (Live versión 95),Héroes Del Silencio,El Ruido Y La Furia (Live versión 95),https://music.youtube.com/watch?v=72kHHZRTRmU
"¡ Rueda, fortuna ! (Live Version 1995)",Héroes Del Silencio,El Ruido Y La Furia (Live versión 95),https://music.youtube.com/watch?v=_CeOA-pjcuk
Sirena varada (Live Version 1995),Héroes Del Silencio,El Ruido Y La Furia (Live versión 95),https://music.youtube.com/watch?v=HMpaxj5fxLs
Parasiempre (Live Version 1995),Héroes Del Silencio,El Ruido Y La Furia (Live versión 95),https://music.youtube.com/watch?v=RjP9LtytLps
Maldito duende (Live Version 1995),Héroes Del Silencio,El Ruido Y La Furia (Live versión 95),https://music.youtube.com/watch?v=llvq_zCFWBw
Oración (Live Version 1995),Héroes Del Silencio,El Ruido Y La Furia (Live versión 95),https://music.youtube.com/watch?v=4rIfxgbRSOc
Nuestros nombres (Live Version 1995),Héroes Del Silencio,El Ruido Y La Furia (Live versión 95),https://music.youtube.com/watch?v=kOK1cyZBUJ0
Entre dos tierras (Live Version 1995),Héroes Del Silencio,El Ruido Y La Furia (Live versión 95),https://music.youtube.com/watch?v=rnhZ--5ZyhY
Avalancha (Live Version 1995),Héroes Del Silencio,El Ruido Y La Furia (Live versión 95),https://music.youtube.com/watch?v=aDftEpQ2bBk
Mar adentro (Live Version 1995),Héroes Del Silencio,El Ruido Y La Furia (Live versión 95),https://music.youtube.com/watch?v=HR_fp9xp_iY
Decadencia (Live Version 1995),Héroes Del Silencio,El Ruido Y La Furia (Live versión 95),https://music.youtube.com/watch?v=Y0C0Oa2AGH0
Flor venenosa (En Directo México),Héroes Del Silencio,Flor Venenosa (En Directo México),https://music.youtube.com/watch?v=5_fmjJ0OFkU
Maldito duende (En Directo México),Héroes Del Silencio,Flor Venenosa (En Directo México),https://music.youtube.com/watch?v=HXz5FZOMwCE
La herida (En Directo México),Héroes Del Silencio,Flor Venenosa (En Directo México),https://music.youtube.com/watch?v=dOCHSRh6gYA
La sirena varada (En Directo México),Héroes Del Silencio,Flor Venenosa (En Directo México),https://music.youtube.com/watch?v=UMBsBV485zM
Héroe de leyenda (Versión maxi),Héroes Del Silencio,Héroe De Leyenda,https://music.youtube.com/watch?v=OqOuhsmXVMs
El mar no cesa,Héroes Del Silencio,Héroe De Leyenda,https://music.youtube.com/watch?v=k3hfZuTAMPA
La lluvia gris,Héroes Del Silencio,Héroe De Leyenda,https://music.youtube.com/watch?v=m3gK3tT-T_k
Héroe de leyenda,Héroes Del Silencio,Héroe De Leyenda,https://music.youtube.com/watch?v=3A6A0ECAzPk
Avalancha (Edit Version),Héroes Del Silencio,Avalancha,https://music.youtube.com/watch?v=Xi_4rFwM80k
Avalancha,Héroes Del Silencio,Avalancha,https://music.youtube.com/watch?v=Xi_4rFwM80k
Avalancha (Live Version),Héroes Del Silencio,Avalancha,https://music.youtube.com/watch?v=LHBk33SVRxE
La chispa adecuada (Live Version),Héroes Del Silencio,Avalancha,https://music.youtube.com/watch?v=9R8DAIsPKmM
La sirena varada,Héroes Del Silencio,La Sirena Varada,https://music.youtube.com/watch?v=xJSt3uBtl_M
Decadencia (Autobootleg Version),Héroes Del Silencio,La Sirena Varada,https://music.youtube.com/watch?v=bUq6MdOte5Y
Tesoro,Héroes Del Silencio,La Sirena Varada,https://music.youtube.com/watch?v=h-eq01cRNGs
Mar adentro (En Directo),Héroes del Silencio,En Directo,https://music.youtube.com/watch?v=QpMx0jAlSQo
No más lágrimas (En Directo),Héroes del Silencio,En Directo,https://music.youtube.com/watch?v=M3s3qvEf5rM
La visión de vuestras almas (En Directo),Héroes del Silencio,En Directo,https://music.youtube.com/watch?v=4rbPQOfjM88
El estanque (En Directo),Héroes del Silencio,En Directo,https://music.youtube.com/watch?v=Bzbu8l3QTMA
Olvídalo (En Directo),Héroes del Silencio,En Directo,https://music.youtube.com/watch?v=h7Qx46V9Cik
Entre dos tierras (2000 Remastered Version),Héroes Del Silencio,6 Éxitos Por Un Tostón,https://music.youtube.com/watch?v=SzimletXB7M
Maldito duende (2000 Remastered Version),Héroes Del Silencio,6 Éxitos Por Un Tostón,https://music.youtube.com/watch?v=whGHIMY7r4M
La sirena varada (2000 Remastered Version),Héroes Del Silencio,6 Éxitos Por Un Tostón,https://music.youtube.com/watch?v=xJSt3uBtl_M
Deshacer el mundo (2000 Remastered Version),Héroes Del Silencio,6 Éxitos Por Un Tostón,https://music.youtube.com/watch?v=bfvuMcm2sc4
Iberia sumergida (2000 Remastered Version),Héroes Del Silencio,6 Éxitos Por Un Tostón,https://music.youtube.com/watch?v=Qw8uQ-zQKHQ
La chispa adecuada (Bendecida 3) [2000 Remastered Version],Héroes Del Silencio,6 Éxitos Por Un Tostón,https://music.youtube.com/watch?v=f4kXLlFEFTw
titulo,artistas,album,url
¿Y Todo Para Qué?,Intocable,Rosas Y Bombones Con Intocable,https://music.youtube.com/watch?v=Y9Dj3kxmiXk
Fuerte No Soy,Intocable,Rosas Y Bombones Con Intocable,https://music.youtube.com/watch?v=IpdGyN7BcMM
Enséñame A Olvidarte,Intocable,Rosas Y Bombones Con Intocable,https://music.youtube.com/watch?v=T4z-YZjMZlA
Eres Mi Droga,Intocable,Rosas Y Bombones Con Intocable,https://music.youtube.com/watch?v=rC8mQW7ImkU
Soñador Eterno,Intocable,Rosas Y Bombones Con Intocable,https://music.youtube.com/watch?v=1xDSHztdZak
Alguien Te Va A Hacer Llorar,Intocable,Rosas Y Bombones Con Intocable,https://music.youtube.com/watch?v=7xTLscQCV2M
Sueña,Intocable,Rosas Y Bombones Con Intocable,https://music.youtube.com/watch?v=wQRjuxOvOH0
Un Desengaño,Intocable,Rosas Y Bombones Con Intocable,https://music.youtube.com/watch?v=ENjsDHy8bGg
Eso Duele,Intocable,Rosas Y Bombones Con Intocable,https://music.youtube.com/watch?v=M0ACEqFvc44
Perdedor,Intocable,Rosas Y Bombones Con Intocable,https://music.youtube.com/watch?v=ftdWRT9QkzM
Estás Que Te Pelas,Intocable,Rosas Y Bombones Con Intocable,https://music.youtube.com/watch?v=e8Rd-OX4GuM
Déjame Amarte,Intocable,Rosas Y Bombones Con Intocable,https://music.youtube.com/watch?v=TrM5twm-sPE
Amor Maldito,Intocable,Rosas Y Bombones Con Intocable,https://music.youtube.com/watch?v=5cSzF7eEeO0
Llévame En Tu Viaje,Intocable,Rosas Y Bombones Con Intocable,https://music.youtube.com/watch?v=CporblAFKGw
No Te Vayas,Intocable,Rosas Y Bombones Con Intocable,https://music.youtube.com/watch?v=rmzJgQi354M
¿Dónde Estás?,Intocable,Rosas Y Bombones Con Intocable,https://music.youtube.com/watch?v=mKM0-HTRqwk
Aire,Intocable,Rosas Y Bombones Con Intocable,https://music.youtube.com/watch?v=CJbKHuxinzc
Fuertemente,Intocable,Rosas Y Bombones Con Intocable,https://music.youtube.com/watch?v=Btjyh1Shb8Q
Llévame Contigo,Intocable,Rosas Y Bombones Con Intocable,https://music.youtube.com/watch?v=ymE_2_OYmVU
Dame Un Besito,Intocable,Rosas Y Bombones Con Intocable,https://music.youtube.com/watch?v=UvverH0pIgg
Soñador Eterno,Intocable,"Fiesta Navidad Con Intocable ""Merry Christmas""",https://music.youtube.com/watch?v=1xDSHztdZak
Alguien Te Va A Hacer Llorar,Intocable,"Fiesta Navidad Con Intocable ""Merry Christmas""",https://music.youtube.com/watch?v=7xTLscQCV2M
Déjame Amarte,Intocable,"Fiesta Navidad Con Intocable ""Merry Christmas""",https://music.youtube.com/watch?v=TrM5twm-sPE
Llévame En Tu Viaje,Intocable,"Fiesta Navidad Con Intocable ""Merry Christmas""",https://music.youtube.com/watch?v=CporblAFKGw
¿Dónde Estás?,Intocable,"Fiesta Navidad Con Intocable ""Merry Christmas""",https://music.youtube.com/watch?v=mKM0-HTRqwk
Coqueta,Intocable,"Fiesta Navidad Con Intocable ""Merry Christmas""",https://music.youtube.com/watch?v=yyerBNbkrSQ
Dame Un Besito,Intocable,"Fiesta Navidad Con Intocable ""Merry Christmas""",https://music.youtube.com/watch?v=wEiu_2OCPjE
Llévame Contigo,Intocable,"Fiesta Navidad Con Intocable ""Merry Christmas""",https://music.youtube.com/watch?v=Yttlv978PPU
Contigo,Intocable,"Fiesta Navidad Con Intocable ""Merry Christmas""",https://music.youtube.com/watch?v=p1hpjwAWNkI
Soy Un Novato,Intocable,"Fiesta Navidad Con Intocable ""Merry Christmas""",https://music.youtube.com/watch?v=EbILfmytqkA
Vuelvo A Creer En El Amor,Intocable,"Fiesta Navidad Con Intocable ""Merry Christmas""",https://music.youtube.com/watch?v=L_whkfGqsVY
No Te Olvidaré,Intocable,"Fiesta Navidad Con Intocable ""Merry Christmas""",https://music.youtube.com/watch?v=cx-Sqp54kAE
Te Voy A Conquistar,Intocable,"Fiesta Navidad Con Intocable ""Merry Christmas""",https://music.youtube.com/watch?v=EbrbLdi12Rk
Huracán,Intocable,"Fiesta Navidad Con Intocable ""Merry Christmas""",https://music.youtube.com/watch?v=acMkcJPK_5Y
Vuelve,Intocable,"Fiesta Navidad Con Intocable ""Merry Christmas""",https://music.youtube.com/watch?v=k8syvT1i5L4
Olvídame Tú,Intocable,"Fiesta Navidad Con Intocable ""Merry Christmas""",https://music.youtube.com/watch?v=n6aB5J4cmXA
Ya Ves,Intocable,"Fiesta Navidad Con Intocable ""Merry Christmas""",https://music.youtube.com/watch?v=kp2UVuAXA7A
Te Extraño,Intocable,"Fiesta Navidad Con Intocable ""Merry Christmas""",https://music.youtube.com/watch?v=wU6mf0UMNr4
Más Débil Que Tú,Intocable,"Fiesta Navidad Con Intocable ""Merry Christmas""",https://music.youtube.com/watch?v=Jl8iwHlLmHk
Tiempo,Intocable,"Fiesta Navidad Con Intocable ""Merry Christmas""",https://music.youtube.com/watch?v=VfQkgOX4U8w
Obsesión,Intocable,Modus Operandi - Antología,https://music.youtube.com/watch?v=4v10dmH2IGI
Mi Castigo,Intocable,Modus Operandi - Antología,https://music.youtube.com/watch?v=JCrLBwN_BZE
Mi Alma Rota (Tanto),Intocable,Modus Operandi - Antología,https://music.youtube.com/watch?v=nYDA3BCrZKo
El Amor Cuando Se Va,Intocable,Modus Operandi - Antología,https://music.youtube.com/watch?v=UdUPvDXs_bs
Yo Seguiré,Intocable,Modus Operandi - Antología,https://music.youtube.com/watch?v=vpUKhO1VPfk
Ojalá Estuvieras Aquí,Intocable,Modus Operandi - Antología,https://music.youtube.com/watch?v=2EdgFlEVvsg
Como Si Fuera Una Canción,Intocable,Modus Operandi - Antología,https://music.youtube.com/watch?v=RPHYuXph25U
Modus Operandi,Intocable,Modus Operandi - Antología,https://music.youtube.com/watch?v=kXzONl3dhog
Dime Algo,Intocable,Modus Operandi - Antología,https://music.youtube.com/watch?v=JKniyGdQzGA
Crisis,Intocable,Modus Operandi - Antología,https://music.youtube.com/watch?v=P129Pz8jUwg
Aunque Más De Uno,Intocable,Modus Operandi - Antología,https://music.youtube.com/watch?v=Y-x38sFJb2Y
No Se Vuelve A Repetir,Intocable,Modus Operandi - Antología,https://music.youtube.com/watch?v=CEoCuaUGPnE
Si Me Duele Que Duela,Intocable,Modus Operandi - Antología,https://music.youtube.com/watch?v=G0_LI_5L-Bg
Un Poquito Tuyo,Intocable,Modus Operandi - Antología,https://music.youtube.com/watch?v=GrWtxF_1khU
Sin Morir (No Puedo) (Bonus Track),Intocable,Modus Operandi - Antología,https://music.youtube.com/watch?v=f-h3SxQrrds
Gracias,Intocable,Modus Operandi - Antología,https://music.youtube.com/watch?v=dciqe5QrbhA
"Un Poquito Tuyo (Live San Diego, CA)",Intocable,Modus Operandi - Antología,https://music.youtube.com/watch?v=8zdGQsQQBQE
"Obsesión (Live Monterrey, MX)",Intocable,Modus Operandi - Antología,https://music.youtube.com/watch?v=dFPdvVFSR94
"No Se Vuelve a Repetir (Live Houston, TX)",Intocable,Modus Operandi - Antología,https://music.youtube.com/watch?v=uyeDTQy9NqQ
Si Me Duele Que Duela (Live Mexico City),Intocable,Modus Operandi - Antología,https://music.youtube.com/watch?v=AJcydGnzd_k
"Ojalá Estuvieras Aquí (Live Guadalajara, Jalisco)",Intocable,Modus Operandi - Antología,https://music.youtube.com/watch?v=NDhURZkQMN8
"Modus Operandi (Live Los Angeles , CA)",Intocable,Modus Operandi - Antología,https://music.youtube.com/watch?v=baMTUPlDlLs
"MI Alma Rota (Tanto) (Live Austin, TX)",Intocable,Modus Operandi - Antología,https://music.youtube.com/watch?v=fJXKSj87y-c
"Mi Castigo (Live Chicago, IL)",Intocable,Modus Operandi - Antología,https://music.youtube.com/watch?v=5_5dNH6Odj0
Obsesión (Alternate Version),Intocable,Modus Operandi - Antología,https://music.youtube.com/watch?v=UlYVWrZCBZo
Un Poquito Tuyo (Demo) (feat. Pablo Preciado Riojas & Ricardo Muñoz),Intocable,Modus Operandi - Antología,https://music.youtube.com/watch?v=MPd8lKo5W9Y
Ojalá Estuvieras Aquí (Demo) (feat. Pablo Preciado Riojas),Intocable,Modus Operandi - Antología,https://music.youtube.com/watch?v=Pq34qsneHeI
Yo Seguiré (Demo) (feat. Alex Cuba & Esteman),Intocable,Modus Operandi - Antología,https://music.youtube.com/watch?v=ANOqT9VKfRU
Mi Alma Rota (Tanto) (Demo) (feat. Pablo Preciado Riojas),Intocable,Modus Operandi - Antología,https://music.youtube.com/watch?v=OlhnNZUfjbM
Aunque Más de Uno (Demo) (feat. Gussy Lao & Jesus Caballero),Intocable,Modus Operandi - Antología,https://music.youtube.com/watch?v=h33tWM1cDm4
Crisis (Demo) (feat. Pablo Preciado Riojas),Intocable,Modus Operandi - Antología,https://music.youtube.com/watch?v=aJWlw3qkRFU
Mi Castigo (Demo) (feat. Joss Favela),Intocable,Modus Operandi - Antología,https://music.youtube.com/watch?v=NLrgDJXc1l0
No Se Vuelve A Repetir (Demo) (feat. Pablo Preciado Riojas),Intocable,Modus Operandi - Antología,https://music.youtube.com/watch?v=Ruh7Il2AKec
Como Si fuera Una Canción (Demo) (feat. Joss Favela),Intocable,Modus Operandi - Antología,https://music.youtube.com/watch?v=pGr1v1DtKW8
Modus Operandi (Demo) (feat. Joss Favela),Intocable,Modus Operandi - Antología,https://music.youtube.com/watch?v=WXP5hxwEusY
Entrevista,Intocable,Modus Operandi - Antología,https://music.youtube.com/watch?v=dswxwGxaWKY
Obsesión,Intocable,Modus Operandi,https://music.youtube.com/watch?v=4v10dmH2IGI
Mi Castigo,Intocable,Modus Operandi,https://music.youtube.com/watch?v=JCrLBwN_BZE
Mi Alma Rota (Tanto),Intocable,Modus Operandi,https://music.youtube.com/watch?v=nYDA3BCrZKo
El Amor Cuando Se Va,Intocable,Modus Operandi,https://music.youtube.com/watch?v=UdUPvDXs_bs
Yo Seguiré,Intocable,Modus Operandi,https://music.youtube.com/watch?v=vpUKhO1VPfk
Ojalá Estuvieras Aquí,Intocable,Modus Operandi,https://music.youtube.com/watch?v=2EdgFlEVvsg
Como Si Fuera Una Canción,Intocable,Modus Operandi,https://music.youtube.com/watch?v=RPHYuXph25U
Modus Operandi,Intocable,Modus Operandi,https://music.youtube.com/watch?v=kXzONl3dhog
Dime Algo,Intocable,Modus Operandi,https://music.youtube.com/watch?v=JKniyGdQzGA
Crisis,Intocable,Modus Operandi,https://music.youtube.com/watch?v=P129Pz8jUwg
Aunque Más De Uno,Intocable,Modus Operandi,https://music.youtube.com/watch?v=Y-x38sFJb2Y
No Se Vuelve A Repetir,Intocable,Modus Operandi,https://music.youtube.com/watch?v=CEoCuaUGPnE
Si Me Duele Que Duela,Intocable,Modus Operandi,https://music.youtube.com/watch?v=G0_LI_5L-Bg
Un Poquito Tuyo,Intocable,Modus Operandi,https://music.youtube.com/watch?v=GrWtxF_1khU
Sin Morir (No Puedo) (Bonus Track),Intocable,Modus Operandi,https://music.youtube.com/watch?v=f-h3SxQrrds
Gracias,Intocable,Modus Operandi,https://music.youtube.com/watch?v=dciqe5QrbhA
Fuerte No Soy,Intocable,Duelo Romántico,https://music.youtube.com/watch?v=IpdGyN7BcMM
Malabares,Duelo,Duelo Romántico,https://music.youtube.com/watch?v=pn4xwPgxM1E
Soñador Eterno,Intocable,Duelo Romántico,https://music.youtube.com/watch?v=1xDSHztdZak
Sentimientos De Cartón,Duelo,Duelo Romántico,https://music.youtube.com/watch?v=Khi3XXxFgwM
Un Desengaño,Intocable,Duelo Romántico,https://music.youtube.com/watch?v=ENjsDHy8bGg
Amiga Soledad,Duelo,Duelo Romántico,https://music.youtube.com/watch?v=YCFlS3EllyI
Sueña,Intocable,Duelo Romántico,https://music.youtube.com/watch?v=wQRjuxOvOH0
Es Muy Raro Que Vuelva,Duelo,Duelo Romántico,https://music.youtube.com/watch?v=jddKdrRF4O0
Alguien Te Va A Hacer Llorar,Intocable,Duelo Romántico,https://music.youtube.com/watch?v=7xTLscQCV2M
Te Odio Y Te Amo,Duelo,Duelo Romántico,https://music.youtube.com/watch?v=dV8Zj_xu-f0
Perdedor,Intocable,Duelo Romántico,https://music.youtube.com/watch?v=ftdWRT9QkzM
Bienvenido Al Amor,Duelo,Duelo Romántico,https://music.youtube.com/watch?v=07xaG6vjVtk
Llévame En Tu Viaje,Intocable,Duelo Romántico,https://music.youtube.com/watch?v=CporblAFKGw
Desde Hoy,Duelo,Duelo Romántico,https://music.youtube.com/watch?v=u2wTo1glblw
Déjame Amarte,Intocable,Duelo Romántico,https://music.youtube.com/watch?v=TrM5twm-sPE
Un Minuto Más,Duelo,Duelo Romántico,https://music.youtube.com/watch?v=I-HmHAbfveA
¿Dónde Estás?,Intocable,Duelo Romántico,https://music.youtube.com/watch?v=mKM0-HTRqwk
Pobre Loco,Duelo,Duelo Romántico,https://music.youtube.com/watch?v=5l3CxF8H3T8
Fuertemente,Intocable,Duelo Romántico,https://music.youtube.com/watch?v=3qoXChmK1oo
Por Amarte Tanto,Duelo,Duelo Romántico,https://music.youtube.com/watch?v=DON5K7MD0rQ
Le Creí,Pesado,Lo Mejor De Dos Grandes,https://music.youtube.com/watch?v=bZu74Cz97kY
¿Y Todo Para Qué?,Intocable,Lo Mejor De Dos Grandes,https://music.youtube.com/watch?v=Y9Dj3kxmiXk
Mi Promesa,Pesado,Lo Mejor De Dos Grandes,https://music.youtube.com/watch?v=amKAOtea34c
Fuerte No Soy,Intocable,Lo Mejor De Dos Grandes,https://music.youtube.com/watch?v=IpdGyN7BcMM
Mi Primer Amor,Pesado,Lo Mejor De Dos Grandes,https://music.youtube.com/watch?v=f03mywfdLoM
Soñador Eterno,Intocable,Lo Mejor De Dos Grandes,https://music.youtube.com/watch?v=1xDSHztdZak
El Mil Amores,Pesado,Lo Mejor De Dos Grandes,https://music.youtube.com/watch?v=oJHQnq16BCs
Un Desengaño,Intocable,Lo Mejor De Dos Grandes,https://music.youtube.com/watch?v=ENjsDHy8bGg
Mientras Dormías,Pesado,Lo Mejor De Dos Grandes,https://music.youtube.com/watch?v=H2P9O97IGAQ
Enséñame A Olvidarte,Intocable,Lo Mejor De Dos Grandes,https://music.youtube.com/watch?v=T4z-YZjMZlA
Ojalá,Pesado,Lo Mejor De Dos Grandes,https://music.youtube.com/watch?v=4mO0q5SZWnw
Eres Mi Droga,Intocable,Lo Mejor De Dos Grandes,https://music.youtube.com/watch?v=rC8mQW7ImkU
Cielo Nublado Aka Cielo Nevado (En Vivo),Pesado,Lo Mejor De Dos Grandes,https://music.youtube.com/watch?v=u2PrLkGlANk
Sueña,Intocable,Lo Mejor De Dos Grandes,https://music.youtube.com/watch?v=wQRjuxOvOH0
Ingrato Amor (Live At Nuevo León México/2009),Pesado,Lo Mejor De Dos Grandes,https://music.youtube.com/watch?v=E2KAE1N3GZQ
Alguien Te Va A Hacer Llorar,Intocable,Lo Mejor De Dos Grandes,https://music.youtube.com/watch?v=7xTLscQCV2M
Que Aún Te Amo,Pesado,Lo Mejor De Dos Grandes,https://music.youtube.com/watch?v=Ixh_1ftYVjo
Eso Duele,Intocable,Lo Mejor De Dos Grandes,https://music.youtube.com/watch?v=M0ACEqFvc44
Quiero Que Sepas (Live At Nuevo León México/2009),Pesado,Lo Mejor De Dos Grandes,https://music.youtube.com/watch?v=1gbHw4As3uw
Estás Que Te Pelas,Intocable,Lo Mejor De Dos Grandes,https://music.youtube.com/watch?v=MmpsG21AEN8
Fuerte No Soy,Intocable,THE BEST OF,https://music.youtube.com/watch?v=IpdGyN7BcMM
¿Y Todo Para Qué?,Intocable,THE BEST OF,https://music.youtube.com/watch?v=Y9Dj3kxmiXk
Alguien Te Va A Hacer Llorar,Intocable,THE BEST OF,https://music.youtube.com/watch?v=7xTLscQCV2M
Soñador Eterno,Intocable,THE BEST OF,https://music.youtube.com/watch?v=1xDSHztdZak
Un Desengaño,Intocable,THE BEST OF,https://music.youtube.com/watch?v=ENjsDHy8bGg
Eso Duele,Intocable,THE BEST OF,https://music.youtube.com/watch?v=M0ACEqFvc44
Enséñame A Olvidarte,Intocable,THE BEST OF,https://music.youtube.com/watch?v=T4z-YZjMZlA
Sueña,Intocable,THE BEST OF,https://music.youtube.com/watch?v=wQRjuxOvOH0
Perdedor,Intocable,THE BEST OF,https://music.youtube.com/watch?v=ftdWRT9QkzM
Estás Que Te Pelas,Intocable,THE BEST OF,https://music.youtube.com/watch?v=kaDqVw0uTtM
El Amigo Que Se Fué,Intocable,THE BEST OF,https://music.youtube.com/watch?v=lOGihoDwC04
Aire,Intocable,THE BEST OF,https://music.youtube.com/watch?v=0HAwj6PAHYg
Llévame En Tu Viaje,Intocable,THE BEST OF,https://music.youtube.com/watch?v=CporblAFKGw
No Te Vayas,Intocable,THE BEST OF,https://music.youtube.com/watch?v=rmzJgQi354M
Amor Maldito,Intocable,THE BEST OF,https://music.youtube.com/watch?v=5cSzF7eEeO0
Déjame Amarte,Intocable,THE BEST OF,https://music.youtube.com/watch?v=TrM5twm-sPE
Dame Un Besito,Intocable,THE BEST OF,https://music.youtube.com/watch?v=NfnW6Mp3XlI
Dejate Amar,Intocable,THE BEST OF,https://music.youtube.com/watch?v=a2kHLcaYFxg
Por Un Beso,Intocable,THE BEST OF,https://music.youtube.com/watch?v=6Tqld48AxIY
El Poder De Tus Manos,Intocable,THE BEST OF,https://music.youtube.com/watch?v=vfZtr2W6Kks
Fuerte No Soy,Intocable,Las Retro Chingonas,https://music.youtube.com/watch?v=IpdGyN7BcMM
¿Y Todo Para Qué?,Intocable,Las Retro Chingonas,https://music.youtube.com/watch?v=Y9Dj3kxmiXk
Sueña,Intocable,Las Retro Chingonas,https://music.youtube.com/watch?v=wQRjuxOvOH0
Soñador Eterno,Intocable,Las Retro Chingonas,https://music.youtube.com/watch?v=1xDSHztdZak
Alguien Te Va A Hacer Llorar,Intocable,Las Retro Chingonas,https://music.youtube.com/watch?v=7xTLscQCV2M
Eres Mi Droga,Intocable,Las Retro Chingonas,https://music.youtube.com/watch?v=rC8mQW7ImkU
Un Desengaño,Intocable,Las Retro Chingonas,https://music.youtube.com/watch?v=ENjsDHy8bGg
Enséñame A Olvidarte,Intocable,Las Retro Chingonas,https://music.youtube.com/watch?v=T4z-YZjMZlA
Perdedor,Intocable,Las Retro Chingonas,https://music.youtube.com/watch?v=ftdWRT9QkzM
Estás Que Te Pelas,Intocable,Las Retro Chingonas,https://music.youtube.com/watch?v=4AJbhQm9K2w
Llévame En Tu Viaje,Intocable,Las Retro Chingonas,https://music.youtube.com/watch?v=CporblAFKGw
El Amigo Que Se Fué,Intocable,Las Retro Chingonas,https://music.youtube.com/watch?v=lOGihoDwC04
Eso Duele,Intocable,Las Retro Chingonas,https://music.youtube.com/watch?v=M0ACEqFvc44
Amor Maldito,Intocable,Las Retro Chingonas,https://music.youtube.com/watch?v=5cSzF7eEeO0
Aire,Intocable,Las Retro Chingonas,https://music.youtube.com/watch?v=oIbEPHNsVz8
No Te Vayas,Intocable,Las Retro Chingonas,https://music.youtube.com/watch?v=rmzJgQi354M
Coqueta,Intocable,Las Retro Chingonas,https://music.youtube.com/watch?v=yyerBNbkrSQ
Déjame Amarte,Intocable,Las Retro Chingonas,https://music.youtube.com/watch?v=TrM5twm-sPE
¿Dónde Estás?,Intocable,Las Retro Chingonas,https://music.youtube.com/watch?v=mKM0-HTRqwk
Por Un Beso,Intocable,Las Retro Chingonas,https://music.youtube.com/watch?v=6Tqld48AxIY
Dame Un Besito,Intocable,Las Retro Chingonas,https://music.youtube.com/watch?v=IbrOTEVCy2Q
Es Tan Bello,Intocable,Las Retro Chingonas,https://music.youtube.com/watch?v=HgBLZn24U2c
Dejate Amar,Intocable,Las Retro Chingonas,https://music.youtube.com/watch?v=KKyKo43WOw4
El Poder De Tus Manos,Intocable,Las Retro Chingonas,https://music.youtube.com/watch?v=vfZtr2W6Kks
Ayúdame,Intocable,Las Retro Chingonas,https://music.youtube.com/watch?v=nXnqqqDKXZ8
Fuertemente,Intocable,Las Retro Chingonas,https://music.youtube.com/watch?v=uEhbxuH8xw4
Vete Ya,Intocable,Las Retro Chingonas,https://music.youtube.com/watch?v=5c_6uZRXKqU
Llévame Contigo,Intocable,Las Retro Chingonas,https://music.youtube.com/watch?v=qfEFtBkbGIE
Contigo,Intocable,Las Retro Chingonas,https://music.youtube.com/watch?v=26PnNrlIDgE
Es Mejor Decir Adiós,Intocable,Las Retro Chingonas,https://music.youtube.com/watch?v=qnw8GBrsi34
Soñador Eterno,Intocable,Cumbias Para Bailar,https://music.youtube.com/watch?v=1xDSHztdZak
Alguien Te Va A Hacer Llorar,Intocable,Cumbias Para Bailar,https://music.youtube.com/watch?v=7xTLscQCV2M
Llévame En Tu Viaje,Intocable,Cumbias Para Bailar,https://music.youtube.com/watch?v=CporblAFKGw
Déjame Amarte,Intocable,Cumbias Para Bailar,https://music.youtube.com/watch?v=TrM5twm-sPE
Coqueta,Intocable,Cumbias Para Bailar,https://music.youtube.com/watch?v=yyerBNbkrSQ
¿Dónde Estás?,Intocable,Cumbias Para Bailar,https://music.youtube.com/watch?v=mKM0-HTRqwk
Llévame Contigo,Intocable,Cumbias Para Bailar,https://music.youtube.com/watch?v=4UOkrVKGFjo
Soy Un Novato,Intocable,Cumbias Para Bailar,https://music.youtube.com/watch?v=noiwNyHfkzs
Nada Es Igual,Intocable,Cumbias Para Bailar,https://music.youtube.com/watch?v=vZNnLZ2POXU
Contigo,Intocable,Cumbias Para Bailar,https://music.youtube.com/watch?v=SblZXEiZ0hY
Huracán,Intocable,Cumbias Para Bailar,https://music.youtube.com/watch?v=2x4E6BMdVj8
Más Débil Que Tú,Intocable,Cumbias Para Bailar,https://music.youtube.com/watch?v=fASoNN3gMI8
Vuelvo A Creer En El Amor,Intocable,Cumbias Para Bailar,https://music.youtube.com/watch?v=SLQOo_u72cE
No Te Olvidaré,Intocable,Cumbias Para Bailar,https://music.youtube.com/watch?v=t1aOV1z474s
Ya Ves,Intocable,Cumbias Para Bailar,https://music.youtube.com/watch?v=VrHyBVsXGBA
Me Quede Sin Gas (Polka),Intocable,Texican,https://music.youtube.com/watch?v=ST-gJwsUQPM
El Terregal (Huapango),Intocable,Texican,https://music.youtube.com/watch?v=AbqCcY-C1Cc
Chula (Polka),Intocable,Texican,https://music.youtube.com/watch?v=c4mdYcrM-A0
Rico Rico (Redova),Intocable,Texican,https://music.youtube.com/watch?v=y5uKixm_fgI
Los Coyotes (Polka),Intocable,Texican,https://music.youtube.com/watch?v=APHCc4GUI6Y
La Gozadera (Fiesta),Intocable,Texican,https://music.youtube.com/watch?v=UebNp1nMiz8
El Carrejo (Schotiz),Intocable,Texican,https://music.youtube.com/watch?v=o7g7Qg6VVBM
El Tiroteo (Polka),Intocable,Texican,https://music.youtube.com/watch?v=pk6QQehtLK0
Nostalgia (Vals),Intocable,Texican,https://music.youtube.com/watch?v=CxW_h5o23pg
Essencia (Texican Blues),Intocable,Texican,https://music.youtube.com/watch?v=asjdgMlxLCA
Canto De Acordeones (feat. Joel Guzman),Intocable,Texican,https://music.youtube.com/watch?v=nbIX15jXkVY
Estamos Todos,Intocable,Estamos Todos,https://music.youtube.com/watch?v=HwCNTCUbrWs
Me Gusta Mi Vida,Intocable,Me Gusta Mi Vida,https://music.youtube.com/watch?v=ik8UZbag3sk
Obsesión,Intocable,Obsesión,https://music.youtube.com/watch?v=4v10dmH2IGI
No Se Vuelve A Repetir,Intocable,No Se Vuelve A Repetir,https://music.youtube.com/watch?v=CEoCuaUGPnE
Yo Seguiré,Intocable,Yo Seguiré,https://music.youtube.com/watch?v=vpUKhO1VPfk
Un Poquito Tuyo,Intocable,Un Poquito Tuyo,https://music.youtube.com/watch?v=GrWtxF_1khU
No Me Hablen de Amor,Pepe Aguilar,No Me Hablen de Amor,https://music.youtube.com/watch?v=qlmIfOQ7_j0
Más Muerto Que Vivo,Matisse,Más Muerto Que Vivo,https://music.youtube.com/watch?v=1yOnXw69nlo
Si Me Duele Que Duela,Intocable,Si Me Duele Que Duela,https://music.youtube.com/watch?v=G0_LI_5L-Bg
Te Voy a Amar,Intocable,Te Voy a Amar,https://music.youtube.com/watch?v=FCfnSR4zruM
titulo,artistas,album,url
Caricatura (Remastered 2025),Joan Sebastian,"Norteño, Vol. 2 (Remastered 2025)",https://music.youtube.com/watch?v=wgvW3plbCAQ
No Me Quedo Llorando (Remastered 2025),Joan Sebastian,"Norteño, Vol. 2 (Remastered 2025)",https://music.youtube.com/watch?v=WoauA7AnDjw
Cuautla Panaloya (Remastered 2025),Joan Sebastian,"Norteño, Vol. 2 (Remastered 2025)",https://music.youtube.com/watch?v=huPpjY39qOw
Trono Caído (Remastered 2025),Joan Sebastian,"Norteño, Vol. 2 (Remastered 2025)",https://music.youtube.com/watch?v=LWTeSBG7R1c
Mayra (Remastered 2025),Joan Sebastian,"Norteño, Vol. 2 (Remastered 2025)",https://music.youtube.com/watch?v=s8tFJRmeN1A
Un Cariño Como Tú (Remastered 2025),Joan Sebastian,"Norteño, Vol. 2 (Remastered 2025)",https://music.youtube.com/watch?v=TbPEDOkDHOo
La Prietita Que Yo Quiero (Remastered 2025),Joan Sebastian,"Norteño, Vol. 2 (Remastered 2025)",https://music.youtube.com/watch?v=D7Pak0T-iJQ
Los Ladrones (Remastered 2025),Joan Sebastian,"Norteño, Vol. 2 (Remastered 2025)",https://music.youtube.com/watch?v=CpKVlGuWq64
Papalotito (Remastered 2025),Joan Sebastian,"Norteño, Vol. 2 (Remastered 2025)",https://music.youtube.com/watch?v=2ad1kWRRXvY
Mala Mala (Remastered 2025),Joan Sebastian,"Norteño, Vol. 2 (Remastered 2025)",https://music.youtube.com/watch?v=13a0LgX0Bqc
Más Allá Del Sol,Joan Sebastian,Joan Sebastian - Banda,https://music.youtube.com/watch?v=th4rbjb504c
Sentimental,Joan Sebastian,Joan Sebastian - Banda,https://music.youtube.com/watch?v=rkHhgevVXU8
El Viejo Joven,Joan Sebastian,Joan Sebastian - Banda,https://music.youtube.com/watch?v=kRU5CdKmK-Q
Sangoloteadito,Joan Sebastian,Joan Sebastian - Banda,https://music.youtube.com/watch?v=FqD-jN8Ao9U
Ojitos De Golondrina,Joan Sebastian,Joan Sebastian - Banda,https://music.youtube.com/watch?v=cNJIWewh_TY
Manuel Juárez,Joan Sebastian,Joan Sebastian - Banda,https://music.youtube.com/watch?v=SpK28Cvu1_s
Amor Limosnero,Joan Sebastian,Joan Sebastian - Banda,https://music.youtube.com/watch?v=PXDHW2IGBJc
Así Te Quiero,Joan Sebastian,Joan Sebastian - Banda,https://music.youtube.com/watch?v=w-ZXpxoMg94
Quiero Compartir,Joan Sebastian,Joan Sebastian - Banda,https://music.youtube.com/watch?v=FdVx4Me71Us
Soy Cómo Quiero Ser,Joan Sebastian,Joan Sebastian - Banda,https://music.youtube.com/watch?v=cqNhJfcmoZo
El Peor De Tus Antojos,Joan Sebastian,Joan Sebastian - Banda,https://music.youtube.com/watch?v=aoIEzCl82n0
Carrera de la Barranca,Joan Sebastian,Joan Sebastian - Banda,https://music.youtube.com/watch?v=tE-qP0KLxyY
En la Barra,Joan Sebastian,Joan Sebastian - Banda,https://music.youtube.com/watch?v=3vmk4b-CGws
Carrera A Muerte,Joan Sebastian,Joan Sebastian - Banda,https://music.youtube.com/watch?v=KaGZnl05ho8
Mujeres Bonitas,Joan Sebastian,Joan Sebastian - Banda,https://music.youtube.com/watch?v=zSPsnl7cSGc
Quiéreme (Remastered 2024),Joan Sebastian,Norteño (Remastered 2024),https://music.youtube.com/watch?v=YcU_BYSzKWo
La Polka de Reynosa (Remastered 2024),Joan Sebastian,Norteño (Remastered 2024),https://music.youtube.com/watch?v=fvEwTZZpPv0
Verdad Que Duele (Remastered 2024),Joan Sebastian,Norteño (Remastered 2024),https://music.youtube.com/watch?v=8KQ__x9DP98
En Tu Sonrisa (Remastered 2024),Joan Sebastian,Norteño (Remastered 2024),https://music.youtube.com/watch?v=kCO3yzG-jCQ
El Corrido de Zenón (Remastered 2024),Joan Sebastian,Norteño (Remastered 2024),https://music.youtube.com/watch?v=BD5o2EKvM0M
Más Que a Ninguna (Remastered 2024),Joan Sebastian,Norteño (Remastered 2024),https://music.youtube.com/watch?v=MZTuktEsYWs
Llorar Entre Sombras (Remastered 2024),Joan Sebastian,Norteño (Remastered 2024),https://music.youtube.com/watch?v=VqsgQo12HbI
Traficante de Besos (Remastered 2024),Joan Sebastian,Norteño (Remastered 2024),https://music.youtube.com/watch?v=_zgWq_cCcEg
Levantado en Armas (Remastered 2024),Joan Sebastian,Norteño (Remastered 2024),https://music.youtube.com/watch?v=RNU2wbJXbG8
Ojitos de Golondrina (Remastered 2024),Joan Sebastian,Norteño (Remastered 2024),https://music.youtube.com/watch?v=3VmG0ucBXuU
Tatuajes,Joan Sebastian,Joan Sebastian con Mariachi,https://music.youtube.com/watch?v=AN9jsmZhSmg
Qué No Te Asombre (feat. Marisela),Joan Sebastian,Joan Sebastian con Mariachi,https://music.youtube.com/watch?v=4iq9NI8UM8I
Enamorarse Así,Joan Sebastian,Joan Sebastian con Mariachi,https://music.youtube.com/watch?v=KCoh0wf2QkM
Aunque Me Duela el Alma,Joan Sebastian,Joan Sebastian con Mariachi,https://music.youtube.com/watch?v=VMvcW0wZ5bw
El Muchacho Triste,Joan Sebastian,Joan Sebastian con Mariachi,https://music.youtube.com/watch?v=NQ2GTTfF37o
Un Nuevo Nido,Joan Sebastian,Joan Sebastian con Mariachi,https://music.youtube.com/watch?v=ue0yMBdR6fs
Que Ya No Estás,Joan Sebastian,Joan Sebastian con Mariachi,https://music.youtube.com/watch?v=3qtyWiEUmSo
Experto en Fracasos (Contando Penas),Joan Sebastian,Joan Sebastian con Mariachi,https://music.youtube.com/watch?v=c7UrktuWU5c
Definitivamente,Joan Sebastian,Joan Sebastian con Mariachi,https://music.youtube.com/watch?v=lAkjaXyKPdM
Me Enamoré de Ti,Joan Sebastian,Joan Sebastian con Mariachi,https://music.youtube.com/watch?v=TQUzfMnzZEg
No La Voy A Engañar (Versión Pop),Joan Sebastian,Mi Esencia,https://music.youtube.com/watch?v=TlmgiH3KMQo
Voy A Conquistarte,Joan Sebastian,Mi Esencia,https://music.youtube.com/watch?v=cPXiI6xgMPA
La Derrota,Joan Sebastian,Mi Esencia,https://music.youtube.com/watch?v=_FcWjGFuNiI
Un Millón De Primaveras,Joan Sebastian,Mi Esencia,https://music.youtube.com/watch?v=ORQHYh562No
Tú Sabes Quién,Joan Sebastian,Mi Esencia,https://music.youtube.com/watch?v=C4lAXyQl4fg
Que Dios Bendiga,Joan Sebastian,Mi Esencia,https://music.youtube.com/watch?v=URZlNsXC42Q
El Padrino,Joan Sebastian,Mi Esencia,https://music.youtube.com/watch?v=zVkmMYyicgM
Niña Hechicera,Joan Sebastian,Mi Esencia,https://music.youtube.com/watch?v=GyURkS5eG3U
Diséñame,Joan Sebastian,Mi Esencia,https://music.youtube.com/watch?v=aA1jmigpoa0
Estuve,Joan Sebastian,Mi Esencia,https://music.youtube.com/watch?v=yXuNXSpA8Kc
Te Irá Mejor Sin Mí,Joan Sebastian,Las Retro Chingonas,https://music.youtube.com/watch?v=None
Voy A Conquistarte,Joan Sebastian,Las Retro Chingonas,https://music.youtube.com/watch?v=T8_mAUbwlzE
Un Millón De Primaveras,Joan Sebastian,Las Retro Chingonas,https://music.youtube.com/watch?v=Ojex1Ch8q3o
La Derrota,Joan Sebastian,Las Retro Chingonas,https://music.youtube.com/watch?v=AUoYee-ahqY
Se Va A Arrepentir,Joan Sebastian,Las Retro Chingonas,https://music.youtube.com/watch?v=om6C1u_AomM
No La Voy A Engañar,Joan Sebastian,Las Retro Chingonas,https://music.youtube.com/watch?v=None
Estuve,Joan Sebastian,Las Retro Chingonas,https://music.youtube.com/watch?v=CS51YAKcqco
Diséñame,Joan Sebastian,Las Retro Chingonas,https://music.youtube.com/watch?v=iDcT6MsbQ60
Que Sea,Joan Sebastian,Las Retro Chingonas,https://music.youtube.com/watch?v=qjZwyGMZ1hQ
Hoy Tengo Miedo,Joan Sebastian,Las Retro Chingonas,https://music.youtube.com/watch?v=drvTwPDe__8
Que Dios Bendiga,Joan Sebastian,Las Retro Chingonas,https://music.youtube.com/watch?v=G_R5Jauz_SU
Golondrinas Viajeras (feat. Lucero),Joan Sebastian,Las Retro Chingonas,https://music.youtube.com/watch?v=4hFdo1wvhI8
Regalo A Mi Medida,José Manuel Figueroa,Las Retro Chingonas,https://music.youtube.com/watch?v=nLoHdaPAvno
Tú Sabes Quien,Joan Sebastian,Las Retro Chingonas,https://music.youtube.com/watch?v=gs7KkutNprI
Atemporal,Joan Sebastian,Las Retro Chingonas,https://music.youtube.com/watch?v=om6C1u_AomM
Me Quiere Mi Perro,Joan Sebastian,Las Retro Chingonas,https://music.youtube.com/watch?v=None
"Dios Mío, Qué Mujer!",Joan Sebastian,Las Retro Chingonas,https://music.youtube.com/watch?v=_LkeMoyzFLk
Trampa,Joan Sebastian,Las Retro Chingonas,https://music.youtube.com/watch?v=rJLNoT0VcQ8
Niña Hechicera,Joan Sebastian,Las Retro Chingonas,https://music.youtube.com/watch?v=h2il8-LTZ4s
Secreto De Amor (En Vivo),Joan Sebastian,Las Retro Chingonas,https://music.youtube.com/watch?v=hGWQFrFAf48
Me Voy A Comprar Un Perro,Joan Sebastian,Las Retro Chingonas,https://music.youtube.com/watch?v=drvTwPDe__8
Vals Del Amor,Joan Sebastian,Las Retro Chingonas,https://music.youtube.com/watch?v=None
La Compañera Que Elegí,Joan Sebastian,Las Retro Chingonas,https://music.youtube.com/watch?v=MX-9EZAIExw
El Padrino,Joan Sebastian,Las Retro Chingonas,https://music.youtube.com/watch?v=sTlGHLk-UH8
Paloma Gris,Joan Sebastian,Las Retro Chingonas,https://music.youtube.com/watch?v=None
El Perdedor,Joan Sebastian,Mis Nuevas Baladas,https://music.youtube.com/watch?v=0iPZMSPfnyI
Esa,Joan Sebastian,Mis Nuevas Baladas,https://music.youtube.com/watch?v=SzbwK4X4gq0
Nube Gris,Joan Sebastian,Mis Nuevas Baladas,https://music.youtube.com/watch?v=Cpo3hiRRouI
Bule de Agua Fresca,Joan Sebastian,Mis Nuevas Baladas,https://music.youtube.com/watch?v=Wtftj_6pIO0
El Último Jinete,Joan Sebastian,Mis Nuevas Baladas,https://music.youtube.com/watch?v=m0VzKWYO0QQ
Ella Está Casada,Joan Sebastian,Mis Nuevas Baladas,https://music.youtube.com/watch?v=9xy6Wld-iLI
Buena Amiga,Joan Sebastian,Mis Nuevas Baladas,https://music.youtube.com/watch?v=RHndjLMZERA
Pirata,Joan Sebastian,Mis Nuevas Baladas,https://music.youtube.com/watch?v=3uEnvPi0rXE
Todavía Creo,Joan Sebastian,Mis Nuevas Baladas,https://music.youtube.com/watch?v=kOFAfdtaixQ
A Medio Metro,Joan Sebastian,Mis Nuevas Baladas,https://music.youtube.com/watch?v=pxhlYhUjMb8
Atemporal,Joan Sebastian,Atemporal,https://music.youtube.com/watch?v=1-s40xQQIPw
Se Va A Arrepentir,Joan Sebastian,Atemporal,https://music.youtube.com/watch?v=om6C1u_AomM
Trampa,Joan Sebastian,Atemporal,https://music.youtube.com/watch?v=rJLNoT0VcQ8
Que No Que No,Joan Sebastian,Atemporal,https://music.youtube.com/watch?v=sQC32eGhT20
Que Sea,Joan Sebastian,Atemporal,https://music.youtube.com/watch?v=qjZwyGMZ1hQ
Cruzando El Mar,Joan Sebastian,Atemporal,https://music.youtube.com/watch?v=R0q-GZU_vVc
Amor Del Bueno (feat. Angélica María),Joan Sebastian,Atemporal,https://music.youtube.com/watch?v=8czj__waR4k
Pachito,Joan Sebastian,Atemporal,https://music.youtube.com/watch?v=YSgWcQPbxAE
La Compañera Que Elegí,Joan Sebastian,Atemporal,https://music.youtube.com/watch?v=MX-9EZAIExw
El Que La Hace La Paga,Joan Sebastian,Atemporal,https://music.youtube.com/watch?v=2p-2d0CvJXU
Hoy Tengo Miedo,Joan Sebastian,Atemporal,https://music.youtube.com/watch?v=drvTwPDe__8
Me Voy A Comprar Un Perro,Joan Sebastian,Atemporal,https://music.youtube.com/watch?v=drvTwPDe__8
Gracias Por Tanto Amor,Joan Sebastian,Gracias por Tanto Amor,https://music.youtube.com/watch?v=q0VyqlPFRpA
Que Bonita Pareja,Joan Sebastian,Gracias por Tanto Amor,https://music.youtube.com/watch?v=_qwZnVcgywE
Me Gustas,Joan Sebastian,Gracias por Tanto Amor,https://music.youtube.com/watch?v=MtS63a00sGI
Llorar,Joan Sebastian,Gracias por Tanto Amor,https://music.youtube.com/watch?v=pe6u4QJxE9M
Amorcito Mío,Joan Sebastian,Gracias por Tanto Amor,https://music.youtube.com/watch?v=JPjbatu8cy8
Amor Limosnero,Joan Sebastian,Gracias por Tanto Amor,https://music.youtube.com/watch?v=eTpEP7mJsSY
Sentimental,Joan Sebastian,Gracias por Tanto Amor,https://music.youtube.com/watch?v=1pqjT43QjGw
Lo Dijo El Corazón,Joan Sebastian,Gracias por Tanto Amor,https://music.youtube.com/watch?v=wtzvKVTPL3w
Melodia Para Dos,Joan Sebastian,Gracias por Tanto Amor,https://music.youtube.com/watch?v=1kr1u2TnIKk
Cascadita De Te Quieros,Joan Sebastian,Gracias por Tanto Amor,https://music.youtube.com/watch?v=K4I8fS6sM-Y
La Derrota,Joan Sebastian,Amores A Rienda Suelta,https://music.youtube.com/watch?v=AUoYee-ahqY
Llévatela (Fue Prestada),Joan Sebastian,Amores A Rienda Suelta,https://music.youtube.com/watch?v=jOCZqvdfaPk
Amores Malditos,Joan Sebastian,Amores A Rienda Suelta,https://music.youtube.com/watch?v=evI4M_WWGkA
Huevos Rancheros,Joan Sebastian,Amores A Rienda Suelta,https://music.youtube.com/watch?v=H6WDe-4lrp0
Que Dios Bendiga,Joan Sebastian,Amores A Rienda Suelta,https://music.youtube.com/watch?v=G_R5Jauz_SU
Nadie Como Tú,Joan Sebastian,Amores A Rienda Suelta,https://music.youtube.com/watch?v=XecMFGCw210
Estuve,Joan Sebastian,Amores A Rienda Suelta,https://music.youtube.com/watch?v=CS51YAKcqco
Pero Voy A Olvidar,Joan Sebastian,Amores A Rienda Suelta,https://music.youtube.com/watch?v=6Siz1lkd0nk
Tú Sabes Quien,Joan Sebastian,Amores A Rienda Suelta,https://music.youtube.com/watch?v=gs7KkutNprI
Golondrinas Viajeras (feat. Lucero),Joan Sebastian,Amores A Rienda Suelta,https://music.youtube.com/watch?v=4hFdo1wvhI8
Voy A Conquistarte,Joan Sebastian,Amores A Rienda Suelta,https://music.youtube.com/watch?v=T8_mAUbwlzE
Un Millón De Primaveras,Joan Sebastian,Amores A Rienda Suelta,https://music.youtube.com/watch?v=Ojex1Ch8q3o
Diséñame,Joan Sebastian,Amores A Rienda Suelta,https://music.youtube.com/watch?v=DCbj9LLd7Wo
El Padrino (Banda Version),Joan Sebastian,Amores A Rienda Suelta,https://music.youtube.com/watch?v=TXkJBPXJ25A
Niña Hechicera,Joan Sebastian,Amores A Rienda Suelta,https://music.youtube.com/watch?v=h2il8-LTZ4s
Un Idiota (Te Perdí),Joan Sebastian,Un Idiota (Te Perdí),https://music.youtube.com/watch?v=Y0ePDTjWCJw
Sentimental (Sombras),Joan Sebastian,Un Idiota (Te Perdí),https://music.youtube.com/watch?v=bAjqCTzRO64
Secreto de Amor (La Noche),Joan Sebastian,Un Idiota (Te Perdí),https://music.youtube.com/watch?v=viSmDd8UJoE
Sentimental (Sombras),Joan Sebastian,Sentimental (Sombras),https://music.youtube.com/watch?v=bAjqCTzRO64
Secreto de Amor (La Noche),Joan Sebastian,Sentimental (Sombras),https://music.youtube.com/watch?v=viSmDd8UJoE
Préstame tu Noche,"Joan Sebastian, Marco Antonio Solís",Volví Pa'l Pueblo Acompañado Vol. 2,https://music.youtube.com/watch?v=wExEfYI5NAc
Volaré,Joan Sebastian,Volví Pa'l Pueblo Acompañado Vol. 2,https://music.youtube.com/watch?v=kE7p944fEEA
Si Vuelves Resucito,Joan Sebastian,Volví Pa'l Pueblo Acompañado Vol. 2,https://music.youtube.com/watch?v=BITNiFDNjfI
Quiero Que Llueva,Joan Sebastian,Volví Pa'l Pueblo Acompañado Vol. 2,https://music.youtube.com/watch?v=5pPom8AjVXE
Falta Muy Poco,Joan Sebastian,Volví Pa'l Pueblo Acompañado Vol. 2,https://music.youtube.com/watch?v=fh7MXP2TDR8
La Flaca,Joan Sebastian,Volví Pa'l Pueblo Acompañado Vol. 2,https://music.youtube.com/watch?v=b6zEVdgdDdc
Préstame tu Noche,Marco Antonio Solís,Préstame tu Noche,https://music.youtube.com/watch?v=wExEfYI5NAc
Si Vuelves Resucito,Joan Sebastian,Si Vuelves Resucito,https://music.youtube.com/watch?v=BITNiFDNjfI
Secreto de Amor (La Noche),Joan Sebastian,Secreto de Amor (La Noche),https://music.youtube.com/watch?v=viSmDd8UJoE
Volaré,Joan Sebastian,Volaré,https://music.youtube.com/watch?v=kE7p944fEEA
Bonus Track,"Joan Sebastian, Gabito Ballesteros",Volví Pa´l Pueblo Acompañado Vol. 1,https://music.youtube.com/watch?v=n8rImWQDJGA
Mr. Mandilón,Joan Sebastian,Volví Pa´l Pueblo Acompañado Vol. 1,https://music.youtube.com/watch?v=RYwEUECNgho
Litzahaya,"Joan Sebastian, Marca MP",Volví Pa´l Pueblo Acompañado Vol. 1,https://music.youtube.com/watch?v=AG_1-8pjxr8
El Consentido,Joan Sebastian,Volví Pa´l Pueblo Acompañado Vol. 1,https://music.youtube.com/watch?v=CSy7aIWHRog
De Ellas,"Joan Sebastian, Luis R Conriquez",Volví Pa´l Pueblo Acompañado Vol. 1,https://music.youtube.com/watch?v=xF8byu9SjZ0
Volví Pa'l Pueblo,Joan Sebastian,Volví Pa´l Pueblo Acompañado Vol. 1,https://music.youtube.com/watch?v=8Jv0RvoaP9Y
Bonus Track,Joan Sebastian,Bonus Track,https://music.youtube.com/watch?v=n8rImWQDJGA
Litzahaya,Joan Sebastian,Litzahaya,https://music.youtube.com/watch?v=AG_1-8pjxr8
titulo,artistas,album,url
Amigo Eterno,Los Bukis,Jugando con las Estrellas,https://music.youtube.com/watch?v=EgdbiXibSV4
Ay Amor,Los Bukis,Jugando con las Estrellas,https://music.youtube.com/watch?v=EUYC8cSB9QY
Beso Chiquito,Los Bukis,Jugando con las Estrellas,https://music.youtube.com/watch?v=KdiE0NTs8Ic
Jugando con las Estrellas,Los Bukis,Jugando con las Estrellas,https://music.youtube.com/watch?v=gYW89G7_81U
Mi Promesa,Los Bukis,Jugando con las Estrellas,https://music.youtube.com/watch?v=UX6YtRHa1nY
Mira Chavita,Los Bukis,Jugando con las Estrellas,https://music.youtube.com/watch?v=I6Cs98LjG2k
Necesito Rosas,Los Bukis,Jugando con las Estrellas,https://music.youtube.com/watch?v=CSI33YsvuaM
Nena Bonita,Los Bukis,Jugando con las Estrellas,https://music.youtube.com/watch?v=Ki2TobOvQNs
Pintando Corazonez,Los Bukis,Jugando con las Estrellas,https://music.youtube.com/watch?v=8sAt2xVVnRU
Voy a Rifar Mi Corazón,Los Bukis,Jugando con las Estrellas,https://music.youtube.com/watch?v=vvDPDu1s5Ow
Acepto Mi Derrota,Los Bukis,Rosas Y Bombones Con Los Bukis,https://music.youtube.com/watch?v=L0CIU1R4SAI
Yo Te Necesito,Los Bukis,Rosas Y Bombones Con Los Bukis,https://music.youtube.com/watch?v=A0kfC_giBeY
Mi Mayor Necesidad,Los Bukis,Rosas Y Bombones Con Los Bukis,https://music.youtube.com/watch?v=q_7CSPQI6QE
Quiéreme,Los Bukis,Rosas Y Bombones Con Los Bukis,https://music.youtube.com/watch?v=THYDAk96miM
Presiento Que Voy A Llorar,Los Bukis,Rosas Y Bombones Con Los Bukis,https://music.youtube.com/watch?v=QiCWkER4caQ
Chiquilla Bonita,Los Bukis,Rosas Y Bombones Con Los Bukis,https://music.youtube.com/watch?v=Tr-oqDecOGg
Que Duro Es Llorar Así,Los Bukis,Rosas Y Bombones Con Los Bukis,https://music.youtube.com/watch?v=BIczJrmJ6yk
Dime Dónde Y Cuándo,Los Bukis,Rosas Y Bombones Con Los Bukis,https://music.youtube.com/watch?v=5MRXk8UdBto
Y Yo Sin Ti,Los Bukis,Rosas Y Bombones Con Los Bukis,https://music.youtube.com/watch?v=LuIWE4ABh4E
Si Ya No Te Vuelvo A Ver,Los Bukis,Rosas Y Bombones Con Los Bukis,https://music.youtube.com/watch?v=PmLYylE8cLM
Viéndolo Bien,Los Bukis,Rosas Y Bombones Con Los Bukis,https://music.youtube.com/watch?v=lVmxAuJbPHA
El Celoso,Los Bukis,Rosas Y Bombones Con Los Bukis,https://music.youtube.com/watch?v=6mtrFWqy7og
Encadenada A Mi (Cumbia),Los Bukis,Rosas Y Bombones Con Los Bukis,https://music.youtube.com/watch?v=BqVEZPTUczM
Después De Un Adiós,Los Bukis,Rosas Y Bombones Con Los Bukis,https://music.youtube.com/watch?v=LytenTnCTeM
Te Esperare,Los Bukis,Rosas Y Bombones Con Los Bukis,https://music.youtube.com/watch?v=w80lmrrVhZA
Estabas Tan Linda,Los Bukis,Rosas Y Bombones Con Los Bukis,https://music.youtube.com/watch?v=-QaXXggkbME
Dime Que No Te Perdí,Los Bukis,Rosas Y Bombones Con Los Bukis,https://music.youtube.com/watch?v=TaANmtQf1ZA
Que Le Vaya Bien,Los Bukis,Rosas Y Bombones Con Los Bukis,https://music.youtube.com/watch?v=CgPXmojE_48
Mi Ironia,Los Bukis,Rosas Y Bombones Con Los Bukis,https://music.youtube.com/watch?v=RXud68rqy6M
Qúe Lástima,Los Bukis,Rosas Y Bombones Con Los Bukis,https://music.youtube.com/watch?v=g0p4Q1CxlVE
A Donde Vayas,Los Bukis,Duelo Romántico,https://music.youtube.com/watch?v=Bf280GUYVP8
Tu Infame Engaño,Los Temerarios,Duelo Romántico,https://music.youtube.com/watch?v=GJ6OATSaGiM
Yo Te Necesito,Los Bukis,Duelo Romántico,https://music.youtube.com/watch?v=hC0KoZhw2to
Sí Quiero Volver,Los Temerarios,Duelo Romántico,https://music.youtube.com/watch?v=6XDcTopHtsE
Acepto Mi Derrota,Los Bukis,Duelo Romántico,https://music.youtube.com/watch?v=4Q-uxp34RmA
Dímelo,Los Temerarios,Duelo Romántico,https://music.youtube.com/watch?v=bHY-fl3sgOs
Como Fui A Enamorarme De Ti,Los Bukis,Duelo Romántico,https://music.youtube.com/watch?v=GLRgc_tHxrg
Ven Porque Te Necesito,Los Temerarios,Duelo Romántico,https://music.youtube.com/watch?v=qJz0YGSOgmo
Mi Mayor Necesidad,Los Bukis,Duelo Romántico,https://music.youtube.com/watch?v=Js3GyPa25tY
Acepta Mi Error,Los Temerarios,Duelo Romántico,https://music.youtube.com/watch?v=qp0Zu3QNPy0
Ladrón De Buena Suerte,Los Bukis,Duelo Romántico,https://music.youtube.com/watch?v=WokmFUCPQYc
La Culpa No Tengo Yo,Los Temerarios,Duelo Romántico,https://music.youtube.com/watch?v=rvVbUS_O19g
Será Mejor Que Te Vayas,"Marco Antonio Solís, Los Bukis",Duelo Romántico,https://music.youtube.com/watch?v=YDov2DaKTbI
Faltas Tú,Los Temerarios,Duelo Romántico,https://music.youtube.com/watch?v=H82ljvg03g0
Quiéreme,Los Bukis,Duelo Romántico,https://music.youtube.com/watch?v=vFyKNysKdA0
Fue Un Juego,Los Temerarios,Duelo Romántico,https://music.youtube.com/watch?v=2sTNXuiEAnw
Que Duro Es Llorar Así,Los Bukis,Duelo Romántico,https://music.youtube.com/watch?v=mbB9OmfsXds
Una Lágrima Más,Los Temerarios,Duelo Romántico,https://music.youtube.com/watch?v=MhpJdRF7zwE
Chiquilla Bonita,Los Bukis,Duelo Romántico,https://music.youtube.com/watch?v=uK_puqD2EoI
Fueron Tus Palabras,Los Temerarios,Duelo Romántico,https://music.youtube.com/watch?v=uWLxbGy64po
Tu Cárcel,Los Bukis,Recordando A,https://music.youtube.com/watch?v=1IAoztBtw2w
A Donde Vayas,Los Bukis,Recordando A,https://music.youtube.com/watch?v=cQfhtKssgWA
Yo Te Necesito,Los Bukis,Recordando A,https://music.youtube.com/watch?v=4UZuOxDYt6s
Acepto Mi Derrota,Los Bukis,Recordando A,https://music.youtube.com/watch?v=RXAGb6j07iY
Como Fui A Enamorarme De Ti,Los Bukis,Recordando A,https://music.youtube.com/watch?v=In06-2AiKIc
Mi Mayor Necesidad,Los Bukis,Recordando A,https://music.youtube.com/watch?v=utjzn5lOZrk
Me Volví A Acordar De Ti,Los Bukis,Recordando A,https://music.youtube.com/watch?v=WrQHhnPH7wc
Ladrón De Buena Suerte,Los Bukis,Recordando A,https://music.youtube.com/watch?v=cPEslfO9d3E
Tu Ingratitud,Los Bukis,Recordando A,https://music.youtube.com/watch?v=88dqkfv0C3s
Será Mejor Que Te Vayas,"Marco Antonio Solís, Los Bukis",Recordando A,https://music.youtube.com/watch?v=YDov2DaKTbI
Quiéreme,Los Bukis,Recordando A,https://music.youtube.com/watch?v=BwreZOpcVsk
Morenita,Los Bukis,Recordando A,https://music.youtube.com/watch?v=b7HSlTX78ls
Tus Mentiras,Los Bukis,Recordando A,https://music.youtube.com/watch?v=lzDPoVD6zoI
Que Duro Es Llorar Así,Los Bukis,Recordando A,https://music.youtube.com/watch?v=YV6skJYHplU
Loco Por Ti,Los Bukis,Recordando A,https://music.youtube.com/watch?v=TewqGz9Rp_Y
Chiquilla Bonita,Los Bukis,Recordando A,https://music.youtube.com/watch?v=n5VvAKbWJD4
Y Ahora Te Vas,Los Bukis,Recordando A,https://music.youtube.com/watch?v=LwbF7kVt3PE
Dime Dónde Y Cuándo,Los Bukis,Recordando A,https://music.youtube.com/watch?v=OMJJdGqPJ_0
Una Mujer Como Tú,"Marco Antonio Solís, Los Bukis",Recordando A,https://music.youtube.com/watch?v=WjTazI9WrWw
Presiento Que Voy A Llorar,Los Bukis,Recordando A,https://music.youtube.com/watch?v=COyAo0_MDDM
Tu Cárcel,Los Bukis,Lo Mejor De Dos Grandes,https://music.youtube.com/watch?v=L8KfvxG11os
Pero Te Vas A Arrepentir (feat. Marco Antonio Solís),Los Yonic's,Lo Mejor De Dos Grandes,https://music.youtube.com/watch?v=6D4N-6S_Ypg
A Donde Vayas,Los Bukis,Lo Mejor De Dos Grandes,https://music.youtube.com/watch?v=rH4eNgeZPkM
Y Te Amo,Los Yonic's,Lo Mejor De Dos Grandes,https://music.youtube.com/watch?v=eojZxfD-oXU
Yo Te Necesito,Los Bukis,Lo Mejor De Dos Grandes,https://music.youtube.com/watch?v=P-U_COT7edU
Palabras Tristes,Los Yonic's,Lo Mejor De Dos Grandes,https://music.youtube.com/watch?v=Hgn25PUaz84
Acepto Mi Derrota,Los Bukis,Lo Mejor De Dos Grandes,https://music.youtube.com/watch?v=NELLIuWdO-4
Un Dolor,Los Yonic's,Lo Mejor De Dos Grandes,https://music.youtube.com/watch?v=gu6EDrObp4c
Como Fui A Enamorarme De Ti,Los Bukis,Lo Mejor De Dos Grandes,https://music.youtube.com/watch?v=_juPa7awiQk
Soy Yo,Los Yonic's,Lo Mejor De Dos Grandes,https://music.youtube.com/watch?v=jGWQLci-BFk
Mi Mayor Necesidad,Los Bukis,Lo Mejor De Dos Grandes,https://music.youtube.com/watch?v=dZVZSS93WEs
"Ni Tu Amigo, Ni Tu Amante",Los Yonic's,Lo Mejor De Dos Grandes,https://music.youtube.com/watch?v=hxNXGqKWd3s
Me Volví A Acordar De Ti,Los Bukis,Lo Mejor De Dos Grandes,https://music.youtube.com/watch?v=aFqRVfreCec
Títere,Los Yonic's,Lo Mejor De Dos Grandes,https://music.youtube.com/watch?v=rOXEvwgOvG4
Ladrón De Buena Suerte,Los Bukis,Lo Mejor De Dos Grandes,https://music.youtube.com/watch?v=YXzKooDKCRI
Rosas Blancas,Los Yonic's,Lo Mejor De Dos Grandes,https://music.youtube.com/watch?v=2ZKuZYbrdOI
Tu Ingratitud,Los Bukis,Lo Mejor De Dos Grandes,https://music.youtube.com/watch?v=kYHf_ju4ElA
Perdón Por Tus Lágrimas,Los Yonic's,Lo Mejor De Dos Grandes,https://music.youtube.com/watch?v=qTjzsETSBjo
Será Mejor Que Te Vayas,"Marco Antonio Solís, Los Bukis",Lo Mejor De Dos Grandes,https://music.youtube.com/watch?v=YDov2DaKTbI
Frente A Frente,Los Yonic's,Lo Mejor De Dos Grandes,https://music.youtube.com/watch?v=Cew2BceWjqM
Tu Cárcel,Los Bukis,THE BEST OF,https://music.youtube.com/watch?v=83HJBybHuMc
A Donde Vayas,Los Bukis,THE BEST OF,https://music.youtube.com/watch?v=FgYxtkSAYyk
Como Fui A Enamorarme De Ti,Los Bukis,THE BEST OF,https://music.youtube.com/watch?v=apD6a6IO-8Q
Acepto Mi Derrota,Los Bukis,THE BEST OF,https://music.youtube.com/watch?v=b4lwG6DXSVA
Quiéreme,Los Bukis,THE BEST OF,https://music.youtube.com/watch?v=UicMYI2uT1I
Mi Mayor Necesidad,Los Bukis,THE BEST OF,https://music.youtube.com/watch?v=EViAX5NYEak
Yo Te Necesito,Los Bukis,THE BEST OF,https://music.youtube.com/watch?v=tNGKJ0Xt-fU
Tus Mentiras,Los Bukis,THE BEST OF,https://music.youtube.com/watch?v=b2z3DG_MZkw
Me Volví A Acordar De Ti,Los Bukis,THE BEST OF,https://music.youtube.com/watch?v=LXkqDuZlC98
Chiquilla Bonita,Los Bukis,THE BEST OF,https://music.youtube.com/watch?v=BhdGfi6VAI0
Y Ahora Te Vas,Los Bukis,THE BEST OF,https://music.youtube.com/watch?v=0cjs6D6b1Ck
Ladrón De Buena Suerte,Los Bukis,THE BEST OF,https://music.youtube.com/watch?v=iMOqjI11iHs
Si Me Recuerdas,Los Bukis,THE BEST OF,https://music.youtube.com/watch?v=X_mqnE5mgOA
Que Duro Es Llorar Así,Los Bukis,THE BEST OF,https://music.youtube.com/watch?v=wyjqKKdZnpI
Necesito Una Compañera,Los Bukis,THE BEST OF,https://music.youtube.com/watch?v=Zzb7gI3IOsE
Navidad Sin Ti,Los Bukis,THE BEST OF,https://music.youtube.com/watch?v=5psbnxtYmhk
Tu Ingratitud,Los Bukis,THE BEST OF,https://music.youtube.com/watch?v=XjjAR8hoLnI
Morenita,Los Bukis,THE BEST OF,https://music.youtube.com/watch?v=c0H5gpOYzhs
Dime Dónde Y Cuándo,Los Bukis,THE BEST OF,https://music.youtube.com/watch?v=LEKhT6fGJ_E
Loco Por Ti,Los Bukis,THE BEST OF,https://music.youtube.com/watch?v=hh9xfuoSrS4
Tu Cárcel,Los Bukis,Las Retro Chingonas,https://music.youtube.com/watch?v=IYNXzM0mN2E
Como Fui A Enamorarme De Ti,Los Bukis,Las Retro Chingonas,https://music.youtube.com/watch?v=O8ZQ3TZDmWc
A Donde Vayas,Los Bukis,Las Retro Chingonas,https://music.youtube.com/watch?v=qbOQj5A1-5o
Mi Mayor Necesidad,Los Bukis,Las Retro Chingonas,https://music.youtube.com/watch?v=cIy-n2p1KFw
Acepto Mi Derrota,Los Bukis,Las Retro Chingonas,https://music.youtube.com/watch?v=V6j9-Qiw2kY
Quiéreme,Los Bukis,Las Retro Chingonas,https://music.youtube.com/watch?v=yHVsEuWBmLE
Yo Te Necesito,Los Bukis,Las Retro Chingonas,https://music.youtube.com/watch?v=LyiJj7pcU2Q
Tus Mentiras,Los Bukis,Las Retro Chingonas,https://music.youtube.com/watch?v=HjyQLrWpeLw
Ladrón De Buena Suerte,Los Bukis,Las Retro Chingonas,https://music.youtube.com/watch?v=ESZjGc69CI0
Chiquilla Bonita,Los Bukis,Las Retro Chingonas,https://music.youtube.com/watch?v=t11o6RahksA
Me Volví A Acordar De Ti,Los Bukis,Las Retro Chingonas,https://music.youtube.com/watch?v=Xt-1MlA6vK4
Y Ahora Te Vas,Los Bukis,Las Retro Chingonas,https://music.youtube.com/watch?v=6jRHcYn9Ba8
Presiento Que Voy A Llorar,Los Bukis,Las Retro Chingonas,https://music.youtube.com/watch?v=C2Bm21aF9c0
Necesito Una Compañera,Los Bukis,Las Retro Chingonas,https://music.youtube.com/watch?v=8uZcRh7iB5o
Loco Por Ti,Los Bukis,Las Retro Chingonas,https://music.youtube.com/watch?v=Oz-LQFjqxy0
Que Duro Es Llorar Así,Los Bukis,Las Retro Chingonas,https://music.youtube.com/watch?v=ijK3CgnrfD4
Si Me Recuerdas,Los Bukis,Las Retro Chingonas,https://music.youtube.com/watch?v=50RxKG9Aa1I
Adonde Vas?,Los Bukis,Las Retro Chingonas,https://music.youtube.com/watch?v=BmuTJdQv0I8
Si Ya No Te Vuelvo A Ver,Los Bukis,Las Retro Chingonas,https://music.youtube.com/watch?v=Z8guRhXJgQY
Tu Ingratitud,Los Bukis,Las Retro Chingonas,https://music.youtube.com/watch?v=ZUZfuE_zFuk
Morenita,Los Bukis,Las Retro Chingonas,https://music.youtube.com/watch?v=-GEZPMNo7rc
Déjale Oír Tu Voz,Los Bukis,Las Retro Chingonas,https://music.youtube.com/watch?v=zD3D0MQU34A
"Vete, Aléjate De Mi",Los Bukis,Las Retro Chingonas,https://music.youtube.com/watch?v=VSzsVMUahKM
Dime Dónde Y Cuándo,Los Bukis,Las Retro Chingonas,https://music.youtube.com/watch?v=QQd5ykWmMCI
Mi Pobre Corazón,Los Bukis,Las Retro Chingonas,https://music.youtube.com/watch?v=dk332lnQMsw
Mi Fantasia,Los Bukis,Las Retro Chingonas,https://music.youtube.com/watch?v=V1eRfmQbfag
Si Tú Te Fueras De Mí,Los Bukis,Las Retro Chingonas,https://music.youtube.com/watch?v=zAu5RPoRQzQ
Encadenada A Mi (Cumbia),Los Bukis,Las Retro Chingonas,https://music.youtube.com/watch?v=iT6mbwQwnQw
Navidad Sin Ti,Los Bukis,Las Retro Chingonas,https://music.youtube.com/watch?v=Vy8OvK0vlPo
No Me Arrepiento,Los Bukis,Las Retro Chingonas,https://music.youtube.com/watch?v=NMJW6haPHAs
Dime Dónde Y Cuándo,Los Bukis,Cumbias Para Bailar,https://music.youtube.com/watch?v=cFMn0bVaBm0
Encadenada A Mi (Cumbia),Los Bukis,Cumbias Para Bailar,https://music.youtube.com/watch?v=WAe-NqPlsKw
Viva El Amor,Los Bukis,Cumbias Para Bailar,https://music.youtube.com/watch?v=bf_AFPTqtBU
Mi Pobre Corazón,Los Bukis,Cumbias Para Bailar,https://music.youtube.com/watch?v=vuvvX4ILRx8
Mi Najayita,Los Bukis,Cumbias Para Bailar,https://music.youtube.com/watch?v=6la2c3xqc9E
El Pobre Juan,Los Bukis,Cumbias Para Bailar,https://music.youtube.com/watch?v=E6ph_skKq3c
Alla Tú,Los Bukis,Cumbias Para Bailar,https://music.youtube.com/watch?v=1nCOtzBPzQI
Consíguete Un Nuevo Viejo,Los Bukis,Cumbias Para Bailar,https://music.youtube.com/watch?v=Lxb4KgGnmOs
Bajo Los Ojos De Dios,"Marco Antonio Solís, Los Bukis",Cumbias Para Bailar,https://music.youtube.com/watch?v=7RO82hDIDOo
Me Muero Porque Seas Mi Novia,Los Bukis,Cumbias Para Bailar,https://music.youtube.com/watch?v=1hcCfxWrmXw
Corazón Limpio,"Marco Antonio Solís, Los Bukis",Cumbias Para Bailar,https://music.youtube.com/watch?v=j3lpcFdCePM
Poquito A Poco,Los Bukis,Cumbias Para Bailar,https://music.youtube.com/watch?v=1SMeFehY3ro
Linda Realidad,Los Bukis,Cumbias Para Bailar,https://music.youtube.com/watch?v=8rEMK7pNFlU
Te Encontraré,Los Bukis,Cumbias Para Bailar,https://music.youtube.com/watch?v=Ef0LahNJ55M
Eres,Los Bukis,Cumbias Para Bailar,https://music.youtube.com/watch?v=qYgR2yROEAk
Dime Donde y Cuando,Los Bukis,Cumbias Románticas y Algo Más con Los Bukis,https://music.youtube.com/watch?v=4Wc-mrzSeME
El Pobre Juan,Los Bukis,Cumbias Románticas y Algo Más con Los Bukis,https://music.youtube.com/watch?v=OKPtL0-5QHA
Donde Estas,Los Bukis,Cumbias Románticas y Algo Más con Los Bukis,https://music.youtube.com/watch?v=JPJKy7Iw3I4
Mi Pobre Corazón,Los Bukis,Cumbias Románticas y Algo Más con Los Bukis,https://music.youtube.com/watch?v=-Wynksccwq8
Consíguete Un Nuevo Viejo,Los Bukis,Cumbias Románticas y Algo Más con Los Bukis,https://music.youtube.com/watch?v=2Qd-ehHES1M
Por Amor a Mi Pueblo,Los Bukis,Cumbias Románticas y Algo Más con Los Bukis,https://music.youtube.com/watch?v=Skbj0HsYJhE
Bajo Los Ojos de Dios,"Marco Antonio Solís, Los Bukis",Cumbias Románticas y Algo Más con Los Bukis,https://music.youtube.com/watch?v=7RO82hDIDOo
Corazón Limpio,"Marco Antonio Solís, Los Bukis",Cumbias Románticas y Algo Más con Los Bukis,https://music.youtube.com/watch?v=LGbCzHqPnZY
Encadenada a Mi (Cumbia),Los Bukis,Cumbias Románticas y Algo Más con Los Bukis,https://music.youtube.com/watch?v=HLWkEIwjgOM
Morenita,Los Bukis,Cumbias Románticas y Algo Más con Los Bukis,https://music.youtube.com/watch?v=g80VFoukIFI
Alla Tú,Los Bukis,Cumbias Románticas y Algo Más con Los Bukis,https://music.youtube.com/watch?v=-MAivyNM9dA
No Te Des Por Vencido,Los Bukis,Cumbias Románticas y Algo Más con Los Bukis,https://music.youtube.com/watch?v=wECTDxGOc4Y
Las Musiqueras,Los Bukis,Cumbias Románticas y Algo Más con Los Bukis,https://music.youtube.com/watch?v=eeER1wIab5Q
Volvere,Los Bukis,Cumbias Románticas y Algo Más con Los Bukis,https://music.youtube.com/watch?v=iMC7c3aXes0
No Le Hago Al Barro,Los Bukis,Cumbias Románticas y Algo Más con Los Bukis,https://music.youtube.com/watch?v=5oDkVb9hZmI
Viva El Amor,Los Bukis,Cumbias Románticas y Algo Más con Los Bukis,https://music.youtube.com/watch?v=OHGUUgDCApA
Eres,Los Bukis,Cumbias Románticas y Algo Más con Los Bukis,https://music.youtube.com/watch?v=sJgOQiRaQI4
Fijate... Fijate,Los Bukis,Cumbias Románticas y Algo Más con Los Bukis,https://music.youtube.com/watch?v=fh83O6jaK10
Linda Realidad,Los Bukis,Cumbias Románticas y Algo Más con Los Bukis,https://music.youtube.com/watch?v=qdmUV9nbKe4
Te Encontraré,Los Bukis,Cumbias Románticas y Algo Más con Los Bukis,https://music.youtube.com/watch?v=8k4T64R41NU
Que Las Mantenga El Gobierno,Los Bukis,Cumbias Románticas y Algo Más con Los Bukis,https://music.youtube.com/watch?v=4GUMO8nBDQ8
Llega Que Llega,Los Bukis,Cumbias Románticas y Algo Más con Los Bukis,https://music.youtube.com/watch?v=kpxaHxXmwOw
Más Feliz Que Tú,Los Bukis,Cumbias Románticas y Algo Más con Los Bukis,https://music.youtube.com/watch?v=B2uPOBNqjkU
Me Muero Porque Seas Mi Novia,Los Bukis,Cumbias Románticas y Algo Más con Los Bukis,https://music.youtube.com/watch?v=7DeDsiJ7upM
Mi Najayita,Los Bukis,Cumbias Románticas y Algo Más con Los Bukis,https://music.youtube.com/watch?v=NvHnWRmUww8
Quiéreme Como Soy,Los Bukis,Cumbias Románticas y Algo Más con Los Bukis,https://music.youtube.com/watch?v=OHIdY0Xegrw
Tu Cárcel,Los Bukis,Frente A Frente,https://music.youtube.com/watch?v=R_HGS9pYuNk
Pero Te Vas A Arrepentir (feat. Marco Antonio Solís),Los Yonic's,Frente A Frente,https://music.youtube.com/watch?v=6D4N-6S_Ypg
Como Fui A Enamorarme De Ti,Los Bukis,Frente A Frente,https://music.youtube.com/watch?v=3qpj2uL9UcM
Palabras Tristes,Los Yonic's,Frente A Frente,https://music.youtube.com/watch?v=Hgn25PUaz84
A Donde Vayas,Los Bukis,Frente A Frente,https://music.youtube.com/watch?v=ssXdPHk1ttg
Soy Yo,Los Yonic's,Frente A Frente,https://music.youtube.com/watch?v=jGWQLci-BFk
Acepto Mi Derrota,Los Bukis,Frente A Frente,https://music.youtube.com/watch?v=JMPHuVbnN6E
Títere,Los Yonic's,Frente A Frente,https://music.youtube.com/watch?v=rOXEvwgOvG4
Yo Te Necesito,Los Bukis,Frente A Frente,https://music.youtube.com/watch?v=BohDKKr3CPA
"Ni Tu Amigo, Ni Tu Amante",Los Yonic's,Frente A Frente,https://music.youtube.com/watch?v=hxNXGqKWd3s
Necesito Una Compañera,Los Bukis,Frente A Frente,https://music.youtube.com/watch?v=dvk20JBfm0Y
Y Te Amo,Los Yonic's,Frente A Frente,https://music.youtube.com/watch?v=eojZxfD-oXU
Quiéreme,Los Bukis,Frente A Frente,https://music.youtube.com/watch?v=7PegEU1uWAA
Un Dolor,Los Yonic's,Frente A Frente,https://music.youtube.com/watch?v=gu6EDrObp4c
Mi Mayor Necesidad,Los Bukis,Frente A Frente,https://music.youtube.com/watch?v=ed3Yfn78Plo
Perdón Por Tus Lágrimas,Los Yonic's,Frente A Frente,https://music.youtube.com/watch?v=qTjzsETSBjo
Tus Mentiras,Los Bukis,Frente A Frente,https://music.youtube.com/watch?v=Uly1HTD-OoE
Rosas Blancas,Los Yonic's,Frente A Frente,https://music.youtube.com/watch?v=2ZKuZYbrdOI
Chiquilla Bonita,Los Bukis,Frente A Frente,https://music.youtube.com/watch?v=3141duFxXAc
Tu Presa Facil,Los Yonic's,Frente A Frente,https://music.youtube.com/watch?v=1mDhHrnqgEY
Vamos a Qatar,Los Bukis,Vamos a Qatar,https://music.youtube.com/watch?v=nm2dR9U_8o8
Tu Cárcel,Los Bukis,Tu Cárcel,https://music.youtube.com/watch?v=U-ium8CDY_o
Una Noche Como Esta / Falso Amor / Diran Tantas Cosas,Los Bukis,Una Noche Como Esta / Falso Amor / Diran Tantas Cosas,https://music.youtube.com/watch?v=OxkME9hn160
Como Fui A Enamorarme De Ti,Los Bukis,e5,https://music.youtube.com/watch?v=GkcKFlBNRwQ
Yo Te Necesito,Los Bukis,e5,https://music.youtube.com/watch?v=jIOMylQh6Q0
A Donde Vayas,Los Bukis,e5,https://music.youtube.com/watch?v=sksYNUNJGHQ
Falso Amor,Los Bukis,e5,https://music.youtube.com/watch?v=M5ZEFeLjy6Y
Dos,Los Bukis,e5,https://music.youtube.com/watch?v=KnzWj2yu_ZE
titulo,artistas,album,url
Cuánto Te Debo,Los Invasores de Nuevo León,Pura Raza,https://music.youtube.com/watch?v=WYsWFsdei80
El Preso de Nuevo León,Los Invasores de Nuevo León,Pura Raza,https://music.youtube.com/watch?v=__AHdUiZKDM
María Bonita,Los Invasores de Nuevo León,Pura Raza,https://music.youtube.com/watch?v=Z6W5mYIFZV4
Tus Errores,Los Invasores de Nuevo León,Pura Raza,https://music.youtube.com/watch?v=OJfTr9krIHQ
Triste Hoy,Los Invasores de Nuevo León,Pura Raza,https://music.youtube.com/watch?v=-4xS9C7NHAk
No Te Apasiones,Los Invasores de Nuevo León,Pura Raza,https://music.youtube.com/watch?v=7s01bgRDHL0
Roel Cano,Los Invasores de Nuevo León,Pura Raza,https://music.youtube.com/watch?v=YnGwlNVh4xc
Concha del Alma,Los Invasores de Nuevo León,Pura Raza,https://music.youtube.com/watch?v=8nqhViTPiMw
El Último Rodeo,Los Invasores de Nuevo León,Pura Raza,https://music.youtube.com/watch?v=ZJGMRPsVnKc
Tengo Que Dejarla,Los Invasores de Nuevo León,Pura Raza,https://music.youtube.com/watch?v=HCpRhJqojIU
Tus Errores,Los Invasores de Nuevo León,Acompáñanos,https://music.youtube.com/watch?v=xvehbht4Mjc
Triste Estoy,Los Invasores de Nuevo León,Acompáñanos,https://music.youtube.com/watch?v=HmkvxnAe18M
El Preso De Nuevo León,Los Invasores de Nuevo León,Acompáñanos,https://music.youtube.com/watch?v=9vbXVcr29vk
Maria Bonita,Los Invasores de Nuevo León,Acompáñanos,https://music.youtube.com/watch?v=Y8FtPVxL3FQ
Roel Cano,Los Invasores de Nuevo León,Acompáñanos,https://music.youtube.com/watch?v=RwyqCV7vaw4
Tengo Que Dejarla,Los Invasores de Nuevo León,Acompáñanos,https://music.youtube.com/watch?v=B28lr_JDm-0
Concha del Alma,Los Invasores de Nuevo León,Acompáñanos,https://music.youtube.com/watch?v=AF2BXNUJV5Q
No Te Apasiones,Los Invasores de Nuevo León,Acompáñanos,https://music.youtube.com/watch?v=o-XzBjJUpM0
El Ultimo Rodeo,Los Invasores de Nuevo León,Acompáñanos,https://music.youtube.com/watch?v=K9hsaqTekS0
Cuánto te Debo,Los Invasores de Nuevo León,Acompáñanos,https://music.youtube.com/watch?v=kRc2z7s8MLQ
Mi Casa Nueva,Los Invasores De Nuevo León,Rosas Y Bombones Con Los Invasores De Nuevo León,https://music.youtube.com/watch?v=vNbQxjONenc
"A Mí, ¿Qué Me Quedó?",Los Invasores De Nuevo León,Rosas Y Bombones Con Los Invasores De Nuevo León,https://music.youtube.com/watch?v=EFm65Uz1dW0
Playa Sola,Los Invasores De Nuevo León,Rosas Y Bombones Con Los Invasores De Nuevo León,https://music.youtube.com/watch?v=JiiAZhAwOAw
Aguanta Corazón,Los Invasores De Nuevo León,Rosas Y Bombones Con Los Invasores De Nuevo León,https://music.youtube.com/watch?v=a3gz4IyHlAw
Eslabón Por Eslabón,Los Invasores De Nuevo León,Rosas Y Bombones Con Los Invasores De Nuevo León,https://music.youtube.com/watch?v=3C5Gv6_VQP0
Que No Se Apague La Lumbre,Los Invasores De Nuevo León,Rosas Y Bombones Con Los Invasores De Nuevo León,https://music.youtube.com/watch?v=jVfoKi0w8ME
Aviéntame,Los Invasores De Nuevo León,Rosas Y Bombones Con Los Invasores De Nuevo León,https://music.youtube.com/watch?v=EZVSLEJ34ts
Total Ya Se Fue,Los Invasores De Nuevo León,Rosas Y Bombones Con Los Invasores De Nuevo León,https://music.youtube.com/watch?v=5S2twk890lU
Para Ti Mi Amor,Los Invasores De Nuevo León,Rosas Y Bombones Con Los Invasores De Nuevo León,https://music.youtube.com/watch?v=UqrwnTAVtOw
Rosalinda,Los Invasores De Nuevo León,Rosas Y Bombones Con Los Invasores De Nuevo León,https://music.youtube.com/watch?v=Jw7SAaygiz8
Bajo Mil Llaves,Los Invasores De Nuevo León,Rosas Y Bombones Con Los Invasores De Nuevo León,https://music.youtube.com/watch?v=iRogBOfnrRE
Moneda Sin Valor,Los Invasores De Nuevo León,Rosas Y Bombones Con Los Invasores De Nuevo León,https://music.youtube.com/watch?v=NQvF3r0K2Ls
En Eso No Quedamos,Los Invasores De Nuevo León,Rosas Y Bombones Con Los Invasores De Nuevo León,https://music.youtube.com/watch?v=01XakmvZhSY
Esta Noche Tu Vendrás,Los Invasores De Nuevo León,Rosas Y Bombones Con Los Invasores De Nuevo León,https://music.youtube.com/watch?v=5_uAgzvepNg
Respeta Mi Dolor,Los Invasores De Nuevo León,Rosas Y Bombones Con Los Invasores De Nuevo León,https://music.youtube.com/watch?v=DNfnN7lNSnw
Se Acabó,Los Invasores De Nuevo León,Rosas Y Bombones Con Los Invasores De Nuevo León,https://music.youtube.com/watch?v=GSA9M0X3tKE
Lo Callaré,Los Invasores De Nuevo León,Rosas Y Bombones Con Los Invasores De Nuevo León,https://music.youtube.com/watch?v=M1aM4iFxEeg
Ni Dada La Quiero,Los Invasores De Nuevo León,Rosas Y Bombones Con Los Invasores De Nuevo León,https://music.youtube.com/watch?v=ugnr7Jad8No
Mi Flor De Naranjo,Los Invasores De Nuevo León,Rosas Y Bombones Con Los Invasores De Nuevo León,https://music.youtube.com/watch?v=M22cjLLCpJw
Dios No Lo Quiera,Los Invasores De Nuevo León,Rosas Y Bombones Con Los Invasores De Nuevo León,https://music.youtube.com/watch?v=IP-OK60SKnw
"A Mí, ¿Qué Me Quedó?",Los Invasores De Nuevo León,"Fiesta Navidad Con Los Invasores De Nuevo León ""Merry Christmas""",https://music.youtube.com/watch?v=nAeTva359WQ
Nada De Ti,Los Invasores De Nuevo León,"Fiesta Navidad Con Los Invasores De Nuevo León ""Merry Christmas""",https://music.youtube.com/watch?v=DFNP-0pqqH0
Se Acabó,Los Invasores De Nuevo León,"Fiesta Navidad Con Los Invasores De Nuevo León ""Merry Christmas""",https://music.youtube.com/watch?v=-KZlN9_JOj4
De Vida O Muerte,Los Invasores De Nuevo León,"Fiesta Navidad Con Los Invasores De Nuevo León ""Merry Christmas""",https://music.youtube.com/watch?v=rDCzxKP-skY
A Ver Si Capea,Los Invasores De Nuevo León,"Fiesta Navidad Con Los Invasores De Nuevo León ""Merry Christmas""",https://music.youtube.com/watch?v=-4d7UOAAvcc
No Lloraré,Los Invasores De Nuevo León,"Fiesta Navidad Con Los Invasores De Nuevo León ""Merry Christmas""",https://music.youtube.com/watch?v=rPPW4YgCKHo
Puedes Irte,Los Invasores De Nuevo León,"Fiesta Navidad Con Los Invasores De Nuevo León ""Merry Christmas""",https://music.youtube.com/watch?v=pFNqV-jPVGM
Hazme La Buena,Los Invasores De Nuevo León,"Fiesta Navidad Con Los Invasores De Nuevo León ""Merry Christmas""",https://music.youtube.com/watch?v=W103crHrcl8
Enamorado Para Ti,Los Invasores De Nuevo León,"Fiesta Navidad Con Los Invasores De Nuevo León ""Merry Christmas""",https://music.youtube.com/watch?v=mYcUp3TDZqQ
Me Equivoqué,Los Invasores De Nuevo León,"Fiesta Navidad Con Los Invasores De Nuevo León ""Merry Christmas""",https://music.youtube.com/watch?v=Y3Rm_euTUbM
Enamorado,Los Invasores De Nuevo León,"Fiesta Navidad Con Los Invasores De Nuevo León ""Merry Christmas""",https://music.youtube.com/watch?v=0rnloGvnjCc
Vete Cuando Quieras,Los Invasores De Nuevo León,"Fiesta Navidad Con Los Invasores De Nuevo León ""Merry Christmas""",https://music.youtube.com/watch?v=EgrwFnSJQk8
Te Declaro La Guerra,Los Invasores De Nuevo León,"Fiesta Navidad Con Los Invasores De Nuevo León ""Merry Christmas""",https://music.youtube.com/watch?v=GICf3TYWamI
Soy Culpable,Los Invasores De Nuevo León,"Fiesta Navidad Con Los Invasores De Nuevo León ""Merry Christmas""",https://music.youtube.com/watch?v=P7pOrJBcBxs
Ya No Voy A Rogarte,Los Invasores De Nuevo León,"Fiesta Navidad Con Los Invasores De Nuevo León ""Merry Christmas""",https://music.youtube.com/watch?v=AwkbVo3pqd4
Te Llevaré,Los Invasores De Nuevo León,"Fiesta Navidad Con Los Invasores De Nuevo León ""Merry Christmas""",https://music.youtube.com/watch?v=Qd7JQqRi3sU
Contigo O Sin Ti,Los Invasores De Nuevo León,"Fiesta Navidad Con Los Invasores De Nuevo León ""Merry Christmas""",https://music.youtube.com/watch?v=Bv1H3XCywhE
Y Después Que,Los Invasores De Nuevo León,"Fiesta Navidad Con Los Invasores De Nuevo León ""Merry Christmas""",https://music.youtube.com/watch?v=vU1RjYu1zbI
La Lamparita,Los Invasores De Nuevo León,"Fiesta Navidad Con Los Invasores De Nuevo León ""Merry Christmas""",https://music.youtube.com/watch?v=kOiUwHOxPh0
Delirando,Los Invasores De Nuevo León,"Fiesta Navidad Con Los Invasores De Nuevo León ""Merry Christmas""",https://music.youtube.com/watch?v=mz6tSYB4i5s
Aroma De Tu Cuerpo,Los Invasores De Nuevo León,Trascendental,https://music.youtube.com/watch?v=WjuSJmLEX5c
Más Allá Del Sol,Los Invasores De Nuevo León,Trascendental,https://music.youtube.com/watch?v=hylR4vUzJpk
No Sé Qué Pasa,Los Invasores De Nuevo León,Trascendental,https://music.youtube.com/watch?v=G8_uaBtb5ac
Tatué tu Corazón,Los Invasores De Nuevo León,Trascendental,https://music.youtube.com/watch?v=9kShMMFjMgY
Gracias Mamá,Los Invasores De Nuevo León,Trascendental,https://music.youtube.com/watch?v=_f3wl_sxUdE
La Chica Perfecta,Los Invasores De Nuevo León,Trascendental,https://music.youtube.com/watch?v=8OWYYe5Qjc8
No Vengo a Pedir Nada,Los Invasores De Nuevo León,Trascendental,https://music.youtube.com/watch?v=OSCndefQ9nU
Noche Bonita,Los Invasores De Nuevo León,Trascendental,https://music.youtube.com/watch?v=RpIpKtdTc5g
Siglo Pasado,Los Invasores De Nuevo León,Trascendental,https://music.youtube.com/watch?v=CdEzjNCUck0
Como a las Cuatro,Los Invasores De Nuevo León,Trascendental,https://music.youtube.com/watch?v=9sXCsy5389c
Esta Noche Buena,Los Invasores De Nuevo León,Trascendental,https://music.youtube.com/watch?v=OSeWPM_8gEA
Lo Que Anhelaba,Los Invasores De Nuevo León,Trascendental,https://music.youtube.com/watch?v=V408uoUCTNs
Tragos Amargos,Ramón Ayala Y Sus Bravos Del Norte,Lo Mejor De Dos Grandes,https://music.youtube.com/watch?v=qIAuDUdUf_c
"A Mí, ¿Qué Me Quedó?",Los Invasores De Nuevo León,Lo Mejor De Dos Grandes,https://music.youtube.com/watch?v=_UGPdF2IepU
El Federal De Caminos,Ramón Ayala Y Sus Bravos Del Norte,Lo Mejor De Dos Grandes,https://music.youtube.com/watch?v=ze1mqGWh-eo
Playa Sola,Los Invasores De Nuevo León,Lo Mejor De Dos Grandes,https://music.youtube.com/watch?v=UMnahqsNkIo
Mi Tesoro,Ramón Ayala Y Sus Bravos Del Norte,Lo Mejor De Dos Grandes,https://music.youtube.com/watch?v=BiVDGupCznQ
Laurita Garza,Los Invasores De Nuevo León,Lo Mejor De Dos Grandes,https://music.youtube.com/watch?v=95vW5adfSu4
Que Me Lleve El Diablo,Ramón Ayala Y Sus Bravos Del Norte,Lo Mejor De Dos Grandes,https://music.youtube.com/watch?v=iYZ-5Bh155Y
Mi Casa Nueva,Los Invasores De Nuevo León,Lo Mejor De Dos Grandes,https://music.youtube.com/watch?v=q4oOVc7Hlcc
Para Poder Llegar A Ti,Ramón Ayala Y Sus Bravos Del Norte,Lo Mejor De Dos Grandes,https://music.youtube.com/watch?v=b6KcbXjREP8
Aguanta Corazón,Los Invasores De Nuevo León,Lo Mejor De Dos Grandes,https://music.youtube.com/watch?v=8dUFulTbQ6Q
Mi Golondrina,Ramón Ayala Y Sus Bravos Del Norte,Lo Mejor De Dos Grandes,https://music.youtube.com/watch?v=2z7e_uclFUc
Eslabón Por Eslabón,Los Invasores De Nuevo León,Lo Mejor De Dos Grandes,https://music.youtube.com/watch?v=X8K-CFL2NGQ
Corrido De Chito Cano,Ramón Ayala Y Sus Bravos Del Norte,Lo Mejor De Dos Grandes,https://music.youtube.com/watch?v=RPwp8MLgwkA
Que No Se Apague La Lumbre,Los Invasores De Nuevo León,Lo Mejor De Dos Grandes,https://music.youtube.com/watch?v=O9tCkmMzYew
Rinconcito En El Cielo,Ramón Ayala Y Sus Bravos Del Norte,Lo Mejor De Dos Grandes,https://music.youtube.com/watch?v=8L51Pi3vy2o
Clave 7,Los Invasores De Nuevo León,Lo Mejor De Dos Grandes,https://music.youtube.com/watch?v=IC3RN96ncvw
Mi Piquito De Oro,Ramón Ayala Y Sus Bravos Del Norte,Lo Mejor De Dos Grandes,https://music.youtube.com/watch?v=5naRIUDzaOM
Total Ya Se Fue,Los Invasores De Nuevo León,Lo Mejor De Dos Grandes,https://music.youtube.com/watch?v=YWpffZWHxUg
Puño De Tierra Aka Un Puño De Tierra,Ramón Ayala Y Sus Bravos Del Norte,Lo Mejor De Dos Grandes,https://music.youtube.com/watch?v=R-oxNQQhA-Y
Aviéntame,Los Invasores De Nuevo León,Lo Mejor De Dos Grandes,https://music.youtube.com/watch?v=JWfr-2eq6Mw
"A Mí, ¿Qué Me Quedó?",Los Invasores De Nuevo León,THE BEST OF,https://music.youtube.com/watch?v=WCnKh0wBJhk
Mi Casa Nueva,Los Invasores De Nuevo León,THE BEST OF,https://music.youtube.com/watch?v=p6KLrQIeXkg
Laurita Garza,Los Invasores De Nuevo León,THE BEST OF,https://music.youtube.com/watch?v=KOeeRRmOkso
Playa Sola,Los Invasores De Nuevo León,THE BEST OF,https://music.youtube.com/watch?v=YfmWKjp3Eag
Aguanta Corazón,Los Invasores De Nuevo León,THE BEST OF,https://music.youtube.com/watch?v=HYB5FYIMXK4
Eslabón Por Eslabón,Los Invasores De Nuevo León,THE BEST OF,https://music.youtube.com/watch?v=b2dktHGdKgA
Total Ya Se Fue,Los Invasores De Nuevo León,THE BEST OF,https://music.youtube.com/watch?v=ttyiVPx0wJ4
Clave 7,Los Invasores De Nuevo León,THE BEST OF,https://music.youtube.com/watch?v=I8HDh94er4M
Mi Caballo Pobre,Los Invasores De Nuevo León,THE BEST OF,https://music.youtube.com/watch?v=BiBBveEdDYQ
Que No Se Apague La Lumbre,Los Invasores De Nuevo León,THE BEST OF,https://music.youtube.com/watch?v=UkI74inf4gU
Moneda Sin Valor,Los Invasores De Nuevo León,THE BEST OF,https://music.youtube.com/watch?v=K5SF_UR0cME
Aviéntame,Los Invasores De Nuevo León,THE BEST OF,https://music.youtube.com/watch?v=14Z-G70YLeA
Se Acabó,Los Invasores De Nuevo León,THE BEST OF,https://music.youtube.com/watch?v=1z6xZKacLQM
Bajo Mil Llaves,Los Invasores De Nuevo León,THE BEST OF,https://music.youtube.com/watch?v=y0h3E_m7PYw
Ni Que Tuvieras Tanta Suerte,Los Invasores De Nuevo León,THE BEST OF,https://music.youtube.com/watch?v=UhnGZ-rTIwM
Rafael Caro Quintero,Los Invasores De Nuevo León,THE BEST OF,https://music.youtube.com/watch?v=TcKI0Fkk2Sw
Esta Noche Tu Vendrás,Los Invasores De Nuevo León,THE BEST OF,https://music.youtube.com/watch?v=7rqwXelWO4w
Lo Callaré,Los Invasores De Nuevo León,THE BEST OF,https://music.youtube.com/watch?v=1tU4eifpZgY
Que La Dejen Ir Al Baile,Los Invasores De Nuevo León,THE BEST OF,https://music.youtube.com/watch?v=stNdJP-PYWM
Ni Dada La Quiero,Los Invasores De Nuevo León,THE BEST OF,https://music.youtube.com/watch?v=KxBTGUiRs6g
Y Vas a Llorar,Los Invasores De Nuevo León,Coincidencia,https://music.youtube.com/watch?v=D6xLdDkDylI
Márchate,Los Invasores De Nuevo León,Coincidencia,https://music.youtube.com/watch?v=S1p1P1lOfAU
"Él Perdona, Yo No",Los Invasores De Nuevo León,Coincidencia,https://music.youtube.com/watch?v=ANthFRhbgoE
Puesto a Levantarme,Los Invasores De Nuevo León,Coincidencia,https://music.youtube.com/watch?v=SD03-Y8mx-I
Casa Chica,Los Invasores De Nuevo León,Coincidencia,https://music.youtube.com/watch?v=bAr3_yk-mTw
Coincidencia,Los Invasores De Nuevo León,Coincidencia,https://music.youtube.com/watch?v=4GjvtnftO0k
Puro Corazón,Los Invasores De Nuevo León,Coincidencia,https://music.youtube.com/watch?v=WvAZB6wParo
Me La Pusiste Dura,Los Invasores De Nuevo León,Coincidencia,https://music.youtube.com/watch?v=uusdPYLx30M
No Tiene Caso,Los Invasores De Nuevo León,Coincidencia,https://music.youtube.com/watch?v=y-yNpt0eMg8
Decídete,Los Invasores De Nuevo León,Coincidencia,https://music.youtube.com/watch?v=OUDO-o8usiA
Amor a Domicilio,Los Invasores De Nuevo León,Coincidencia,https://music.youtube.com/watch?v=maWg8jANEII
Merezco Lo Peor,Los Invasores De Nuevo León,Coincidencia,https://music.youtube.com/watch?v=3rwQgL50w5c
"A Mí, ¿Qué Me Quedó?",Los Invasores De Nuevo León,Las Retro Chingonas,https://music.youtube.com/watch?v=u7S0RWVLRv4
Laurita Garza,Los Invasores De Nuevo León,Las Retro Chingonas,https://music.youtube.com/watch?v=_B6OK0MmhtQ
Mi Casa Nueva,Los Invasores De Nuevo León,Las Retro Chingonas,https://music.youtube.com/watch?v=_Pl2j_JfFvw
Playa Sola,Los Invasores De Nuevo León,Las Retro Chingonas,https://music.youtube.com/watch?v=rZR-MGGlCyk
Eslabón Por Eslabón,Los Invasores De Nuevo León,Las Retro Chingonas,https://music.youtube.com/watch?v=7qX_NtxRQ0I
Aguanta Corazón,Los Invasores De Nuevo León,Las Retro Chingonas,https://music.youtube.com/watch?v=AiDqpuX3Rsw
Clave 7,Los Invasores De Nuevo León,Las Retro Chingonas,https://music.youtube.com/watch?v=LO37lOdP540
Total Ya Se Fue,Los Invasores De Nuevo León,Las Retro Chingonas,https://music.youtube.com/watch?v=QmKO1SS_xeo
Aviéntame,Los Invasores De Nuevo León,Las Retro Chingonas,https://music.youtube.com/watch?v=GBRT8t8r06g
Mi Caballo Pobre,Los Invasores De Nuevo León,Las Retro Chingonas,https://music.youtube.com/watch?v=yKVFnIVhtPg
Que No Se Apague La Lumbre,Los Invasores De Nuevo León,Las Retro Chingonas,https://music.youtube.com/watch?v=g3Hgp02Xzh8
Moneda Sin Valor,Los Invasores De Nuevo León,Las Retro Chingonas,https://music.youtube.com/watch?v=8Z099ynewro
Que La Dejen Ir Al Baile,Los Invasores De Nuevo León,Las Retro Chingonas,https://music.youtube.com/watch?v=GCOH4k1JNu8
Se Acabó,Los Invasores De Nuevo León,Las Retro Chingonas,https://music.youtube.com/watch?v=udCqe0UxXlI
El Ultimo Cartucho,Los Invasores De Nuevo León,Las Retro Chingonas,https://music.youtube.com/watch?v=OAUpkUAwKz8
Lo Callaré,Los Invasores De Nuevo León,Las Retro Chingonas,https://music.youtube.com/watch?v=PS7TUb6cho4
Bajo Mil Llaves,Los Invasores De Nuevo León,Las Retro Chingonas,https://music.youtube.com/watch?v=Pie_ashXGDA
Ni Dada La Quiero,Los Invasores De Nuevo León,Las Retro Chingonas,https://music.youtube.com/watch?v=uC0eIHE4mHI
En Eso No Quedamos,Los Invasores De Nuevo León,Las Retro Chingonas,https://music.youtube.com/watch?v=YzoV9TaqEIs
Rafael Caro Quintero,Los Invasores De Nuevo León,Las Retro Chingonas,https://music.youtube.com/watch?v=SRZll3xoMEw
Ni Que Tuvieras Tanta Suerte,Los Invasores De Nuevo León,Las Retro Chingonas,https://music.youtube.com/watch?v=d-n9DYkCe3A
Esta Noche Tu Vendrás,Los Invasores De Nuevo León,Las Retro Chingonas,https://music.youtube.com/watch?v=MBscb6Q4ejo
Rosalinda,Los Invasores De Nuevo León,Las Retro Chingonas,https://music.youtube.com/watch?v=tZGXpSu2ogw
Y A Mí Que Me Quedó,Los Invasores De Nuevo León,Las Retro Chingonas,https://music.youtube.com/watch?v=ZEeD9u25p4Y
Respeta Mi Dolor,Los Invasores De Nuevo León,Las Retro Chingonas,https://music.youtube.com/watch?v=0EOCwJ2p48M
Para Ti Mi Amor,Los Invasores De Nuevo León,Las Retro Chingonas,https://music.youtube.com/watch?v=sGLiIZ2EfMs
Lucio Peña,Los Invasores De Nuevo León,Las Retro Chingonas,https://music.youtube.com/watch?v=pt747A6vX8M
De Vida O Muerte,Los Invasores De Nuevo León,Las Retro Chingonas,https://music.youtube.com/watch?v=Aj7VIlHNk0A
El Subteniente Linares,Los Invasores De Nuevo León,Las Retro Chingonas,https://music.youtube.com/watch?v=iOswlehYge8
A Ver Si Capea,Los Invasores De Nuevo León,Las Retro Chingonas,https://music.youtube.com/watch?v=dyz1TZFfb5E
Bonito Ha De Ser,Los Invasores De Nuevo León,20 Temazos,https://music.youtube.com/watch?v=rWAHARCXOHU
Caballo De La Cordada,Los Invasores De Nuevo León,20 Temazos,https://music.youtube.com/watch?v=2rEgxpl2JXw
Con Cartitas,Los Invasores De Nuevo León,20 Temazos,https://music.youtube.com/watch?v=aGoIsE8zS2A
Concha Del Alma,Los Invasores De Nuevo León,20 Temazos,https://music.youtube.com/watch?v=ym1KsNuLCqQ
Cuánto Te Debo,Los Invasores De Nuevo León,20 Temazos,https://music.youtube.com/watch?v=lUDR-aJ-qTI
El Fugitivo,Los Invasores De Nuevo León,20 Temazos,https://music.youtube.com/watch?v=9s7PXAa1Das
El Preso De Nuevo León,Los Invasores De Nuevo León,20 Temazos,https://music.youtube.com/watch?v=nQ1rpdr81TA
El Último Rodeo,Los Invasores De Nuevo León,20 Temazos,https://music.youtube.com/watch?v=HtOdSESW6Z0
Estrella De La Oración,Los Invasores De Nuevo León,20 Temazos,https://music.youtube.com/watch?v=kPmMBUNG0zo
La Calle 12,Los Invasores De Nuevo León,20 Temazos,https://music.youtube.com/watch?v=0DtAV4oUxGc
Los Caballos De Mi Rancho,Los Invasores De Nuevo León,20 Temazos,https://music.youtube.com/watch?v=n-fr1dQGizQ
María Bonita,Los Invasores De Nuevo León,20 Temazos,https://music.youtube.com/watch?v=W9ZyATJBbaw
Nuestro Adiós,Los Invasores De Nuevo León,20 Temazos,https://music.youtube.com/watch?v=XPfbLkqxlbE
Paloma Piquito De Oro,Los Invasores De Nuevo León,20 Temazos,https://music.youtube.com/watch?v=R3spMW_4T3I
Picando Hielo,Los Invasores De Nuevo León,20 Temazos,https://music.youtube.com/watch?v=fM2P_UI4CWw
Por Amor Al Arte,Los Invasores De Nuevo León,20 Temazos,https://music.youtube.com/watch?v=qSZNlbbGovY
Roel Cano,Los Invasores De Nuevo León,20 Temazos,https://music.youtube.com/watch?v=MNyFVXdL7QQ
Tengo Que Dejarla,Los Invasores De Nuevo León,20 Temazos,https://music.youtube.com/watch?v=Ft4YKpbtqT0
Triste Estoy,Los Invasores De Nuevo León,20 Temazos,https://music.youtube.com/watch?v=yqzrM9ys5IA
Tus Errores,Los Invasores De Nuevo León,20 Temazos,https://music.youtube.com/watch?v=37-_U6uWrcI
Curé Tus Heridas,Los Invasores De Nuevo León,Curé Tus Heridas,https://music.youtube.com/watch?v=xefZosNBAcA
El Calabaceado,Los Invasores De Nuevo León,El Calabaceado,https://music.youtube.com/watch?v=KMXneWS1nC0
El Carretonero,Los Invasores De Nuevo León,El Carretonero,https://music.youtube.com/watch?v=FsgmMnrdXDo
La Chica Perfecta,Los Invasores De Nuevo León,La Chica Perfecta,https://music.youtube.com/watch?v=8OWYYe5Qjc8
Cielo,Los Regios,Cielo,https://music.youtube.com/watch?v=IX853AntWGs
Noche Bonita,Los Invasores De Nuevo León,Noche Bonita,https://music.youtube.com/watch?v=RpIpKtdTc5g
Esta Noche Buena,Los Invasores De Nuevo León,Esta Noche Buena,https://music.youtube.com/watch?v=OSeWPM_8gEA
No Sé Qué Pasa,Los Invasores De Nuevo León,No Sé Qué Pasa,https://music.youtube.com/watch?v=G8_uaBtb5ac
Coincidencia,Los Invasores De Nuevo León,Coincidencia,https://music.youtube.com/watch?v=4GjvtnftO0k
No Me Hagas Menos,Los Invasores de Nuevo León,No Me Hagas Menos,https://music.youtube.com/watch?v=sLzUItZVbSw
titulo,artistas,album,url
Ven Porque Te Necesito,Los Temerarios,Rosas Y Bombones Con Los Temerarios,https://music.youtube.com/watch?v=qJz0YGSOgmo
Acepta Mi Error,Los Temerarios,Rosas Y Bombones Con Los Temerarios,https://music.youtube.com/watch?v=qp0Zu3QNPy0
Primer Amor,Los Temerarios,Rosas Y Bombones Con Los Temerarios,https://music.youtube.com/watch?v=_VwxBsg0C2c
Tu Infame Engaño,Los Temerarios,Rosas Y Bombones Con Los Temerarios,https://music.youtube.com/watch?v=GJ6OATSaGiM
Sí Quiero Volver,Los Temerarios,Rosas Y Bombones Con Los Temerarios,https://music.youtube.com/watch?v=6XDcTopHtsE
Dímelo,Los Temerarios,Rosas Y Bombones Con Los Temerarios,https://music.youtube.com/watch?v=bHY-fl3sgOs
Pequeña,Los Temerarios,Rosas Y Bombones Con Los Temerarios,https://music.youtube.com/watch?v=SxGh-uGHgnI
La Culpa No Tengo Yo,Los Temerarios,Rosas Y Bombones Con Los Temerarios,https://music.youtube.com/watch?v=rvVbUS_O19g
Faltas Tú,Los Temerarios,Rosas Y Bombones Con Los Temerarios,https://music.youtube.com/watch?v=H82ljvg03g0
Al Otro Lado Del Sol,Los Temerarios,Rosas Y Bombones Con Los Temerarios,https://music.youtube.com/watch?v=eZIIyTZQEYs
Fue Un Juego,Los Temerarios,Rosas Y Bombones Con Los Temerarios,https://music.youtube.com/watch?v=2sTNXuiEAnw
Tú Me Vas A Llorar,Los Temerarios,Rosas Y Bombones Con Los Temerarios,https://music.youtube.com/watch?v=7ckkTKl3uxA
No Dejo De Amarte,Los Temerarios,Rosas Y Bombones Con Los Temerarios,https://music.youtube.com/watch?v=wxhic9ZnJfk
Una Lágrima Más,Los Temerarios,Rosas Y Bombones Con Los Temerarios,https://music.youtube.com/watch?v=MhpJdRF7zwE
Fueron Tus Palabras,Los Temerarios,Rosas Y Bombones Con Los Temerarios,https://music.youtube.com/watch?v=uWLxbGy64po
Nunca Es Tarde,Los Temerarios,Rosas Y Bombones Con Los Temerarios,https://music.youtube.com/watch?v=ZQDbUD97Ovo
Como Ayer,Los Temerarios,Rosas Y Bombones Con Los Temerarios,https://music.youtube.com/watch?v=62Wj-yy4CFs
Una Miradita,Los Temerarios,Rosas Y Bombones Con Los Temerarios,https://music.youtube.com/watch?v=sXCASMb4ffI
Soy Un Solitario,Los Temerarios,Rosas Y Bombones Con Los Temerarios,https://music.youtube.com/watch?v=F7iUc30PPwc
Sólo Y Sin Su Amor,Los Temerarios,Rosas Y Bombones Con Los Temerarios,https://music.youtube.com/watch?v=BH68djjcnUQ
A Donde Vayas,Los Bukis,Duelo Romántico,https://music.youtube.com/watch?v=Bf280GUYVP8
Tu Infame Engaño,Los Temerarios,Duelo Romántico,https://music.youtube.com/watch?v=GJ6OATSaGiM
Yo Te Necesito,Los Bukis,Duelo Romántico,https://music.youtube.com/watch?v=hC0KoZhw2to
Sí Quiero Volver,Los Temerarios,Duelo Romántico,https://music.youtube.com/watch?v=6XDcTopHtsE
Acepto Mi Derrota,Los Bukis,Duelo Romántico,https://music.youtube.com/watch?v=4Q-uxp34RmA
Dímelo,Los Temerarios,Duelo Romántico,https://music.youtube.com/watch?v=bHY-fl3sgOs
Como Fui A Enamorarme De Ti,Los Bukis,Duelo Romántico,https://music.youtube.com/watch?v=GLRgc_tHxrg
Ven Porque Te Necesito,Los Temerarios,Duelo Romántico,https://music.youtube.com/watch?v=qJz0YGSOgmo
Mi Mayor Necesidad,Los Bukis,Duelo Romántico,https://music.youtube.com/watch?v=Js3GyPa25tY
Acepta Mi Error,Los Temerarios,Duelo Romántico,https://music.youtube.com/watch?v=qp0Zu3QNPy0
Ladrón De Buena Suerte,Los Bukis,Duelo Romántico,https://music.youtube.com/watch?v=WokmFUCPQYc
La Culpa No Tengo Yo,Los Temerarios,Duelo Romántico,https://music.youtube.com/watch?v=rvVbUS_O19g
Será Mejor Que Te Vayas,"Marco Antonio Solís, Los Bukis",Duelo Romántico,https://music.youtube.com/watch?v=YDov2DaKTbI
Faltas Tú,Los Temerarios,Duelo Romántico,https://music.youtube.com/watch?v=H82ljvg03g0
Quiéreme,Los Bukis,Duelo Romántico,https://music.youtube.com/watch?v=vFyKNysKdA0
Fue Un Juego,Los Temerarios,Duelo Romántico,https://music.youtube.com/watch?v=2sTNXuiEAnw
Que Duro Es Llorar Así,Los Bukis,Duelo Romántico,https://music.youtube.com/watch?v=mbB9OmfsXds
Una Lágrima Más,Los Temerarios,Duelo Romántico,https://music.youtube.com/watch?v=MhpJdRF7zwE
Chiquilla Bonita,Los Bukis,Duelo Romántico,https://music.youtube.com/watch?v=uK_puqD2EoI
Fueron Tus Palabras,Los Temerarios,Duelo Romántico,https://music.youtube.com/watch?v=uWLxbGy64po
Ven Porque Te Necesito,Los Temerarios,Por Siempre,https://music.youtube.com/watch?v=qJz0YGSOgmo
Tu Infame Engaño,Los Temerarios,Por Siempre,https://music.youtube.com/watch?v=GJ6OATSaGiM
Acepta Mi Error,Los Temerarios,Por Siempre,https://music.youtube.com/watch?v=qp0Zu3QNPy0
Sí Quiero Volver,Los Temerarios,Por Siempre,https://music.youtube.com/watch?v=6XDcTopHtsE
Dímelo,Los Temerarios,Por Siempre,https://music.youtube.com/watch?v=bHY-fl3sgOs
Al Otro Lado Del Sol,Los Temerarios,Por Siempre,https://music.youtube.com/watch?v=eZIIyTZQEYs
La Culpa No Tengo Yo,Los Temerarios,Por Siempre,https://music.youtube.com/watch?v=rvVbUS_O19g
Faltas Tú,Los Temerarios,Por Siempre,https://music.youtube.com/watch?v=H82ljvg03g0
Una Lágrima Más,Los Temerarios,Por Siempre,https://music.youtube.com/watch?v=MhpJdRF7zwE
Fue Un Juego,Los Temerarios,Por Siempre,https://music.youtube.com/watch?v=2sTNXuiEAnw
Fueron Tus Palabras,Los Temerarios,Por Siempre,https://music.youtube.com/watch?v=uWLxbGy64po
Soy Un Solitario,Los Temerarios,Por Siempre,https://music.youtube.com/watch?v=F7iUc30PPwc
Tú Me Vas A Llorar,Los Temerarios,Por Siempre,https://music.youtube.com/watch?v=7ckkTKl3uxA
Si Tu Cariño No Está,Los Temerarios,Por Siempre,https://music.youtube.com/watch?v=B2TJiSxDi-U
Dice Adiós Tu Mano Al Viento,Los Temerarios,Por Siempre,https://music.youtube.com/watch?v=O3DrO3h3X74
Primer Amor,Los Temerarios,Por Siempre,https://music.youtube.com/watch?v=_VwxBsg0C2c
No Dejo De Amarte,Los Temerarios,Por Siempre,https://music.youtube.com/watch?v=wxhic9ZnJfk
Pequeña,Los Temerarios,Por Siempre,https://music.youtube.com/watch?v=SxGh-uGHgnI
Volveré De Mi Viaje,Los Temerarios,Por Siempre,https://music.youtube.com/watch?v=rRPU1RwjGns
La Traicionera,Los Temerarios,Por Siempre,https://music.youtube.com/watch?v=olAGVuKelws
Ven Porque Te Necesito,Los Temerarios,Lo Mejor De Dos Grandes,https://music.youtube.com/watch?v=qJz0YGSOgmo
Tú Me Quieres Lastimar,Ladrón,Lo Mejor De Dos Grandes,https://music.youtube.com/watch?v=VfkAFdaFQQ4
Tu Infame Engaño,Los Temerarios,Lo Mejor De Dos Grandes,https://music.youtube.com/watch?v=GJ6OATSaGiM
No Tengo Lágrimas,Ladrón,Lo Mejor De Dos Grandes,https://music.youtube.com/watch?v=q0slh6FJJQ0
Acepta Mi Error,Los Temerarios,Lo Mejor De Dos Grandes,https://music.youtube.com/watch?v=qp0Zu3QNPy0
Y Es Que La Quiero,Ladrón,Lo Mejor De Dos Grandes,https://music.youtube.com/watch?v=r1yApqfult4
Sí Quiero Volver,Los Temerarios,Lo Mejor De Dos Grandes,https://music.youtube.com/watch?v=6XDcTopHtsE
Mi Castigo,Ladrón,Lo Mejor De Dos Grandes,https://music.youtube.com/watch?v=ablW1Dij4fc
Dímelo,Los Temerarios,Lo Mejor De Dos Grandes,https://music.youtube.com/watch?v=bHY-fl3sgOs
Si Fueras Mi Esposa,Ladrón,Lo Mejor De Dos Grandes,https://music.youtube.com/watch?v=1xs9w5qcATM
Al Otro Lado Del Sol,Los Temerarios,Lo Mejor De Dos Grandes,https://music.youtube.com/watch?v=eZIIyTZQEYs
Es Difícil Decir Adiós,Ladrón,Lo Mejor De Dos Grandes,https://music.youtube.com/watch?v=1zob6ITcA4Y
La Culpa No Tengo Yo,Los Temerarios,Lo Mejor De Dos Grandes,https://music.youtube.com/watch?v=rvVbUS_O19g
Estoy Enamorado,Ladrón,Lo Mejor De Dos Grandes,https://music.youtube.com/watch?v=S9uYNEad0MM
Faltas Tú,Los Temerarios,Lo Mejor De Dos Grandes,https://music.youtube.com/watch?v=H82ljvg03g0
Te Casaste,Ladrón,Lo Mejor De Dos Grandes,https://music.youtube.com/watch?v=OO-PbFXgpQI
Fue Un Juego,Los Temerarios,Lo Mejor De Dos Grandes,https://music.youtube.com/watch?v=2sTNXuiEAnw
Amor En Llamas,Ladrón,Lo Mejor De Dos Grandes,https://music.youtube.com/watch?v=vhV437TaXHk
Una Lágrima Más,Los Temerarios,Lo Mejor De Dos Grandes,https://music.youtube.com/watch?v=MhpJdRF7zwE
Cositas De Amor,Ladrón,Lo Mejor De Dos Grandes,https://music.youtube.com/watch?v=0lYEd3X37bY
Ven Porque Te Necesito,Los Temerarios,Las Retro Chingonas,https://music.youtube.com/watch?v=qJz0YGSOgmo
Tu Infame Engaño,Los Temerarios,Las Retro Chingonas,https://music.youtube.com/watch?v=GJ6OATSaGiM
Dímelo,Los Temerarios,Las Retro Chingonas,https://music.youtube.com/watch?v=bHY-fl3sgOs
Sí Quiero Volver,Los Temerarios,Las Retro Chingonas,https://music.youtube.com/watch?v=6XDcTopHtsE
Acepta Mi Error,Los Temerarios,Las Retro Chingonas,https://music.youtube.com/watch?v=qp0Zu3QNPy0
Al Otro Lado Del Sol,Los Temerarios,Las Retro Chingonas,https://music.youtube.com/watch?v=eZIIyTZQEYs
Fue Un Juego,Los Temerarios,Las Retro Chingonas,https://music.youtube.com/watch?v=2sTNXuiEAnw
Fueron Tus Palabras,Los Temerarios,Las Retro Chingonas,https://music.youtube.com/watch?v=uWLxbGy64po
Tú Me Vas A Llorar,Los Temerarios,Las Retro Chingonas,https://music.youtube.com/watch?v=7ckkTKl3uxA
La Culpa No Tengo Yo,Los Temerarios,Las Retro Chingonas,https://music.youtube.com/watch?v=rvVbUS_O19g
Si Tu Cariño No Está,Los Temerarios,Las Retro Chingonas,https://music.youtube.com/watch?v=B2TJiSxDi-U
Faltas Tú,Los Temerarios,Las Retro Chingonas,https://music.youtube.com/watch?v=H82ljvg03g0
Una Lágrima Más,Los Temerarios,Las Retro Chingonas,https://music.youtube.com/watch?v=MhpJdRF7zwE
Soy Un Solitario,Los Temerarios,Las Retro Chingonas,https://music.youtube.com/watch?v=F7iUc30PPwc
Dice Adiós Tu Mano Al Viento,Los Temerarios,Las Retro Chingonas,https://music.youtube.com/watch?v=O3DrO3h3X74
Primer Amor,Los Temerarios,Las Retro Chingonas,https://music.youtube.com/watch?v=_VwxBsg0C2c
Nunca Es Tarde,Los Temerarios,Las Retro Chingonas,https://music.youtube.com/watch?v=ZQDbUD97Ovo
No Dejo De Amarte,Los Temerarios,Las Retro Chingonas,https://music.youtube.com/watch?v=wxhic9ZnJfk
Pequeña,Los Temerarios,Las Retro Chingonas,https://music.youtube.com/watch?v=SxGh-uGHgnI
Volveré De Mi Viaje,Los Temerarios,Las Retro Chingonas,https://music.youtube.com/watch?v=rRPU1RwjGns
Una Miradita,Los Temerarios,Las Retro Chingonas,https://music.youtube.com/watch?v=sXCASMb4ffI
La Traicionera,Los Temerarios,Las Retro Chingonas,https://music.youtube.com/watch?v=olAGVuKelws
Hoy Que Regreso Contigo,Los Temerarios,Las Retro Chingonas,https://music.youtube.com/watch?v=DUUKV71EDX8
Como Ayer,Los Temerarios,Las Retro Chingonas,https://music.youtube.com/watch?v=62Wj-yy4CFs
Todo Fue Mentira,Los Temerarios,Las Retro Chingonas,https://music.youtube.com/watch?v=iNqCTG4Ev3Y
Sólo Y Sin Su Amor,Los Temerarios,Las Retro Chingonas,https://music.youtube.com/watch?v=BH68djjcnUQ
Cuando Quieras Verme,Los Temerarios,Las Retro Chingonas,https://music.youtube.com/watch?v=r-6IFVgLd2w
Nostalgia Campesina,Los Temerarios,Las Retro Chingonas,https://music.youtube.com/watch?v=NsiPGz33QXQ
Camino Del Desierto,Los Temerarios,Las Retro Chingonas,https://music.youtube.com/watch?v=iVK1N_1gyjU
Lágrimas De Sangre,Los Temerarios,Las Retro Chingonas,https://music.youtube.com/watch?v=DQZYp6FX-GA
Si Quiero Volver (2020 Remastered),Los Temerarios,Los Temerarios Esencial,https://music.youtube.com/watch?v=WQlMTu57OEI
Por Primera Vez (2020 Remastered),Los Temerarios,Los Temerarios Esencial,https://music.youtube.com/watch?v=65olp6FO4Pk
Dímelo (2020 Remastered),Los Temerarios,Los Temerarios Esencial,https://music.youtube.com/watch?v=FeIB4c_i2WI
Mi Secreto (2020 Remastered),Los Temerarios,Los Temerarios Esencial,https://music.youtube.com/watch?v=KkRrhY2uPiE
Ven Porque Te Necesito (2020 Remastered),Los Temerarios,Los Temerarios Esencial,https://music.youtube.com/watch?v=Br4PMKyf-Rs
Pobre Tonto Enamorado (2020 Remastered),Los Temerarios,Los Temerarios Esencial,https://music.youtube.com/watch?v=nHKWi65A48o
Camino del Desierto (2020 Remastered),Los Temerarios,Los Temerarios Esencial,https://music.youtube.com/watch?v=Yt0wntExboM
Extrañándote (2020 Remastered),Los Temerarios,Los Temerarios Esencial,https://music.youtube.com/watch?v=R5JpLYYBhPo
Acepta Mi Error (2020 Remastered),Los Temerarios,Los Temerarios Esencial,https://music.youtube.com/watch?v=i_jF-EO1fGE
O Él o Yo (2020 Remastered),Los Temerarios,Los Temerarios Esencial,https://music.youtube.com/watch?v=YHBUIiOoyyM
La Mujer Que Soñé (2020 Remastered),Los Temerarios,Los Temerarios Esencial,https://music.youtube.com/watch?v=vI98t1_lXc8
Enamorado de Ti (2020 Remastered),Los Temerarios,Los Temerarios Esencial,https://music.youtube.com/watch?v=TK18pQzP7ds
A Quién Quieres Engañar (2020 Remastered),Los Temerarios,Los Temerarios Esencial,https://music.youtube.com/watch?v=9a17XfPUIdo
Es Ella la Causa (2020 Remastered),Los Temerarios,Los Temerarios Esencial,https://music.youtube.com/watch?v=p4hCt-I2G2g
Perdóname (2020 Remastered),Los Temerarios,Los Temerarios Esencial,https://music.youtube.com/watch?v=NtAZ4vvl7Fw
Fue Un Juego,Los Temerarios,Nunca Es Tarde,https://music.youtube.com/watch?v=2sTNXuiEAnw
Dice Adiós Tu Mano Al Viento,Los Temerarios,Nunca Es Tarde,https://music.youtube.com/watch?v=O3DrO3h3X74
Al Otro Lado Del Sol,Los Temerarios,Nunca Es Tarde,https://music.youtube.com/watch?v=eZIIyTZQEYs
Sólo Y Sin Su Amor,Los Temerarios,Nunca Es Tarde,https://music.youtube.com/watch?v=BH68djjcnUQ
Fueron Tus Palabras,Los Temerarios,Nunca Es Tarde,https://music.youtube.com/watch?v=uWLxbGy64po
No Dejo De Amarte,Los Temerarios,Nunca Es Tarde,https://music.youtube.com/watch?v=wxhic9ZnJfk
Soy Un Solitario,Los Temerarios,Nunca Es Tarde,https://music.youtube.com/watch?v=F7iUc30PPwc
Nunca Es Tarde,Los Temerarios,Nunca Es Tarde,https://music.youtube.com/watch?v=ZQDbUD97Ovo
La Culpa No Tengo Yo,Los Temerarios,Nunca Es Tarde,https://music.youtube.com/watch?v=rvVbUS_O19g
Hoy Que Regreso Contigo,Los Temerarios,Nunca Es Tarde,https://music.youtube.com/watch?v=DUUKV71EDX8
Tú Me Vas A Llorar,Los Temerarios,Nunca Es Tarde,https://music.youtube.com/watch?v=7ckkTKl3uxA
Como Ayer,Los Temerarios,Nunca Es Tarde,https://music.youtube.com/watch?v=62Wj-yy4CFs
Faltas Tú,Los Temerarios,Nunca Es Tarde,https://music.youtube.com/watch?v=H82ljvg03g0
La Traicionera,Los Temerarios,Nunca Es Tarde,https://music.youtube.com/watch?v=olAGVuKelws
Ven Porque Te Necesito,Los Temerarios,Nunca Es Tarde,https://music.youtube.com/watch?v=qJz0YGSOgmo
Una Miradita,Los Temerarios,Nunca Es Tarde,https://music.youtube.com/watch?v=sXCASMb4ffI
Una Lágrima Más,Los Temerarios,Nunca Es Tarde,https://music.youtube.com/watch?v=MhpJdRF7zwE
Tu Infame Engaño,Los Temerarios,Nunca Es Tarde,https://music.youtube.com/watch?v=GJ6OATSaGiM
Si Tu Cariño No Está,Los Temerarios,Nunca Es Tarde,https://music.youtube.com/watch?v=B2TJiSxDi-U
Volveré De Mi Viaje,Los Temerarios,Nunca Es Tarde,https://music.youtube.com/watch?v=rRPU1RwjGns
Primer Amor,Los Temerarios,Nunca Es Tarde,https://music.youtube.com/watch?v=_VwxBsg0C2c
Lágrimas De Sangre,Los Temerarios,Nunca Es Tarde,https://music.youtube.com/watch?v=DQZYp6FX-GA
Pequeña,Los Temerarios,Nunca Es Tarde,https://music.youtube.com/watch?v=SxGh-uGHgnI
Acepta Mi Error,Los Temerarios,Nunca Es Tarde,https://music.youtube.com/watch?v=qp0Zu3QNPy0
Todo Fue Mentira,Los Temerarios,Nunca Es Tarde,https://music.youtube.com/watch?v=iNqCTG4Ev3Y
Dímelo,Los Temerarios,Nunca Es Tarde,https://music.youtube.com/watch?v=bHY-fl3sgOs
Cuando Quieras Verme,Los Temerarios,Nunca Es Tarde,https://music.youtube.com/watch?v=r-6IFVgLd2w
Camino Del Desierto,Los Temerarios,Nunca Es Tarde,https://music.youtube.com/watch?v=iVK1N_1gyjU
Nostalgia Campesina,Los Temerarios,Nunca Es Tarde,https://music.youtube.com/watch?v=NsiPGz33QXQ
Sí Quiero Volver,Los Temerarios,Nunca Es Tarde,https://music.youtube.com/watch?v=6XDcTopHtsE
Mi Vida Eres Tú (Sinfónico),Los Temerarios,Sin4onico,https://music.youtube.com/watch?v=w-tPaOMaBCE
Todo Me Recuerda a Ti (Sinfónico),Los Temerarios,Sin4onico,https://music.youtube.com/watch?v=ft6goY7TeFk
Estaba Solo (Sinfónico),Los Temerarios,Sin4onico,https://music.youtube.com/watch?v=ozcbpgarzdU
Mi Alma Reclama (Sinfónico),Los Temerarios,Sin4onico,https://music.youtube.com/watch?v=VTsYk9Xc6M8
Basta Ya (Sinfónico),Los Temerarios,Sin4onico,https://music.youtube.com/watch?v=yv5YgL3SkX8
Ven Porque Te Necesito (Sinfónico),Los Temerarios,Sin4onico,https://music.youtube.com/watch?v=psEnA2VEV6U
Sin Ti Moriría (Sinfónico),Los Temerarios,Sin4onico,https://music.youtube.com/watch?v=ubqbHDcONvg
Como Tú (Sinfónico),Los Temerarios,Sin4onico,https://music.youtube.com/watch?v=UI3ExWiuvqo
Quise Olvidarme de Ti (Sinfónico),Los Temerarios,Sin4onico,https://music.youtube.com/watch?v=sB2BchiZDv0
Tu Última Canción (Sinfónico),Los Temerarios,Sin4onico,https://music.youtube.com/watch?v=AkTYdss9Sjs
Si Quiero Volver (Sinfónico),Los Temerarios,Sin4onico,https://music.youtube.com/watch?v=9dA_nX6BQUM
Dímelo (Sinfónico),Los Temerarios,Sin4onico,https://music.youtube.com/watch?v=LfurDI4A4CA
Mi Vida Sin Ti,Los Temerarios,Mi Vida Sin Ti,https://music.youtube.com/watch?v=j-J6ZQBlWoY
Sin Ti Este Mundo No Lo Aguanto,Los Temerarios,Mi Vida Sin Ti,https://music.youtube.com/watch?v=oTM5nLT6MMM
Me Has Echado al Olvido,Los Temerarios,Mi Vida Sin Ti,https://music.youtube.com/watch?v=3GVCEm09hT8
No Me Cambio por Ninguno,Los Temerarios,Mi Vida Sin Ti,https://music.youtube.com/watch?v=xtNP4vlOdqM
Si Supieras Cuanto Te Amé,Los Temerarios,Mi Vida Sin Ti,https://music.youtube.com/watch?v=8AVrz8YoxHs
Definitivamente Ya No Estoy Enamorado,Los Temerarios,Mi Vida Sin Ti,https://music.youtube.com/watch?v=X8pD4mKdZ_o
Ayúdame,Los Temerarios,Mi Vida Sin Ti,https://music.youtube.com/watch?v=FNC-2USYan4
Días Nublados,Los Temerarios,Mi Vida Sin Ti,https://music.youtube.com/watch?v=VJ-2g6bAl0o
Por Ti Mis Amores,Los Temerarios,Mi Vida Sin Ti,https://music.youtube.com/watch?v=-rkdS8NIaJg
A Mi Manera,Los Temerarios,Mi Vida Sin Ti,https://music.youtube.com/watch?v=xotMH-7UcMU
Te Hice Mal (2010 Remastered),Los Temerarios,Evolución de Amor,https://music.youtube.com/watch?v=3u1DZGA42Mw
Como Tú (2010 Remastered),Los Temerarios,Evolución de Amor,https://music.youtube.com/watch?v=UI3ExWiuvqo
He Intentado Tanto Tanto (2010 Remastered),Los Temerarios,Evolución de Amor,https://music.youtube.com/watch?v=MPcGYKKVEkk
Si Tú Quisieras (2010 Remastered),Los Temerarios,Evolución de Amor,https://music.youtube.com/watch?v=t61zNWgaI3o
Te Quiero (2010 Remastered),Los Temerarios,Evolución de Amor,https://music.youtube.com/watch?v=A_0Ooj3yfPw
Mi Vida Eres Tú (2010 Remastered),Los Temerarios,Evolución de Amor,https://music.youtube.com/watch?v=wckk3P8VVNo
Una Lágrima No Basta (2010 Remastered),Los Temerarios,Evolución de Amor,https://music.youtube.com/watch?v=jOVnZW0N7DA
Comer a Besos (2010 Remastered),Los Temerarios,Evolución de Amor,https://music.youtube.com/watch?v=pkRzvCJVV2c
Eres un Sueño (2010 Remastered),Los Temerarios,Evolución de Amor,https://music.youtube.com/watch?v=G8iD3xh3Xrs
Siempre Contigo (2010 Remastered),Los Temerarios,Evolución de Amor,https://music.youtube.com/watch?v=969tY8Y7Vjs
Caminando Voy,Los Temerarios,Caminando Voy,https://music.youtube.com/watch?v=pGTpuPvpgqs
Ven Porque Te Necesito,Los Temerarios,Ven Porque Te Necesito,https://music.youtube.com/watch?v=nJMVE-caNwk
Como Tú (Sinfónico),Los Temerarios,Como Tú,https://music.youtube.com/watch?v=UI3ExWiuvqo
Me Partiste el Corazón,Los Temerarios,Me Partiste el Corazón,https://music.youtube.com/watch?v=pvWVxQFmr1Q
Cuando Hablamos de Amor,Los Temerarios,Cuando Hablamos de Amor,https://music.youtube.com/watch?v=ZTJ3MMMXWnk
Solo Quiero Olvidarte,Los Temerarios,Solo Quiero Olvidarte,https://music.youtube.com/watch?v=nz7ckgs--R0
Te Diré Que No,Los Temerarios,Te Diré Que No,https://music.youtube.com/watch?v=yRRUAutFROs
titulo,artistas,album,url
Soy Todo Tuyo,Los Tucanes De Tijuana,Las Más Pedidas - Serie 35,https://music.youtube.com/watch?v=WqdRVgSNgwo
El Tío Borrachales,Los Tucanes De Tijuana,Las Más Pedidas - Serie 35,https://music.youtube.com/watch?v=fW64YeMfEDQ
Se Fue Mi Amor,Los Tucanes De Tijuana,Las Más Pedidas - Serie 35,https://music.youtube.com/watch?v=qqFjEGIf0pc
365 Días,Los Tucanes De Tijuana,Las Más Pedidas - Serie 35,https://music.youtube.com/watch?v=lJpFOtZEn4k
Soltero y Con Dinero,Los Tucanes De Tijuana,Las Más Pedidas - Serie 35,https://music.youtube.com/watch?v=l3zxekev-Bo
Amor Compartido,Los Tucanes De Tijuana,Las Más Pedidas - Serie 35,https://music.youtube.com/watch?v=y7zTgbUISJs
Rehabilitado,Los Tucanes De Tijuana,Las Más Pedidas - Serie 35,https://music.youtube.com/watch?v=VTlYmWe72Is
La Gran Noche,Los Tucanes De Tijuana,Las Más Pedidas - Serie 35,https://music.youtube.com/watch?v=EVvKnKMIj9w
El Amor Soñado,Los Tucanes De Tijuana,Las Más Pedidas - Serie 35,https://music.youtube.com/watch?v=-2zOCkyG7tI
Me Gusta Vivir de Noche,Los Tucanes De Tijuana,Las Más Pedidas - Serie 35,https://music.youtube.com/watch?v=3Dv_nYbNkhk
Soy Parrandero,Los Tucanes De Tijuana,Las Más Pedidas - Serie 35,https://music.youtube.com/watch?v=3O9sJetEWPs
Amor Platónico,Los Tucanes De Tijuana,Las Más Pedidas - Serie 35,https://music.youtube.com/watch?v=8SM2KvX7flE
Las Heladas,Los Tucanes De Tijuana,Las Más Pedidas - Serie 35,https://music.youtube.com/watch?v=XgmiovAB1fM
Desde Que Te Amo,Los Tucanes De Tijuana,Las Más Pedidas - Serie 35,https://music.youtube.com/watch?v=CJ00q-vT4K0
Espejeando,Los Tucanes De Tijuana,Las Más Pedidas - Serie 35,https://music.youtube.com/watch?v=A9QLp1S8sFs
No Porque Se Muera un Chivo,Los Tucanes De Tijuana,Las Más Pedidas - Serie 35,https://music.youtube.com/watch?v=JJ2H1KM44DQ
La Chona,Los Tucanes De Tijuana,Las Más Pedidas - Serie 35,https://music.youtube.com/watch?v=4gA5iaZ11lU
Me Robaste el Corazon,Los Tucanes De Tijuana,Las Más Pedidas - Serie 35,https://music.youtube.com/watch?v=tUkgSi9rCGM
El Tucanazo,Los Tucanes De Tijuana,Las Más Pedidas - Serie 35,https://music.youtube.com/watch?v=iBszecKNxak
Hacemos Bonita Pareja,Los Tucanes De Tijuana,Las Más Pedidas - Serie 35,https://music.youtube.com/watch?v=fQ5-ZCn3QCA
Suena la Banda,Los Tucanes De Tijuana,Las Más Pedidas - Serie 35,https://music.youtube.com/watch?v=mUOlTowv6_U
Es Verdad,Los Tucanes De Tijuana,Las Más Pedidas - Serie 35,https://music.youtube.com/watch?v=yMSH0C_o5Bo
La Chica Sexy,Los Tucanes De Tijuana,Las Más Pedidas - Serie 35,https://music.youtube.com/watch?v=uWY9YAKNdtg
6 Pies Boca Abajo,Los Tucanes De Tijuana,Las Más Pedidas - Serie 35,https://music.youtube.com/watch?v=UZC_8qPs1sw
Secuestro de Amor,Los Tucanes De Tijuana,Las Más Pedidas - Serie 35,https://music.youtube.com/watch?v=wG1Yzt6_Jq8
Jugo a la Vida,Los Tucanes De Tijuana,Las Más Pedidas - Serie 35,https://music.youtube.com/watch?v=zmZs-uytms0
Déjate Querer,Los Tucanes De Tijuana,Las Más Pedidas - Serie 35,https://music.youtube.com/watch?v=1kJy9mvJxvQ
Mundo de Amor,Los Tucanes De Tijuana,Las Más Pedidas - Serie 35,https://music.youtube.com/watch?v=rm9mmLyD0Cw
Tus Verdades,Los Tucanes De Tijuana,Las Más Pedidas - Serie 35,https://music.youtube.com/watch?v=41Dpqslk8nA
Sin Ti Soy un Loco,Los Tucanes De Tijuana,Las Más Pedidas - Serie 35,https://music.youtube.com/watch?v=gRCz3UIpNf8
Mi Ex,Los Tucanes De Tijuana,Las Más Pedidas - Serie 35,https://music.youtube.com/watch?v=90RuxF3ABKc
A Mover el Bote,Los Tucanes De Tijuana,Las Más Pedidas - Serie 35,https://music.youtube.com/watch?v=FoSSbE6mfJY
El Virus del Amor,Los Tucanes De Tijuana,Las Más Pedidas - Serie 35,https://music.youtube.com/watch?v=r25f-GoSKAE
Prueba Superada,Los Tucanes De Tijuana,Las Más Pedidas - Serie 35,https://music.youtube.com/watch?v=AzSySopDNwo
Luna Llena,Los Tucanes De Tijuana,Las Más Pedidas - Serie 35,https://music.youtube.com/watch?v=CFnVYYfxFCM
El Guano,Los Tucanes De Tijuana,"Retro-Corridos, Vol. 2",https://music.youtube.com/watch?v=smk6_wuIOCk
La Buena Vida,Los Tucanes De Tijuana,"Retro-Corridos, Vol. 2",https://music.youtube.com/watch?v=LKXdg4epH9c
Cuando Le Batallaba,Los Tucanes De Tijuana,"Retro-Corridos, Vol. 2",https://music.youtube.com/watch?v=489eaJykMhM
Se Equivoco El Pistolero,Los Tucanes De Tijuana,"Retro-Corridos, Vol. 2",https://music.youtube.com/watch?v=FR4tk_r-RFM
Ranchero y Medio,Los Tucanes De Tijuana,"Retro-Corridos, Vol. 2",https://music.youtube.com/watch?v=evKhoNbD_6o
El Pellizcon,Los Tucanes De Tijuana,"Retro-Corridos, Vol. 2",https://music.youtube.com/watch?v=zdFlFVogxFw
Comandante R1,Los Tucanes De Tijuana,"Retro-Corridos, Vol. 2",https://music.youtube.com/watch?v=_yLIeIF5L10
El Agricultor,Los Tucanes De Tijuana,"Retro-Corridos, Vol. 2",https://music.youtube.com/watch?v=hailZ9DBxXw
La Ley de Murphy (Música Original de la serie Señora Acero 5),Los Tucanes De Tijuana,"Retro-Corridos, Vol. 2",https://music.youtube.com/watch?v=X67BqlmVIDg
El Mayor,Los Tucanes De Tijuana,"Retro-Corridos, Vol. 2",https://music.youtube.com/watch?v=EAfCkyAXhec
La Profecía,Los Tucanes De Tijuana,"Retro-Corridos, Vol. 2",https://music.youtube.com/watch?v=WMyxaJCmZR0
Socias de la Mafia,Los Tucanes De Tijuana,"Retro-Corridos, Vol. 2",https://music.youtube.com/watch?v=DQtJVquuMMw
La Tartamuda,Los Tucanes De Tijuana,"Retro-Corridos, Vol. 2",https://music.youtube.com/watch?v=g9WgdUuLYDE
Lista Negra,Los Tucanes De Tijuana,"Retro-Corridos, Vol. 2",https://music.youtube.com/watch?v=mbB3ysr22v0
Quisimos Calar la Tierra,Los Tucanes De Tijuana,"Retro-Corridos, Vol. 2",https://music.youtube.com/watch?v=RZY17dZmNMI
El Empresario,Los Tucanes De Tijuana,"Retro-Corridos, Vol. 2",https://music.youtube.com/watch?v=wfsT7g5VNNo
El Cachorro,Los Tucanes De Tijuana,"Retro-Corridos, Vol. 2",https://music.youtube.com/watch?v=lNAvvIyJ3U0
El Agricultor,"Los Tucanes De Tijuana, Tapy Quintero","Retro-Corridos, Vol. 2",https://music.youtube.com/watch?v=hailZ9DBxXw
La Tartamuda,Los Tucanes De Tijuana,Corridos Bravíos - Serie 35,https://music.youtube.com/watch?v=g9WgdUuLYDE
Pellizcando El Animal,Los Tucanes De Tijuana,Corridos Bravíos - Serie 35,https://music.youtube.com/watch?v=U6vEDxiKX9Y
Desatando El Morral,Los Tucanes De Tijuana,Corridos Bravíos - Serie 35,https://music.youtube.com/watch?v=ydjjlSZ3Ru8
No Sólo De Traficante,Los Tucanes De Tijuana,Corridos Bravíos - Serie 35,https://music.youtube.com/watch?v=IKE3oznFcxM
Se Desgranó La Mazorca,Los Tucanes De Tijuana,Corridos Bravíos - Serie 35,https://music.youtube.com/watch?v=XC0bIBeNncU
El Heredero,Los Tucanes De Tijuana,Corridos Bravíos - Serie 35,https://music.youtube.com/watch?v=M7cySvGBCQc
El Perron,Los Tucanes De Tijuana,Corridos Bravíos - Serie 35,https://music.youtube.com/watch?v=2pCiGI76HT4
J.R.,Los Tucanes De Tijuana,Corridos Bravíos - Serie 35,https://music.youtube.com/watch?v=yLLZp-SJxvE
Zapatero A Tus Zapatos,Los Tucanes De Tijuana,Corridos Bravíos - Serie 35,https://music.youtube.com/watch?v=qMeSmGzr8R0
El Sinvergüenza,Los Tucanes De Tijuana,Corridos Bravíos - Serie 35,https://music.youtube.com/watch?v=ZhBZwLwP-Zk
El Viejon,Los Tucanes De Tijuana,Corridos Bravíos - Serie 35,https://music.youtube.com/watch?v=PmiliaRJEkE
Roberto Palazuelos,Los Tucanes De Tijuana,Corridos Bravíos - Serie 35,https://music.youtube.com/watch?v=0fOVYKeFitw
Intro: El Chemo López,Los Tucanes De Tijuana,Corridos Bravíos - Serie 35,https://music.youtube.com/watch?v=sNGdR8BhY_Q
El Chemo López,Los Tucanes De Tijuana,Corridos Bravíos - Serie 35,https://music.youtube.com/watch?v=5F6pPeYvPY8
El Diamante Negro,Los Tucanes De Tijuana,Corridos Bravíos - Serie 35,https://music.youtube.com/watch?v=JK_GddOQZFA
Intro: El Cris,Los Tucanes De Tijuana,Corridos Bravíos - Serie 35,https://music.youtube.com/watch?v=o8QNiOCHJlw
El Cris,Los Tucanes De Tijuana,Corridos Bravíos - Serie 35,https://music.youtube.com/watch?v=I7iIyodePMk
Amante De Lo Bueno,Los Tucanes De Tijuana,Corridos Bravíos - Serie 35,https://music.youtube.com/watch?v=ZAd3cXf_Ros
Propiedad Privada,Los Tucanes De Tijuana,Corridos Bravíos - Serie 35,https://music.youtube.com/watch?v=YM8NvraM7w8
Producto Garantizado,Los Tucanes De Tijuana,Corridos Bravíos - Serie 35,https://music.youtube.com/watch?v=2LlwDgs1LFM
El De La Bolsa Terciada,Los Tucanes De Tijuana,Corridos Bravíos - Serie 35,https://music.youtube.com/watch?v=QrudCUvn3EU
Masacre En Vallarta,Los Tucanes De Tijuana,Corridos Bravíos - Serie 35,https://music.youtube.com/watch?v=gMBOujP8w1k
El Balido De Mi Ganado,Los Tucanes De Tijuana,Corridos Bravíos - Serie 35,https://music.youtube.com/watch?v=HBa61JZzEUY
El Manny Flores,Los Tucanes De Tijuana,Corridos Bravíos - Serie 35,https://music.youtube.com/watch?v=4oZViYSb1Ys
El Tres Letras,Los Tucanes De Tijuana,Corridos Bravíos - Serie 35,https://music.youtube.com/watch?v=U-DzTZjVm_0
El Guicho,Los Tucanes De Tijuana,Corridos Bravíos - Serie 35,https://music.youtube.com/watch?v=KqClnYiA_Kw
El Puma,Los Tucanes De Tijuana,Corridos Bravíos - Serie 35,https://music.youtube.com/watch?v=RglrI3OOVdc
Intro: Julian Perez,Los Tucanes De Tijuana,Corridos Bravíos - Serie 35,https://music.youtube.com/watch?v=7_3py22xHew
"Julian Perez (Tema de la Pelicula ""Salvando al Soldado Perez"")",Los Tucanes De Tijuana,Corridos Bravíos - Serie 35,https://music.youtube.com/watch?v=ehhjEHIGp8Q
Gente Del Cartel,Los Tucanes De Tijuana,Corridos Bravíos - Serie 35,https://music.youtube.com/watch?v=BdFmaiVKkKk
El Bachoco,Los Tucanes De Tijuana,Corridos Bravíos - Serie 35,https://music.youtube.com/watch?v=H-UzFCfaxhM
El H2,Los Tucanes De Tijuana,Corridos Bravíos - Serie 35,https://music.youtube.com/watch?v=oJLAdlDZ2yA
Los Cara de Trapo,Los Tucanes De Tijuana,Corridos Bravíos - Serie 35,https://music.youtube.com/watch?v=cI3cmKvA3sw
Decisiones Al Azar,Los Tucanes De Tijuana,Corridos Bravíos - Serie 35,https://music.youtube.com/watch?v=PamXWWpzExI
La Cundina,Los Tucanes De Tijuana,Corridos Bravíos - Serie 35,https://music.youtube.com/watch?v=tVv8x7UOjRg
La Clika de Tijuana,Los Tucanes De Tijuana,Corridos Bravíos - Serie 35,https://music.youtube.com/watch?v=F3Ixr5Z_6_E
El Primito,Los Tucanes De Tijuana,Corridos Bravíos - Serie 35,https://music.youtube.com/watch?v=bq0EfYoM8H8
La Boda Prometida,Los Tucanes De Tijuana,Corridos Bravíos - Serie 35,https://music.youtube.com/watch?v=YzB9L8S6U1o
El Mayor,Los Tucanes De Tijuana,Corridos Rudos: Serie 35,https://music.youtube.com/watch?v=EAfCkyAXhec
Clave Nueva,Los Tucanes De Tijuana,Corridos Rudos: Serie 35,https://music.youtube.com/watch?v=_0s15EKWiMA
El Chapo Guzman,Los Tucanes De Tijuana,Corridos Rudos: Serie 35,https://music.youtube.com/watch?v=Zz_zlC87cn4
El Guero Palma,Los Tucanes De Tijuana,Corridos Rudos: Serie 35,https://music.youtube.com/watch?v=Y0MeC4aFhis
La Banda De La Suburban,Los Tucanes De Tijuana,Corridos Rudos: Serie 35,https://music.youtube.com/watch?v=x4RxDct6ObU
El Ojo De Agua,Los Tucanes De Tijuana,Corridos Rudos: Serie 35,https://music.youtube.com/watch?v=7NIAJJQtYq4
Operación Pesada,Los Tucanes De Tijuana,Corridos Rudos: Serie 35,https://music.youtube.com/watch?v=CVtGOAODMzY
La Pelo De Angel,Los Tucanes De Tijuana,Corridos Rudos: Serie 35,https://music.youtube.com/watch?v=5yq_mo-ik7Q
El Catador,Los Tucanes De Tijuana,Corridos Rudos: Serie 35,https://music.youtube.com/watch?v=pM8UAIDumLM
El Guacho,Los Tucanes De Tijuana,Corridos Rudos: Serie 35,https://music.youtube.com/watch?v=YQoSXu9hICc
El Cruzador,Los Tucanes De Tijuana,Corridos Rudos: Serie 35,https://music.youtube.com/watch?v=NDGzG5T90kE
Chapita De Michoacan,Los Tucanes De Tijuana,Corridos Rudos: Serie 35,https://music.youtube.com/watch?v=JIRr42DJcP8
Gente De Alto Poder,Los Tucanes De Tijuana,Corridos Rudos: Serie 35,https://music.youtube.com/watch?v=YvElIPri6tQ
Albino Quintero,Los Tucanes De Tijuana,Corridos Rudos: Serie 35,https://music.youtube.com/watch?v=15fGLrSAx50
El Milagro,Los Tucanes De Tijuana,Corridos Rudos: Serie 35,https://music.youtube.com/watch?v=a5EbajeIJbQ
Mi Tiendita,Los Tucanes De Tijuana,Corridos Rudos: Serie 35,https://music.youtube.com/watch?v=502yZNz_Q-g
Chuy Espinoza (El Michoacano),Los Tucanes De Tijuana,Corridos Rudos: Serie 35,https://music.youtube.com/watch?v=lmWVmaCVYhw
Mas Vale Cholo,Los Tucanes De Tijuana,Corridos Rudos: Serie 35,https://music.youtube.com/watch?v=lE_0zg_2GDM
El 42,Los Tucanes De Tijuana,Corridos Rudos: Serie 35,https://music.youtube.com/watch?v=QOpNRSFhwBc
El Sierra,Los Tucanes De Tijuana,Corridos Rudos: Serie 35,https://music.youtube.com/watch?v=cVSgGFxTR0s
El Benefactor De Colima (El Cochiloco),Los Tucanes De Tijuana,Corridos Rudos: Serie 35,https://music.youtube.com/watch?v=apoZ2gyQgas
El Jabalí,Los Tucanes De Tijuana,Corridos Rudos: Serie 35,https://music.youtube.com/watch?v=pcYwWNLoiOg
Gerardo El Poderoso,Los Tucanes De Tijuana,Corridos Rudos: Serie 35,https://music.youtube.com/watch?v=FX7dkh2d-LE
La Familia Michoacana,Los Tucanes De Tijuana,Corridos Rudos: Serie 35,https://music.youtube.com/watch?v=1hDWSY6ze1A
El Muletas,Los Tucanes De Tijuana,Corridos Rudos: Serie 35,https://music.youtube.com/watch?v=vUAi0zPHMSY
El Polimenso,Los Tucanes De Tijuana,Corridos Rudos: Serie 35,https://music.youtube.com/watch?v=YZ2Yl4KjMEg
Gonzalo Inzunza,Los Tucanes De Tijuana,Corridos Rudos: Serie 35,https://music.youtube.com/watch?v=o_CPhYzmMo4
Barbarino,Los Tucanes De Tijuana,Corridos Rudos: Serie 35,https://music.youtube.com/watch?v=UxKZJzybKTw
Comandante Metro 3,Los Tucanes De Tijuana,Corridos Rudos: Serie 35,https://music.youtube.com/watch?v=Nlv7ih4TnOU
El Chavo,Los Tucanes De Tijuana,Corridos Rudos: Serie 35,https://music.youtube.com/watch?v=J_nXwfnjdAM
Pinta De Magnate,Los Tucanes De Tijuana,Corridos Rudos: Serie 35,https://music.youtube.com/watch?v=_IBCZuE266I
Clave Z40,Los Tucanes De Tijuana,Corridos Rudos: Serie 35,https://music.youtube.com/watch?v=TEga-NanuD8
La Captura III (Intro),Los Tucanes De Tijuana,Corridos Rudos: Serie 35,https://music.youtube.com/watch?v=z8oMya8nhEk
La Captura III,Los Tucanes De Tijuana,Corridos Rudos: Serie 35,https://music.youtube.com/watch?v=uX6oyBnSW1I
El Nacional,Los Tucanes De Tijuana,Corridos Rudos: Serie 35,https://music.youtube.com/watch?v=7vi3SaMN5nk
El Peligroso (Intro),Los Tucanes De Tijuana,Corridos Rudos: Serie 35,https://music.youtube.com/watch?v=cmMWJsvdm-0
El Peligroso,Los Tucanes De Tijuana,Corridos Rudos: Serie 35,https://music.youtube.com/watch?v=29Ujzz8QAcY
La Profecia,Los Tucanes De Tijuana,Corridos Felones: Serie 35,https://music.youtube.com/watch?v=WMyxaJCmZR0
La Pista Secreta,Los Tucanes De Tijuana,Corridos Felones: Serie 35,https://music.youtube.com/watch?v=VGGNY32CQ8A
El Doctor Del Pueblo,Los Tucanes De Tijuana,Corridos Felones: Serie 35,https://music.youtube.com/watch?v=VoT9QrJHgS0
El Puño De Polvo,Los Tucanes De Tijuana,Corridos Felones: Serie 35,https://music.youtube.com/watch?v=jbEmPPjeTyI
El Cartel De A Kilo,Los Tucanes De Tijuana,Corridos Felones: Serie 35,https://music.youtube.com/watch?v=q48UjNbxgUI
El Postre,Los Tucanes De Tijuana,Corridos Felones: Serie 35,https://music.youtube.com/watch?v=gIycowdvCp8
Los Juniors,Los Tucanes De Tijuana,Corridos Felones: Serie 35,https://music.youtube.com/watch?v=KcnS7TfmbwM
Gripa Colombiana,Los Tucanes De Tijuana,Corridos Felones: Serie 35,https://music.youtube.com/watch?v=uw0TBEpSUsM
El Gran Jefe (El Mayel),Los Tucanes De Tijuana,Corridos Felones: Serie 35,https://music.youtube.com/watch?v=3HodL0EL4Ko
Ramon Arellano,Los Tucanes De Tijuana,Corridos Felones: Serie 35,https://music.youtube.com/watch?v=eB1UYsDPwPU
Imperio,Los Tucanes De Tijuana,Corridos Felones: Serie 35,https://music.youtube.com/watch?v=M8oo1rAu6HM
El Regreso Del Chapo,Los Tucanes De Tijuana,Corridos Felones: Serie 35,https://music.youtube.com/watch?v=rfHwhW6dIPQ
Los Poderosos,Los Tucanes De Tijuana,Corridos Felones: Serie 35,https://music.youtube.com/watch?v=kqrkm03eY1A
La Troca,Los Tucanes De Tijuana,Corridos Felones: Serie 35,https://music.youtube.com/watch?v=CVE-xIAO7E4
El Metro,Los Tucanes De Tijuana,Corridos Felones: Serie 35,https://music.youtube.com/watch?v=uHLCUSsrakk
El Comando Negro,Los Tucanes De Tijuana,Corridos Felones: Serie 35,https://music.youtube.com/watch?v=naiebBs_nXI
El Rayito,Los Tucanes De Tijuana,Corridos Felones: Serie 35,https://music.youtube.com/watch?v=jPKx3C_A-uQ
El Paisano,Los Tucanes De Tijuana,Corridos Felones: Serie 35,https://music.youtube.com/watch?v=OcpJfi1RWrQ
El Yanky,Los Tucanes De Tijuana,Corridos Felones: Serie 35,https://music.youtube.com/watch?v=Qtae_tgRHEc
EL Cuate,Los Tucanes De Tijuana,Corridos Felones: Serie 35,https://music.youtube.com/watch?v=zM39V8pDRYM
Soy De Durango,Los Tucanes De Tijuana,Corridos Felones: Serie 35,https://music.youtube.com/watch?v=SEPn7kZQBEE
EL Tesoro,Los Tucanes De Tijuana,Corridos Felones: Serie 35,https://music.youtube.com/watch?v=1ct7y7Lmke8
Tolin Infante,Los Tucanes De Tijuana,Corridos Felones: Serie 35,https://music.youtube.com/watch?v=t2fMoBtGffc
La Perra,Los Tucanes De Tijuana,Corridos Felones: Serie 35,https://music.youtube.com/watch?v=Ve29tmWVCs8
Vicente Zambada,Los Tucanes De Tijuana,Corridos Felones: Serie 35,https://music.youtube.com/watch?v=44hymucPG1U
El Karis,Los Tucanes De Tijuana,Corridos Felones: Serie 35,https://music.youtube.com/watch?v=YFI5fiEgNaI
El Mas Bravo De Los Bravos,Los Tucanes De Tijuana,Corridos Felones: Serie 35,https://music.youtube.com/watch?v=uAcvUx_yWbY
El Chiricuas,Los Tucanes De Tijuana,Corridos Felones: Serie 35,https://music.youtube.com/watch?v=da_Gn7WqPnM
Panchito El F1 (Intro),Los Tucanes De Tijuana,Corridos Felones: Serie 35,https://music.youtube.com/watch?v=vXmHfEqV-Ao
Panchito El F1,Los Tucanes De Tijuana,Corridos Felones: Serie 35,https://music.youtube.com/watch?v=6awUJ4E4abc
El Mecha Corta,Los Tucanes De Tijuana,Corridos Felones: Serie 35,https://music.youtube.com/watch?v=KLMfCnVZAuw
Los Implacables,Los Tucanes De Tijuana,Corridos Felones: Serie 35,https://music.youtube.com/watch?v=XIBQhm6Hz5g
La Señora De Acero,Los Tucanes De Tijuana,Corridos Felones: Serie 35,https://music.youtube.com/watch?v=i6Mjwq3njmM
Comandante En Jefe,Los Tucanes De Tijuana,Corridos Felones: Serie 35,https://music.youtube.com/watch?v=H_KkqX480P0
El Chapo Isidro,Los Tucanes De Tijuana,Corridos Felones: Serie 35,https://music.youtube.com/watch?v=xPTjXAb9MjU
El Teco Lindoro,Los Tucanes De Tijuana,Corridos Felones: Serie 35,https://music.youtube.com/watch?v=5fniQTzN1dM
Comandante En Jefe,Los Tucanes De Tijuana,"Corridos Time – Season Three ""Comandante En Jefe""",https://music.youtube.com/watch?v=H_KkqX480P0
Vascogil Durango,Los Tucanes De Tijuana,"Corridos Time – Season Three ""Comandante En Jefe""",https://music.youtube.com/watch?v=r9Gw_dsmaz4
La Captura III (Intro),Los Tucanes De Tijuana,"Corridos Time – Season Three ""Comandante En Jefe""",https://music.youtube.com/watch?v=YF7nJf6YEe8
La Captura III,Los Tucanes De Tijuana,"Corridos Time – Season Three ""Comandante En Jefe""",https://music.youtube.com/watch?v=uX6oyBnSW1I
El Nacional,Los Tucanes De Tijuana,"Corridos Time – Season Three ""Comandante En Jefe""",https://music.youtube.com/watch?v=7vi3SaMN5nk
El Guerito Meza,Los Tucanes De Tijuana,"Corridos Time – Season Three ""Comandante En Jefe""",https://music.youtube.com/watch?v=dAiT4KnWdqA
El Reynosense,Los Tucanes De Tijuana,"Corridos Time – Season Three ""Comandante En Jefe""",https://music.youtube.com/watch?v=Z213KR04wiE
Arturo Amezcua,Los Tucanes De Tijuana,"Corridos Time – Season Three ""Comandante En Jefe""",https://music.youtube.com/watch?v=4eftkIpHzCI
El Peligroso (Intro),Los Tucanes De Tijuana,"Corridos Time – Season Three ""Comandante En Jefe""",https://music.youtube.com/watch?v=viuYPU23RRk
El Peligroso,Los Tucanes De Tijuana,"Corridos Time – Season Three ""Comandante En Jefe""",https://music.youtube.com/watch?v=29Ujzz8QAcY
La Clika De Tijuana,Los Tucanes De Tijuana,"Corridos Time – Season Three ""Comandante En Jefe""",https://music.youtube.com/watch?v=F3Ixr5Z_6_E
La Boda Prometida,Los Tucanes De Tijuana,"Corridos Time – Season Three ""Comandante En Jefe""",https://music.youtube.com/watch?v=YzB9L8S6U1o
El Chapo Isidro,Los Tucanes De Tijuana,"Corridos Time – Season Three ""Comandante En Jefe""",https://music.youtube.com/watch?v=xPTjXAb9MjU
Los Chapines,Los Tucanes De Tijuana,"Corridos Time – Season Three ""Comandante En Jefe""",https://music.youtube.com/watch?v=7SUcCEoUW0M
El Teco Lindoro,Los Tucanes De Tijuana,"Corridos Time – Season Three ""Comandante En Jefe""",https://music.youtube.com/watch?v=5fniQTzN1dM
Creyente De Malverde,Los Tucanes De Tijuana,"Corridos Time – Season Three ""Comandante En Jefe""",https://music.youtube.com/watch?v=5RMh9X8NIpM
El Primito,Los Tucanes De Tijuana,"Corridos Time – Season Three ""Comandante En Jefe""",https://music.youtube.com/watch?v=bq0EfYoM8H8
Soy Poblano,Los Tucanes De Tijuana,"Corridos Time – Season Three ""Comandante En Jefe""",https://music.youtube.com/watch?v=LGZ4X7vkMt8
Parrandeando,Los Tucanes De Tijuana,Prueba Superada,https://music.youtube.com/watch?v=5ezSr9M1Abg
Dichoso,Los Tucanes De Tijuana,Prueba Superada,https://music.youtube.com/watch?v=5s7RrXkIch0
Prueba Superada,Los Tucanes De Tijuana,Prueba Superada,https://music.youtube.com/watch?v=AzSySopDNwo
Rienda Suelta,Los Tucanes De Tijuana,Prueba Superada,https://music.youtube.com/watch?v=5F2WqtiNZJc
Cuando Te Bese,Los Tucanes De Tijuana,Prueba Superada,https://music.youtube.com/watch?v=L7jd3dVTRk0
Buscando Consuelo,Los Tucanes De Tijuana,Prueba Superada,https://music.youtube.com/watch?v=9OOtivYkJkk
Cada Vez Que Te Miro,Los Tucanes De Tijuana,Prueba Superada,https://music.youtube.com/watch?v=zQ88_ERR8Qo
Nutella,Los Tucanes De Tijuana,Prueba Superada,https://music.youtube.com/watch?v=0zJgKlHkmT8
A Mover El Bote,Los Tucanes De Tijuana,Prueba Superada,https://music.youtube.com/watch?v=FoSSbE6mfJY
Lloro Por Amor,Los Tucanes De Tijuana,Prueba Superada,https://music.youtube.com/watch?v=wJtiz6_1ivY
Los Xolos,Los Tucanes De Tijuana,Prueba Superada,https://music.youtube.com/watch?v=rF0sXqxUY9g
"Desayuno, Como y Ceno",Los Tucanes De Tijuana,Prueba Superada,https://music.youtube.com/watch?v=zSKyHsWjkFk
El Peter,Los Tucanes De Tijuana,Prueba Superada,https://music.youtube.com/watch?v=7pUWZXaaQRY
La Coyote (Tema de La Seríe de TV Seńora Acero 3),Los Tucanes De Tijuana,Prueba Superada,https://music.youtube.com/watch?v=n6PDi4SUHQc
Clave Privada,Los Tucanes De Tijuana,Jalando La Banda,https://music.youtube.com/watch?v=PubLMDmVI7g
El Jabali,Los Tucanes De Tijuana,Jalando La Banda,https://music.youtube.com/watch?v=6LbEDg3HbrM
El Centenario,Los Tucanes De Tijuana,Jalando La Banda,https://music.youtube.com/watch?v=iJKvD9WxKFY
El Cachorro,Los Tucanes De Tijuana,Jalando La Banda,https://music.youtube.com/watch?v=vGwf-vBvVyo
El Agricultor,Los Tucanes De Tijuana,Jalando La Banda,https://music.youtube.com/watch?v=T-bmsKPhjB8
La Tartamuda,Los Tucanes De Tijuana,Jalando La Banda,https://music.youtube.com/watch?v=gONofH3T5NA
El Balido de Mi Ganado,Los Tucanes De Tijuana,Jalando La Banda,https://music.youtube.com/watch?v=9hgI_vpgLMg
Suena La Banda,Los Tucanes De Tijuana,Jalando La Banda,https://music.youtube.com/watch?v=PC4V-7aVgHI
Se Equivoco El Pistolero,Los Tucanes De Tijuana,Jalando La Banda,https://music.youtube.com/watch?v=zrVXXOwCEbE
Quisimos Calar La Tierra,Los Tucanes De Tijuana,Jalando La Banda,https://music.youtube.com/watch?v=QwQVFWoUJCg
El Gallo,Los Tucanes De Tijuana,Jalando La Banda,https://music.youtube.com/watch?v=GpiGeYiidDs
Lista Negra,Los Tucanes De Tijuana,Jalando La Banda,https://music.youtube.com/watch?v=Un1rQlxkcXg
El Mayor,Los Tucanes De Tijuana,Jalando La Banda,https://music.youtube.com/watch?v=SXlHeHThgNU
Masacre En Vallarta,Los Tucanes De Tijuana,Jalando La Banda,https://music.youtube.com/watch?v=ERhYupm-rTs
La Profecia,Los Tucanes De Tijuana,Jalando La Banda,https://music.youtube.com/watch?v=LKdWVgAMOZM
De Mexico Soy,Los Tucanes De Tijuana,Jalando La Banda,https://music.youtube.com/watch?v=RnSSsRhteek
Soy Parrandero,Los Tucanes De Tijuana,Jalando La Banda,https://music.youtube.com/watch?v=stEZMK06MfQ
Mi Venganza,Los Tucanes De Tijuana,Jalando La Banda,https://music.youtube.com/watch?v=fe9TZIYpKdQ
El Pellizcon,Los Tucanes De Tijuana,Jalando La Banda,https://music.youtube.com/watch?v=mDQ9EPZO5rU
El Empresario,Los Tucanes De Tijuana,Jalando La Banda,https://music.youtube.com/watch?v=l9iMh8YIxPY
Gente Del Cartel,Los Tucanes De Tijuana,Corridos Time Season One - Soy Parrandero,https://music.youtube.com/watch?v=KnnLXcfmb8Y
Barbarino,Los Tucanes De Tijuana,Corridos Time Season One - Soy Parrandero,https://music.youtube.com/watch?v=WQA4gkaivug
El Karis,Los Tucanes De Tijuana,Corridos Time Season One - Soy Parrandero,https://music.youtube.com/watch?v=hnnGUR8QBXU
El Bachoco,Los Tucanes De Tijuana,Corridos Time Season One - Soy Parrandero,https://music.youtube.com/watch?v=LyhYQBaUACA
Agente Del Gobierno,Los Tucanes De Tijuana,Corridos Time Season One - Soy Parrandero,https://music.youtube.com/watch?v=kSAvj_wcWw8
Comandante Metro 3,Los Tucanes De Tijuana,Corridos Time Season One - Soy Parrandero,https://music.youtube.com/watch?v=Xk7ncknNzEA
Soy Parrandero,Los Tucanes De Tijuana,Corridos Time Season One - Soy Parrandero,https://music.youtube.com/watch?v=3O9sJetEWPs
El Chiricuas,Los Tucanes De Tijuana,Corridos Time Season One - Soy Parrandero,https://music.youtube.com/watch?v=7ceZE0WHpnk
Gonzalo Inzunza,Los Tucanes De Tijuana,Corridos Time Season One - Soy Parrandero,https://music.youtube.com/watch?v=lDSoOBES5Nk
Intro: Julian Perez,Los Tucanes De Tijuana,Corridos Time Season One - Soy Parrandero,https://music.youtube.com/watch?v=GZpUKJKmBz0
"Julian Perez (Tema de la Pelicula ""Salvando al Soldado Perez"")",Los Tucanes De Tijuana,Corridos Time Season One - Soy Parrandero,https://music.youtube.com/watch?v=ehhjEHIGp8Q
El H2,Los Tucanes De Tijuana,Corridos Time Season One - Soy Parrandero,https://music.youtube.com/watch?v=dkTJN5ZEk3A
"El Shaka (Tema De La Serie de TV ""El Shaka"")",Los Tucanes De Tijuana,Corridos Time Season One - Soy Parrandero,https://music.youtube.com/watch?v=poB6Au3BX6E
El Mas Bravo De Los Bravos,Los Tucanes De Tijuana,Corridos Time Season One - Soy Parrandero,https://music.youtube.com/watch?v=irIFYF04FNs
Propiedad Privada,Los Tucanes De Tijuana,Propiedad Privada,https://music.youtube.com/watch?v=0QbESbGPbjI
Producto Garantizado,Los Tucanes De Tijuana,Propiedad Privada,https://music.youtube.com/watch?v=3WXan9F2X2Y
Senor De La O,Los Tucanes De Tijuana,Propiedad Privada,https://music.youtube.com/watch?v=39zsxGFxvdk
El Paisano,Los Tucanes De Tijuana,Propiedad Privada,https://music.youtube.com/watch?v=rh6grvxRTPE
El De La Bolsa Terciada,Los Tucanes De Tijuana,Propiedad Privada,https://music.youtube.com/watch?v=W6SdzWZhhBw
El 42,Los Tucanes De Tijuana,Propiedad Privada,https://music.youtube.com/watch?v=taZN_PViDSY
La Camiseta,Los Tucanes De Tijuana,Propiedad Privada,https://music.youtube.com/watch?v=tuKzUO9jLS0
El Cuate,Los Tucanes De Tijuana,Propiedad Privada,https://music.youtube.com/watch?v=iGM4EWqlUl4
El Sierra,Los Tucanes De Tijuana,Propiedad Privada,https://music.youtube.com/watch?v=PD8RUsiIXYo
Rafa Peña,Los Tucanes De Tijuana,Propiedad Privada,https://music.youtube.com/watch?v=KFbhqwqKYE4
Intro: Alejandro Gamiño,Los Tucanes De Tijuana,Propiedad Privada,https://music.youtube.com/watch?v=G3ccKM_pICg
Alejandro Gamiño,Los Tucanes De Tijuana,Propiedad Privada,https://music.youtube.com/watch?v=Bw5VsfcLLXM
El Yanky,Los Tucanes De Tijuana,Propiedad Privada,https://music.youtube.com/watch?v=j5Y9dYpyzgI
Alegre Y Mujeriego,Los Tucanes De Tijuana,Propiedad Privada,https://music.youtube.com/watch?v=aWEYZtJ4zaQ
Propiedad Privada (Versión Banda Sinaloense),Los Tucanes De Tijuana,Propiedad Privada,https://music.youtube.com/watch?v=u3vjhfToT8k
Producto Garantizado (Versión Banda Sinaloense,Los Tucanes De Tijuana,Propiedad Privada,https://music.youtube.com/watch?v=3ln0NJJtsYg
Alegre Y Mujeriego (Versión Banda Sinaloense),Los Tucanes De Tijuana,Propiedad Privada,https://music.youtube.com/watch?v=WviZibsKeqc
Rigo Campos,Los Tucanes De Tijuana,Rigo Campos,https://music.youtube.com/watch?v=fal-HNNhc2M
Le Apodan El Fresa,Los Tucanes De Tijuana,Le Apodan El Fresa,https://music.youtube.com/watch?v=5qvbMJ-HUuo
Sangre Potosina,Los Tucanes De Tijuana,Corridos Del Norte,https://music.youtube.com/watch?v=aWrmsLHqmDQ
El 3 De Durango,Los Tucanes De Tijuana,Corridos Del Norte,https://music.youtube.com/watch?v=Fh95_CT2klg
La Firma Del Flaquito,Los Tucanes De Tijuana,Corridos Del Norte,https://music.youtube.com/watch?v=BKeg9PXcEyg
El LP,Los Tucanes De Tijuana,Corridos Del Norte,https://music.youtube.com/watch?v=2U7i-wrnE0E
Comandante 09,Los Tucanes De Tijuana,Corridos Del Norte,https://music.youtube.com/watch?v=RI2z3KFa33k
El Águila Blanca,Banda MS de Sergio Lizárraga,El Águila Blanca,https://music.youtube.com/watch?v=58pOEdCIfow
El LP,Los Tucanes De Tijuana,El LP,https://music.youtube.com/watch?v=2U7i-wrnE0E
No Me Quejo Ni Me Rajo,Los Tucanes De Tijuana,No Me Quejo Ni Me Rajo,https://music.youtube.com/watch?v=09-kxOWivoA
El Primo De La Costa,Los Tucanes De Tijuana,El Primo De La Costa,https://music.youtube.com/watch?v=tCzU46m0fGg
El 3 De Durango,Los Tucanes De Tijuana,El 3 De Durango,https://music.youtube.com/watch?v=Fh95_CT2klg
Comandante 09,Los Tucanes De Tijuana,Comandante 09,https://music.youtube.com/watch?v=RI2z3KFa33k
La Firma del Flaquito,Los Tucanes De Tijuana,La Firma del Flaquito,https://music.youtube.com/watch?v=BKeg9PXcEyg
titulo,artistas,album,url
Lo Dijo el Cura (feat. Mariachi Juchipila),Los Humildes,Con Mariachi (feat. Mariachi Juchipila),https://music.youtube.com/watch?v=CKmKLXa01sg
Son Tus Ojitos (feat. Mariachi Juchipila),Los Humildes,Con Mariachi (feat. Mariachi Juchipila),https://music.youtube.com/watch?v=rHKNtKHfpQs
Un Canto a Michoacán (feat. Mariachi Juchipila),Los Humildes,Con Mariachi (feat. Mariachi Juchipila),https://music.youtube.com/watch?v=tCKq7T6YaZY
El Escapulario (feat. Mariachi Juchipila),Los Humildes,Con Mariachi (feat. Mariachi Juchipila),https://music.youtube.com/watch?v=_cPrv1aiNB0
No le Vayas a Decir (feat. Mariachi Juchipila),Los Humildes,Con Mariachi (feat. Mariachi Juchipila),https://music.youtube.com/watch?v=ZWbLuxulxjc
Mi Pueblo (feat. Mariachi Juchipila),Los Humildes,Con Mariachi (feat. Mariachi Juchipila),https://music.youtube.com/watch?v=c3EqGGMJFPs
Quiéreme Mujer (feat. Mariachi Juchipila),Los Humildes,Con Mariachi (feat. Mariachi Juchipila),https://music.youtube.com/watch?v=-j45EVRq7dM
Margarito Jacques (feat. Mariachi Juchipila),Los Humildes,Con Mariachi (feat. Mariachi Juchipila),https://music.youtube.com/watch?v=iKa6s2PHv1c
Una Plegaria a Mi Madre (feat. Mariachi Juchipila),Los Humildes,Con Mariachi (feat. Mariachi Juchipila),https://music.youtube.com/watch?v=ikHlgeBRP34
Adios Madre Querida (feat. Mariachi Juchipila),Los Humildes,Con Mariachi (feat. Mariachi Juchipila),https://music.youtube.com/watch?v=WNKodMogRqQ
Alfonso Romero (feat. Mariachi Juchipila),Los Humildes,Con Mariachi (feat. Mariachi Juchipila),https://music.youtube.com/watch?v=GPxAvXnUuCY
Humildes Mañanitas (feat. Mariachi Juchipila),Los Humildes,Con Mariachi (feat. Mariachi Juchipila),https://music.youtube.com/watch?v=eVF9ikZ84WQ
Besos y Copas,Los Humildes,Por Dentro y por Fuera,https://music.youtube.com/watch?v=LLu0qefzJkU
Para No Pensar en Ti,Los Humildes,Por Dentro y por Fuera,https://music.youtube.com/watch?v=8DgzyxXeR1s
Ojos de Yerbabuena,Los Humildes,Por Dentro y por Fuera,https://music.youtube.com/watch?v=x6v4ZEgCtYA
Pidiendo Paso,Los Humildes,Por Dentro y por Fuera,https://music.youtube.com/watch?v=CIORT8pGADM
Vestida de Novia,Los Humildes,Por Dentro y por Fuera,https://music.youtube.com/watch?v=Fq9a1GMR7Yo
Te Quiero y Te Odio,Los Humildes,Por Dentro y por Fuera,https://music.youtube.com/watch?v=YiVHIu-rXjA
Rincón Bohemio: Yo y Tú Recuerdo / Ella / Cuando Lloran los Hombres / Tú y la Mentira (Popurri),Los Humildes,Por Dentro y por Fuera,https://music.youtube.com/watch?v=sc_PrlPsoLY
Busco a esa Mujer,Los Humildes,Por Dentro y por Fuera,https://music.youtube.com/watch?v=I3eLQN4AnEk
Por Dentro y por Fuera,Los Humildes,Por Dentro y por Fuera,https://music.youtube.com/watch?v=9yBiEpGx_G4
Por Dios Que Te Mato,Los Humildes,Por Dentro y por Fuera,https://music.youtube.com/watch?v=_HjVNx4eP04
Con Hilo Azul,Los Humildes,Por Dentro y por Fuera,https://music.youtube.com/watch?v=pSIETcxO4Ls
Besos y Copas,Los Humildes,Noche Bohemia,https://music.youtube.com/watch?v=kv-MTVBNzyA
Ella,Los Humildes,Noche Bohemia,https://music.youtube.com/watch?v=xF50QrEaRBg
Mas de Lo Que Merecias,Los Humildes,Noche Bohemia,https://music.youtube.com/watch?v=fz5j-nWqBFI
Pa La Raza del Barrio,Los Humildes,Noche Bohemia,https://music.youtube.com/watch?v=A95Raj7aAIo
Horas Amargas,Los Humildes,Noche Bohemia,https://music.youtube.com/watch?v=ikySuOImdNc
Rosita de Olivo,Los Humildes,Noche Bohemia,https://music.youtube.com/watch?v=v7I_c2x21NE
"Popurri Bohemio : Tu Recuerdo y Yo , Las Pasiones, Chulita",Los Humildes,Noche Bohemia,https://music.youtube.com/watch?v=ZWp12LE3lKQ
Al Ver Que Te Vas,Los Humildes,Noche Bohemia,https://music.youtube.com/watch?v=k465GE_BvK0
Amor Limosnero,Los Humildes,Noche Bohemia,https://music.youtube.com/watch?v=H7XpZuWnCmM
Morena La Causa Fuiste,Los Humildes,Noche Bohemia,https://music.youtube.com/watch?v=ld1r7e7iH68
Disculpe Usted,Los Humildes,Noche Bohemia,https://music.youtube.com/watch?v=PbQXOhKwDkI
Amor de Propina,Los Humildes,Noche Bohemia,https://music.youtube.com/watch?v=WsuZSnu0Mkw
Ambicion,Los Humildes,Noche Bohemia,https://music.youtube.com/watch?v=MUtPafCy22I
"Ni Me Viene, Ni Me Va",Los Humildes,"Ni Me Viene, Ni Me Va",https://music.youtube.com/watch?v=wDcWkuU_zA4
Payaso Loco,Los Humildes,"Ni Me Viene, Ni Me Va",https://music.youtube.com/watch?v=cZfJDucuF70
Arriésgate Conmigo (feat. Yolanda Del Rio),Los Humildes,"Ni Me Viene, Ni Me Va",https://music.youtube.com/watch?v=0eY_3P4Ozwk
El Hombre Llora,Los Humildes,"Ni Me Viene, Ni Me Va",https://music.youtube.com/watch?v=oavZyRC_o6Q
Ladrón Que Roba a Ladrón,Los Humildes,"Ni Me Viene, Ni Me Va",https://music.youtube.com/watch?v=v_1se4vfJdM
No Te Vayas a Ir (feat. Yolanda Del Rio),Los Humildes,"Ni Me Viene, Ni Me Va",https://music.youtube.com/watch?v=urWPacFGrqQ
Fíjate,Los Humildes,"Ni Me Viene, Ni Me Va",https://music.youtube.com/watch?v=-vtN3zOhtH4
Ya No Me Vas a Ver,Los Humildes,"Ni Me Viene, Ni Me Va",https://music.youtube.com/watch?v=zb304XS-RXU
Cariño Mio,Los Humildes,"Ni Me Viene, Ni Me Va",https://music.youtube.com/watch?v=b6dCE9TL97A
Si Fuera Fácil,Los Humildes,"Ni Me Viene, Ni Me Va",https://music.youtube.com/watch?v=ToIk5XwrHt8
Amor Que Se va,Los Humildes,18 Temazos,https://music.youtube.com/watch?v=tKVpYbF3Tos
Aunque Pasen Los Años,Los Humildes,18 Temazos,https://music.youtube.com/watch?v=i5QqQJUqfTI
Carta De Recuerdo,Los Humildes,18 Temazos,https://music.youtube.com/watch?v=sM8raHJ3hXM
Dame Tu Amor Eterno,Los Humildes,18 Temazos,https://music.youtube.com/watch?v=THlg5B9HnqI
De Gira Con Los Humildes,Los Humildes,18 Temazos,https://music.youtube.com/watch?v=PJMHgAkk8wM
El Caballo Gavilán,Los Humildes,18 Temazos,https://music.youtube.com/watch?v=aFSzg_7y0Ns
La Estrella Del General,Los Humildes,18 Temazos,https://music.youtube.com/watch?v=GS_6xHy7gE8
La Iglesia De Mi Pueblo,Los Humildes,18 Temazos,https://music.youtube.com/watch?v=10S3WbaQbhI
Lucerito,Los Humildes,18 Temazos,https://music.youtube.com/watch?v=gCJrTdIDiVA
Martha,Los Humildes,18 Temazos,https://music.youtube.com/watch?v=wzp9AS_OxMo
Me Sigues Queriendo,Los Humildes,18 Temazos,https://music.youtube.com/watch?v=XiEKEvde8kw
No Tengo La Culpa,Los Humildes,18 Temazos,https://music.youtube.com/watch?v=gFbBF6MEzcc
Por Ese Querer,Los Humildes,18 Temazos,https://music.youtube.com/watch?v=t_q7CzvHPD8
Qué Está Pasando?,Los Humildes,18 Temazos,https://music.youtube.com/watch?v=jO72SvI9yVc
Si Regresas,Los Humildes,18 Temazos,https://music.youtube.com/watch?v=OqR4fO-mLhI
Tengo Ganas,Los Humildes,18 Temazos,https://music.youtube.com/watch?v=RUskOFieMJo
Tres Vueltas,Los Humildes,18 Temazos,https://music.youtube.com/watch?v=pWcCZKIP27U
Vas A Ver,Los Humildes,18 Temazos,https://music.youtube.com/watch?v=07P29ngsUBc
Besitos,Los Humildes,Besitos,https://music.youtube.com/watch?v=Hnw0ro1Q72Y
A Buscarte Vengo,Los Humildes,Besitos,https://music.youtube.com/watch?v=HWGKGEKOsho
No Vuelvo a Molestarte,Los Humildes,Besitos,https://music.youtube.com/watch?v=3D7JLmOZC_k
Noemí,Los Humildes,Besitos,https://music.youtube.com/watch?v=D6rUQud8DvQ
Chiquitita,Los Humildes,Besitos,https://music.youtube.com/watch?v=BRYsRW7W1IA
Ruego,Los Humildes,Besitos,https://music.youtube.com/watch?v=wsG4NEpRXBw
Rosita de Olivo,Los Humildes,Besitos,https://music.youtube.com/watch?v=tqTI6VmPwkI
Luna,Los Humildes,Besitos,https://music.youtube.com/watch?v=tOwcsfI3KRA
A Michoacán,Los Humildes,Besitos,https://music.youtube.com/watch?v=6EZdX8kfJA8
Mi Ultima Jugada,Los Humildes,Besitos,https://music.youtube.com/watch?v=-0JB5ExHNCQ
Los Dos Amigos,Los Humildes,Besitos,https://music.youtube.com/watch?v=rEmCDCh6jHg
Sucedió en la Barranca,Los Humildes,Besitos,https://music.youtube.com/watch?v=vjaVURzX1yU
Distintos Caminos,Los Humildes,Un Pobre No Más,https://music.youtube.com/watch?v=TSO0M5ECzL8
Por Favor Comprendeme,Los Humildes,Un Pobre No Más,https://music.youtube.com/watch?v=1rkh3_AnBIY
Diosa de Piedra,Los Humildes,Un Pobre No Más,https://music.youtube.com/watch?v=6Gmbn1aRKoo
La Botella Se Acabo,Los Humildes,Un Pobre No Más,https://music.youtube.com/watch?v=NmnlychQlpU
Un Pobre No Más,Los Humildes,Un Pobre No Más,https://music.youtube.com/watch?v=_QX9-ukVjXY
El Secuestro,Los Humildes,Un Pobre No Más,https://music.youtube.com/watch?v=DVnXlwQG730
Horas Amargas,Los Humildes,Un Pobre No Más,https://music.youtube.com/watch?v=fQ5WBcbKPzU
Ay Amor,Los Humildes,Un Pobre No Más,https://music.youtube.com/watch?v=1A_J3RB1sbU
Mala Suerte,Los Humildes,Un Pobre No Más,https://music.youtube.com/watch?v=Vubyg-BoAmg
Pertenezco a Ti,Los Humildes,Un Pobre No Más,https://music.youtube.com/watch?v=CHTiSzgZM7s
No Te Perdonaré,Los Humildes,Un Pobre No Más,https://music.youtube.com/watch?v=rLV1mRG17uo
Tu Ultimo Tren,Los Humildes,Un Pobre No Más,https://music.youtube.com/watch?v=0KW6sAkBTvI
La Entalladita,Los Humildes,La Entalladita,https://music.youtube.com/watch?v=mXc2fnTGXVI
Ojitos Color Cafe,Los Humildes,La Entalladita,https://music.youtube.com/watch?v=0LIibpfqW5E
Lagrimitas,Los Humildes,La Entalladita,https://music.youtube.com/watch?v=Rn_grwQNBeA
Amor De Propinas,Los Humildes,La Entalladita,https://music.youtube.com/watch?v=dcLST26q01M
Los Ladrones,Los Humildes,La Entalladita,https://music.youtube.com/watch?v=TQ7FQI1jeng
No Le Digas A Nadie,Los Humildes,La Entalladita,https://music.youtube.com/watch?v=yPtXzCW4e54
La Carta Numero Tres,Los Humildes,La Entalladita,https://music.youtube.com/watch?v=DVyLNdnw5EM
Amor Limosnero,Los Humildes,La Entalladita,https://music.youtube.com/watch?v=Hboid8t1PRs
La Que Tengo En Casa,Los Humildes,La Entalladita,https://music.youtube.com/watch?v=GE7ZbncCIEA
Besitos,Los Humildes,La Entalladita,https://music.youtube.com/watch?v=FUOeG4eMjkw
Rosita De Olivo,Los Humildes,La Entalladita,https://music.youtube.com/watch?v=tqTI6VmPwkI
Ojos de Yerbabuena,Los Humildes,Lo Mejor De:,https://music.youtube.com/watch?v=cbBfakiRwLI
Pidiendo Paso,Los Humildes,Lo Mejor De:,https://music.youtube.com/watch?v=EiBDzfPLtYg
Vestida de Novia,Los Humildes,Lo Mejor De:,https://music.youtube.com/watch?v=o5ggH-MvlzA
Te Quiero y Te Odio,Los Humildes,Lo Mejor De:,https://music.youtube.com/watch?v=5Jn6405Esqg
Rincón Bohemio: Tu Recuerdo y Yo/ Ella/ Cuando Lloran los Hombres/ Tú y la Mentira,Los Humildes,Lo Mejor De:,https://music.youtube.com/watch?v=WxsNHMDQUec
Busco a Esa Mujer,Los Humildes,Lo Mejor De:,https://music.youtube.com/watch?v=lWu46eXrxbg
Por Dentro y por Fuera,Los Humildes,Lo Mejor De:,https://music.youtube.com/watch?v=WPFVlfYXQf4
Por Dios Que Te Mato,Los Humildes,Lo Mejor De:,https://music.youtube.com/watch?v=v6kLWptOpHQ
Con Hilo Azul,Los Humildes,Lo Mejor De:,https://music.youtube.com/watch?v=x-AnaK6m3f4
Vengo a Pedir Tu Mano,Los Humildes,Lagrimitas,https://music.youtube.com/watch?v=7iJLdBoDBXI
Vestida y Alborotada,Los Humildes,Lagrimitas,https://music.youtube.com/watch?v=Kb3VARSO1F4
Lagrimitas,Los Humildes,Lagrimitas,https://music.youtube.com/watch?v=ff1JGcORNdU
Los Ladrones,Los Humildes,Lagrimitas,https://music.youtube.com/watch?v=aZbp0TCleAY
La Entalladita,Los Humildes,Lagrimitas,https://music.youtube.com/watch?v=q2Wi7T1RWSc
Lloraré,Los Humildes,Lagrimitas,https://music.youtube.com/watch?v=yPAUWcoPwKU
El Gallo Prieto,Los Humildes,Lagrimitas,https://music.youtube.com/watch?v=nFSl2TAbZ3Q
Tus Besos,Los Humildes,Lagrimitas,https://music.youtube.com/watch?v=9C7qp-Vhyzs
La Que Tengo en Casa,Los Humildes,Lagrimitas,https://music.youtube.com/watch?v=0HPcAMote1w
Q´esto Q´el Otro,Los Humildes,Lagrimitas,https://music.youtube.com/watch?v=fLG7OAecm5w
La Última Vez,Los Humildes,Lagrimitas,https://music.youtube.com/watch?v=WbcNz0jx_HA
A Escondidas,Anaidita Y Su Sonora,A Escondidas,https://music.youtube.com/watch?v=zc4HmpqjNnQ
Escaleras de la Cárcel (En Directo),Los Humildes,Escaleras de la Cárcel (En Directo),https://music.youtube.com/watch?v=PA7mqFJVpOE
Tienes Que Vivir Conmigo,Los Humildes,Tienes Que Vivir Conmigo,https://music.youtube.com/watch?v=gSLIFg7Ej28
Ojitos Color Café (En Directo),Los Humildes,Ojitos Color Café (En Directo),https://music.youtube.com/watch?v=xSDTGZu2Wh0
Ambición,La Abuela Irma Silva,Ambición,https://music.youtube.com/watch?v=AWbx5U-CVrA
Una Niña,Los Humildes,Una Niña,https://music.youtube.com/watch?v=fnYmWxXsi-4
Te Vas y Me Dejas,Los Humildes,Te Vas y Me Dejas,https://music.youtube.com/watch?v=C--X-UqJ5S8
Disculpe Usted (En Directo),Mario Monge,Disculpe Usted (En Directo),https://music.youtube.com/watch?v=2m130VK-r3w
Firmes,los humildes,Firmes,https://music.youtube.com/watch?v=YSBtqsVwxUw
Muchacha Muchachita,Los Humildes,Muchacha Muchachita,https://music.youtube.com/watch?v=1gikRROdxHs
titulo,artistas,album,url
Mis Canciones de Amor (Remastered 2025),Pancho Barraza,Mis Canciones de Amor (Remastered 2025),https://music.youtube.com/watch?v=7h64Ec0GUPM
La Reyna de Mi Hogar (Remastered 2025),Pancho Barraza,Mis Canciones de Amor (Remastered 2025),https://music.youtube.com/watch?v=o4UmdtCPsK0
Gabriela de Mis Amores (Remastered 2025),Pancho Barraza,Mis Canciones de Amor (Remastered 2025),https://music.youtube.com/watch?v=nRE6GD-Ir80
Tú Me Dejaste (Remastered 2025),Pancho Barraza,Mis Canciones de Amor (Remastered 2025),https://music.youtube.com/watch?v=wZuZ1tU992g
"Bailando, Gozando (Remastered 2025)",Pancho Barraza,Mis Canciones de Amor (Remastered 2025),https://music.youtube.com/watch?v=IwC_GENfEyw
Ignoraste Mis Lágrimas (Remastered 2025),Pancho Barraza,Mis Canciones de Amor (Remastered 2025),https://music.youtube.com/watch?v=I9We640LLPw
Pasión de Amor (Remastered 2025),Pancho Barraza,Mis Canciones de Amor (Remastered 2025),https://music.youtube.com/watch?v=wffzsAdBOrY
Destino y Compañera (Remastered 2025),Pancho Barraza,Mis Canciones de Amor (Remastered 2025),https://music.youtube.com/watch?v=8ZW7mI-LOSE
Mi Amor sin Ella (Remastered 2025),Pancho Barraza,Mis Canciones de Amor (Remastered 2025),https://music.youtube.com/watch?v=fLzmQjlfd64
No Soy un Ángel (Remastered 2025),Pancho Barraza,Mis Canciones de Amor (Remastered 2025),https://music.youtube.com/watch?v=vlDWrWTXHMk
Santa María Banda (Remastered 2025),Pancho Barraza,Mis Canciones de Amor (Remastered 2025),https://music.youtube.com/watch?v=tfmGJmc7dhQ
"Adiós, Adiós (Remastered 2025)",Pancho Barraza,Mis Canciones de Amor (Remastered 2025),https://music.youtube.com/watch?v=5OJBapLJE3k
Si Tú Te Vas,Pancho Barraza,Puro Che Rios Oiga,https://music.youtube.com/watch?v=fVFLAF6eh0E
Un Fin De Semana,Pancho Barraza,Puro Che Rios Oiga,https://music.youtube.com/watch?v=cKyvXIiydjA
Nube Viajera,Pancho Barraza,Puro Che Rios Oiga,https://music.youtube.com/watch?v=RE9cpDnZRrg
La Piedra,Pancho Barraza,Puro Che Rios Oiga,https://music.youtube.com/watch?v=4mJIgbhhy3A
Al Mismo Nivel,Pancho Barraza,Puro Che Rios Oiga,https://music.youtube.com/watch?v=homklB027hk
"De Esta Sierra, A La Otra Sierra",Pancho Barraza,Puro Che Rios Oiga,https://music.youtube.com/watch?v=zBMea_uiu10
Al Ver Que Te Vas,Pancho Barraza,Puro Che Rios Oiga,https://music.youtube.com/watch?v=BP9wpNcfCGM
Donde Andará,Pancho Barraza,Puro Che Rios Oiga,https://music.youtube.com/watch?v=TGBO-qaOX1E
Seis Pies Abajo,Pancho Barraza,Puro Che Rios Oiga,https://music.youtube.com/watch?v=J_yx47NgH7Y
La Lámpara,Pancho Barraza,Puro Che Rios Oiga,https://music.youtube.com/watch?v=f-RXlIbbiNg
El Novillo Despuntado,Pancho Barraza,Puro Che Rios Oiga,https://music.youtube.com/watch?v=WlyOK_ZmZnM
El Huizache,Pancho Barraza,Puro Che Rios Oiga,https://music.youtube.com/watch?v=71dqoJ3fzak
Domingo Corrales,Pancho Barraza,Puro Che Rios Oiga,https://music.youtube.com/watch?v=QE9Ak_tkFNM
Me Voy A Alejar,Pancho Barraza,Emociones,https://music.youtube.com/watch?v=tGP-mV55cMY
Aún Así Te Vas,Pancho Barraza,Emociones,https://music.youtube.com/watch?v=vPVMWQQlG1Y
A Los XV Años,Pancho Barraza,Emociones,https://music.youtube.com/watch?v=eq4WYh-lk-Q
Emociones,Pancho Barraza,Emociones,https://music.youtube.com/watch?v=u3CYUERmcY0
Fue Dificil,Pancho Barraza,Emociones,https://music.youtube.com/watch?v=PNKB_jBxt1I
Kimberlita,Pancho Barraza,Emociones,https://music.youtube.com/watch?v=_qVpRlL_EJ4
Mas Fria Que El Hielo,Pancho Barraza,Emociones,https://music.youtube.com/watch?v=nIzHK-Vo17E
Morbo,Pancho Barraza,Emociones,https://music.youtube.com/watch?v=vAiB8wet850
No Hay Vuelta Atras,Pancho Barraza,Emociones,https://music.youtube.com/watch?v=MwQ59cnO3eM
No Puedo Mas,Pancho Barraza,Emociones,https://music.youtube.com/watch?v=87mufGkVsSc
Tienes Razon,Pancho Barraza,Emociones,https://music.youtube.com/watch?v=QqHav3Vf69Q
Veo,Pancho Barraza,Emociones,https://music.youtube.com/watch?v=K3f6UyvIkI4
Pero Recuerdame,"Pancho Barraza, Chuy Lizárraga y Su Banda Tierra Sinaloense",Mis 30 Aniversario (Vol. 3),https://music.youtube.com/watch?v=YFOh3M4iDG4
Ya No Tengo Corazon,"Pancho Barraza, Chuyin Barajas",Mis 30 Aniversario (Vol. 3),https://music.youtube.com/watch?v=BZglCqJy-9Q
Nuestro Ritmo,"Pancho Barraza, Claudio Alcaraz",Mis 30 Aniversario (Vol. 3),https://music.youtube.com/watch?v=dbtf0FJV6Ys
Compañera Mia,Pancho Barraza & Hijos De Barrón,Mis 30 Aniversario (Vol. 3),https://music.youtube.com/watch?v=C8MxZdA4yFo
La Niña Bonita,"Pancho Barraza, Max Peraza",Mis 30 Aniversario (Vol. 3),https://music.youtube.com/watch?v=9a5fXIhkd-8
Ya Se Fue,"Pancho Barraza, Alfredo Olivas",Mis 30 Aniversario (Vol. 3),https://music.youtube.com/watch?v=zpCfz41yo2Q
El Toro Vaqueton,"Pancho Barraza, Roberto Junior Y Su Bandeño",Mis 30 Aniversario (Vol. 3),https://music.youtube.com/watch?v=RNvEyyLujtw
Mujer Hermosa,"Pancho Barraza, Roberto Tapia",Mis 30 Aniversario (Vol. 3),https://music.youtube.com/watch?v=2TU03KB79Rs
Destino Y Compañera,"Pancho Barraza, Leandro Ríos",Mis 30 Aniversario (Vol. 3),https://music.youtube.com/watch?v=ho-mT2zPCN0
La Loca,"Pancho Barraza, Banda Los Coyulitos",Mis 30 Aniversario (Vol. 3),https://music.youtube.com/watch?v=OCXG39fi-qc
Mirala Mirala,Pancho Barraza & Toño Lizarraga,Mis 30 Aniversario (Vol. 3),https://music.youtube.com/watch?v=aS6B9jS08mI
Mi Enemigo El Amor,"Pancho Barraza, Tito Nieves",Mis 30 Aniversario (Vol. 3),https://music.youtube.com/watch?v=LIow0z20lGo
Música Romántica,"Pancho Barraza, Grupo Firme",Mis 30 Aniversario (Vol. 2),https://music.youtube.com/watch?v=U2chMEBdaCU
Porque Bailando,"Pancho Barraza, Jorge Medina",Mis 30 Aniversario (Vol. 2),https://music.youtube.com/watch?v=VMMK3_pMu04
Mi Amor Sin Ella,"Pancho Barraza, Edwin Luna",Mis 30 Aniversario (Vol. 2),https://music.youtube.com/watch?v=yUJdgPElCKs
La Vaca Pinta,"Pancho Barraza, El Komander",Mis 30 Aniversario (Vol. 2),https://music.youtube.com/watch?v=LeIGCvdPudo
Dariel El Sabroso,"Pancho Barraza, Perdidos De Sinaloa",Mis 30 Aniversario (Vol. 2),https://music.youtube.com/watch?v=ZS7IqQVazT0
No Va A Matarme Tu Amor,"Pancho Barraza, El Coyote Y Su Banda Tierra Santa",Mis 30 Aniversario (Vol. 2),https://music.youtube.com/watch?v=GHiRbHUa3yo
Un Solo Cielo,"Pancho Barraza, Enigma Norteño",Mis 30 Aniversario (Vol. 2),https://music.youtube.com/watch?v=KmEavGirUoU
La Lagartona,"Pancho Barraza, Grupo Mando Real",Mis 30 Aniversario (Vol. 2),https://music.youtube.com/watch?v=9tRjB2CZ97I
Mi Gran Problema,"Pancho Barraza, Grupo Codiciado",Mis 30 Aniversario (Vol. 2),https://music.youtube.com/watch?v=5gRleQA9rAw
Quiereme Como Soy,"Pancho Barraza, Julio Preciado",Mis 30 Aniversario (Vol. 2),https://music.youtube.com/watch?v=fn2k9MueL2c
Enséñame,"Pancho Barraza, C-Kan",Mis 30 Aniversario (Vol. 2),https://music.youtube.com/watch?v=sH3hHpOpSs0
Una Noche Cualquiera,"Pancho Barraza, Carin Leon",Mis 30 Aniversario (Vol. 1),https://music.youtube.com/watch?v=_xZmG_k_Bx0
Hablándote Claro,"Pancho Barraza, Luis Angel ""El Flaco""",Mis 30 Aniversario (Vol. 1),https://music.youtube.com/watch?v=h2xI-W27Bg4
Lucharé por Ti,"Pancho Barraza, Los Yonic's",Mis 30 Aniversario (Vol. 1),https://music.youtube.com/watch?v=Bv2I224HYJg
Vuelve por Favor,"Pancho Barraza, Lenin Ramírez",Mis 30 Aniversario (Vol. 1),https://music.youtube.com/watch?v=4my4Omlaevk
Cien Por Ciento Sincero,Pancho Barraza & Luis Alfonso Partida El Yaki,Mis 30 Aniversario (Vol. 1),https://music.youtube.com/watch?v=xVUEBWJ9U3k
Lola La Bailera,"Pancho Barraza, Banda  Renovacion",Mis 30 Aniversario (Vol. 1),https://music.youtube.com/watch?v=GQd66PGz7mI
Qué Bonito,"Pancho Barraza, Eden Muñoz",Mis 30 Aniversario (Vol. 1),https://music.youtube.com/watch?v=vPtXRJWQ2fg
Con El Alma Marchita,"Pancho Barraza, El Mimoso Luis Antonio López",Mis 30 Aniversario (Vol. 1),https://music.youtube.com/watch?v=vuFRPRlLuTs
Lupe La Del Relajo,"Pancho Barraza, Julio Barraza",Mis 30 Aniversario (Vol. 1),https://music.youtube.com/watch?v=Dk5iEeJN_x0
Señora,"Pancho Barraza, Ulices Chaidez",Mis 30 Aniversario (Vol. 1),https://music.youtube.com/watch?v=oqDM616Kj3E
Tu Abandono,Pancho Barraza & El Fantasma,Mis 30 Aniversario (Vol. 1),https://music.youtube.com/watch?v=RqceXCrFMyA
Porque,Pancho Barraza,La Fuerza Del Amor,https://music.youtube.com/watch?v=6ONs92untec
Mis Canciones,Pancho Barraza,La Fuerza Del Amor,https://music.youtube.com/watch?v=kF3c_WhqtMw
La Fuerza Del Amor,Pancho Barraza,La Fuerza Del Amor,https://music.youtube.com/watch?v=I5LlruUiAt4
Ese Hombre,Pancho Barraza,La Fuerza Del Amor,https://music.youtube.com/watch?v=sXN7-X4tooI
El Tragafuegos,Pancho Barraza,La Fuerza Del Amor,https://music.youtube.com/watch?v=PE1gRoksmnc
Un Hombre Diferente,Pancho Barraza,La Fuerza Del Amor,https://music.youtube.com/watch?v=mVyPiduLB-U
Table Dance,Pancho Barraza,La Fuerza Del Amor,https://music.youtube.com/watch?v=YbXD6zSWPzU
Siento Celos,Pancho Barraza,La Fuerza Del Amor,https://music.youtube.com/watch?v=gu2uL8QRa18
Serenata Por Telefono,Pancho Barraza,La Fuerza Del Amor,https://music.youtube.com/watch?v=P6z87u_ImXc
Porque En Diciembre,Pancho Barraza,La Fuerza Del Amor,https://music.youtube.com/watch?v=zVI-xAa2UKg
Mi Enemigo El Amor,Pancho Barraza,Mi Mexico Querido,https://music.youtube.com/watch?v=-o2WO6e9TRA
Pero La Recuerdo (Cumbia Santa María) (feat. Mariachi Santa María),Pancho Barraza,Mi Mexico Querido,https://music.youtube.com/watch?v=2Vaa-d5_3qg
Ignoraste Mis Lágrimas,Pancho Barraza,Mi Mexico Querido,https://music.youtube.com/watch?v=I9We640LLPw
Y Las Mariposas,Pancho Barraza,Mi Mexico Querido,https://music.youtube.com/watch?v=EKDpFW-2xMk
Mis Canciones De Amor,Pancho Barraza,Mi Mexico Querido,https://music.youtube.com/watch?v=7h64Ec0GUPM
Me Haces Falta Papá,Pancho Barraza,Mi Mexico Querido,https://music.youtube.com/watch?v=soQGjVaRNoI
El Taxista Y Su Amor,Pancho Barraza,Mi Mexico Querido,https://music.youtube.com/watch?v=nGPs8lyeRVc
Unidos Para Amarnos,Pancho Barraza,Mi Mexico Querido,https://music.youtube.com/watch?v=iCNdR6DuY7M
Te Esperaré,Pancho Barraza,Mi Mexico Querido,https://music.youtube.com/watch?v=zt2kvnz92Dc
Mi Amor Y Mi Agonía,Pancho Barraza,Mi Mexico Querido,https://music.youtube.com/watch?v=eiG2pwgr5Sw
No Llores Mis Recuerdos,Pancho Barraza,Mi Mexico Querido,https://music.youtube.com/watch?v=a_PyPIYrRFQ
Nuestro Gran Amor,Pancho Barraza,Mi Mexico Querido,https://music.youtube.com/watch?v=pEXazJlDQ78
Donde Andará,Pancho Barraza,Mi Mexico Querido,https://music.youtube.com/watch?v=Jb9smtzIGZE
Adiós Mi Vida,Pancho Barraza,Mi Mexico Querido,https://music.youtube.com/watch?v=MYdk_QdACYg
Música Romántica,Pancho Barraza,Mi Mexico Querido,https://music.youtube.com/watch?v=AkWhyce5zag
La Mujer Que Amo,Pancho Barraza,Un Sueño,https://music.youtube.com/watch?v=jm7NH8eNSCQ
Yo,Pancho Barraza,Un Sueño,https://music.youtube.com/watch?v=7iRkWNLm3N0
Un Sueño,Pancho Barraza,Un Sueño,https://music.youtube.com/watch?v=RFP9VEHnKPY
Te Quiero Deberas,Pancho Barraza,Un Sueño,https://music.youtube.com/watch?v=Yj4iLv3s-ak
Hay Personas,Pancho Barraza,Un Sueño,https://music.youtube.com/watch?v=22LbxM123Gc
Mi Cancion,Pancho Barraza,Un Sueño,https://music.youtube.com/watch?v=GUtXag8XoSs
Por Favor,Pancho Barraza,Un Sueño,https://music.youtube.com/watch?v=QwjkVkjn98g
Nosotros Dos,Pancho Barraza,Un Sueño,https://music.youtube.com/watch?v=A4N_DAPr1wU
Una Adiccion,Pancho Barraza,Un Sueño,https://music.youtube.com/watch?v=m6jQjPIwcy4
Amame,Pancho Barraza,Un Sueño,https://music.youtube.com/watch?v=8UZDynip6oA
14 De Febrero,Pancho Barraza,Un Sueño,https://music.youtube.com/watch?v=a-Mdf0oh-0o
Nunca Cambies,Pancho Barraza,Mas Fuerte Que Nunca,https://music.youtube.com/watch?v=lKlMScaA8MY
Tu Purruru,Pancho Barraza,Mas Fuerte Que Nunca,https://music.youtube.com/watch?v=qU9yvmuXrI4
Yo Estaba Solo,Pancho Barraza,Mas Fuerte Que Nunca,https://music.youtube.com/watch?v=7Q371M2Q4ZU
La Mujer Que Amo,Pancho Barraza,Mas Fuerte Que Nunca,https://music.youtube.com/watch?v=K2MT5ruu-tY
Ahora Soy Yo,Pancho Barraza,Mas Fuerte Que Nunca,https://music.youtube.com/watch?v=FGhY3y3gnaw
Que Te Paso,Pancho Barraza,Mas Fuerte Que Nunca,https://music.youtube.com/watch?v=oka2P5phFg0
Dejate Querer,Pancho Barraza,Mas Fuerte Que Nunca,https://music.youtube.com/watch?v=tjohzuX7ugg
Al 100 Por Ciento,Pancho Barraza,Mas Fuerte Que Nunca,https://music.youtube.com/watch?v=ujiZKiepu3M
Bonito Es Quererte,Pancho Barraza,Mas Fuerte Que Nunca,https://music.youtube.com/watch?v=6B17-E6fO0I
Michoacan,Pancho Barraza,Mas Fuerte Que Nunca,https://music.youtube.com/watch?v=A8Hsz5qGRGc
Poeta Del Amor,Pancho Barraza,Mas Fuerte Que Nunca,https://music.youtube.com/watch?v=1eUlO5BAkdw
Mi Adiccion,Pancho Barraza,Mas Fuerte Que Nunca,https://music.youtube.com/watch?v=YhmBKKsBbd4
Destino,Pancho Barraza,Mas Fuerte Que Nunca,https://music.youtube.com/watch?v=FLhon_SLc_Y
Como Un Ave,Pancho Barraza,Mas Fuerte Que Nunca,https://music.youtube.com/watch?v=LSxXnKBJfl8
Tu Ya No Volveras,Pancho Barraza,Mas Fuerte Que Nunca,https://music.youtube.com/watch?v=_uNUFboqykc
Por Cabrón,Pancho Barraza,Por Cabrón,https://music.youtube.com/watch?v=Agxr19E7TZQ
Todo O Nada,Pancho Barraza,Todo O Nada,https://music.youtube.com/watch?v=0kfZ9LgQMuQ
La Siguiente,Pancho Barraza,La Siguiente,https://music.youtube.com/watch?v=ksHsN92XV2U
Mi Otro Yo (Versión Banda),Pancho Barraza,Mi Otro Yo (Versión Banda),https://music.youtube.com/watch?v=2PYnXbwYwiM
Mi Otro Yo,Pancho Barraza,Mi Otro Yo,https://music.youtube.com/watch?v=2PYnXbwYwiM
Márchate,Colmillo Norteño,Márchate,https://music.youtube.com/watch?v=JV-XnPdDphI
No Hay Vuelta Atrás,Pancho Barraza,No Hay Vuelta Atrás,https://music.youtube.com/watch?v=MwQ59cnO3eM
Kimberlita,Pancho Barraza,Kimberlita,https://music.youtube.com/watch?v=wsuPOMYKcm4
Perfecta,Linea M,Perfecta,https://music.youtube.com/watch?v=w67-gPp1wwA
Morbo,Pancho Barraza,Morbo,https://music.youtube.com/watch?v=vAiB8wet850
titulo,artistas,album,url
Vete Ya,Valentín Elizalde,Rosas Y Bombones Con Valentín Elizalde,https://music.youtube.com/watch?v=BJhj7KrrPSg
Te Quiero Así,Valentín Elizalde,Rosas Y Bombones Con Valentín Elizalde,https://music.youtube.com/watch?v=Yqpj6ig-OUc
Ebrio De Amor,Valentín Elizalde,Rosas Y Bombones Con Valentín Elizalde,https://music.youtube.com/watch?v=7VjI035-COc
Vencedor,Valentín Elizalde,Rosas Y Bombones Con Valentín Elizalde,https://music.youtube.com/watch?v=FrNTpDH5ruQ
La Más Deseada,Valentín Elizalde,Rosas Y Bombones Con Valentín Elizalde,https://music.youtube.com/watch?v=PK1Pwx8y8GI
Volveré A Amar,Valentín Elizalde,Rosas Y Bombones Con Valentín Elizalde,https://music.youtube.com/watch?v=4GufI9pKWFI
Soy Así,Valentín Elizalde,Rosas Y Bombones Con Valentín Elizalde,https://music.youtube.com/watch?v=1wauorb3vyg
Lobo Domesticado,Valentín Elizalde,Rosas Y Bombones Con Valentín Elizalde,https://music.youtube.com/watch?v=nnrp3drhw0k
Cómo Me Duele,Valentín Elizalde,Rosas Y Bombones Con Valentín Elizalde,https://music.youtube.com/watch?v=tE11Hc8Bqwo
Mi Amante,Valentín Elizalde,Rosas Y Bombones Con Valentín Elizalde,https://music.youtube.com/watch?v=YIH7aWgkxPI
Para Qué Olvidar,Valentín Elizalde,Rosas Y Bombones Con Valentín Elizalde,https://music.youtube.com/watch?v=82YMD8oQlIw
Nada,Valentín Elizalde,Rosas Y Bombones Con Valentín Elizalde,https://music.youtube.com/watch?v=KlOvc74IbuU
Vuelve Cariñito,Valentín Elizalde,Rosas Y Bombones Con Valentín Elizalde,https://music.youtube.com/watch?v=6CEA9ri-7qw
Aunque Te Enamores,Valentín Elizalde,Rosas Y Bombones Con Valentín Elizalde,https://music.youtube.com/watch?v=fQazcbVdYTE
Y Se Parece A Ti,Valentín Elizalde,Rosas Y Bombones Con Valentín Elizalde,https://music.youtube.com/watch?v=xW_48uoYg6g
Vete Con Él,Valentín Elizalde,Rosas Y Bombones Con Valentín Elizalde,https://music.youtube.com/watch?v=fwPQiFtp3Q8
Tengo Ganas,Valentín Elizalde,Rosas Y Bombones Con Valentín Elizalde,https://music.youtube.com/watch?v=i_qFhmR2tNw
Porque Te Extraño,Valentín Elizalde,Rosas Y Bombones Con Valentín Elizalde,https://music.youtube.com/watch?v=J9EuRvO7U6E
En Esta Navidad,Valentín Elizalde,Rosas Y Bombones Con Valentín Elizalde,https://music.youtube.com/watch?v=edLlIF-yPDU
Señora Equivocada,Valentín Elizalde,Rosas Y Bombones Con Valentín Elizalde,https://music.youtube.com/watch?v=tVlCsDbRmko
Vete Ya,Valentín Elizalde,Duelo Romántico,https://music.youtube.com/watch?v=BJhj7KrrPSg
Si Yo Fuera Ladrón,El Chapo,Duelo Romántico,https://music.youtube.com/watch?v=eBb0RB3aZTA
Te Quiero Así,Valentín Elizalde,Duelo Romántico,https://music.youtube.com/watch?v=Yqpj6ig-OUc
Para Que Regreses,El Chapo,Duelo Romántico,https://music.youtube.com/watch?v=S1Mzdk0wrcg
Vencedor,Valentín Elizalde,Duelo Romántico,https://music.youtube.com/watch?v=FrNTpDH5ruQ
La Noche Perfecta,El Chapo,Duelo Romántico,https://music.youtube.com/watch?v=HDZTwUTytrA
La Más Deseada,Valentín Elizalde,Duelo Romántico,https://music.youtube.com/watch?v=PK1Pwx8y8GI
Recostada En La Cama,El Chapo,Duelo Romántico,https://music.youtube.com/watch?v=2AUGl-B2vZU
Volveré A Amar,Valentín Elizalde,Duelo Romántico,https://music.youtube.com/watch?v=4GufI9pKWFI
Detrás De La Puerta,El Chapo,Duelo Romántico,https://music.youtube.com/watch?v=LwIe3GMh5Uc
Soy Así,Valentín Elizalde,Duelo Romántico,https://music.youtube.com/watch?v=1wauorb3vyg
A Ti Sí Puedo Decirte,El Chapo,Duelo Romántico,https://music.youtube.com/watch?v=ZWxGqAH_aD0
Lobo Domesticado,Valentín Elizalde,Duelo Romántico,https://music.youtube.com/watch?v=nnrp3drhw0k
Si Te Agarran Las Ganas,El Chapo,Duelo Romántico,https://music.youtube.com/watch?v=Iz3L9L5oHJg
Mi Amante,Valentín Elizalde,Duelo Romántico,https://music.youtube.com/watch?v=YIH7aWgkxPI
"Tú, Yo Y La Luna",El Chapo,Duelo Romántico,https://music.youtube.com/watch?v=FSq2mfubgbg
Nada,Valentín Elizalde,Duelo Romántico,https://music.youtube.com/watch?v=KlOvc74IbuU
Terrenal,El Chapo,Duelo Romántico,https://music.youtube.com/watch?v=1os5yifvq2I
Aunque Te Enamores,Valentín Elizalde,Duelo Romántico,https://music.youtube.com/watch?v=fQazcbVdYTE
Ladrona,El Chapo,Duelo Romántico,https://music.youtube.com/watch?v=j7Ig6h7qJpk
Vete Ya,Valentín Elizalde,Con El Corazón En La Mano,https://music.youtube.com/watch?v=BJhj7KrrPSg
Te Quiero Así,Valentín Elizalde,Con El Corazón En La Mano,https://music.youtube.com/watch?v=Yqpj6ig-OUc
A Mis Enemigos,Valentín Elizalde,Con El Corazón En La Mano,https://music.youtube.com/watch?v=eCeYbZb2Ltw
Vencedor,Valentín Elizalde,Con El Corazón En La Mano,https://music.youtube.com/watch?v=FrNTpDH5ruQ
Volveré A Amar,Valentín Elizalde,Con El Corazón En La Mano,https://music.youtube.com/watch?v=4GufI9pKWFI
La Más Deseada,Valentín Elizalde,Con El Corazón En La Mano,https://music.youtube.com/watch?v=PK1Pwx8y8GI
Soy Así,Valentín Elizalde,Con El Corazón En La Mano,https://music.youtube.com/watch?v=1wauorb3vyg
Lobo Domesticado,Valentín Elizalde,Con El Corazón En La Mano,https://music.youtube.com/watch?v=nnrp3drhw0k
Cómo Me Duele,Valentín Elizalde,Con El Corazón En La Mano,https://music.youtube.com/watch?v=tE11Hc8Bqwo
Mi Amante,Valentín Elizalde,Con El Corazón En La Mano,https://music.youtube.com/watch?v=YIH7aWgkxPI
"El Pavido Navido (En Vivo Desde Delfos, Guadalajara/2002)",Valentín Elizalde,Con El Corazón En La Mano,https://music.youtube.com/watch?v=wduMOOY9gSs
El Venadito,Valentín Elizalde,Con El Corazón En La Mano,https://music.youtube.com/watch?v=N8iroNO7dok
Que Vivan Las Mujeres,Valentín Elizalde,Con El Corazón En La Mano,https://music.youtube.com/watch?v=j3C7t5WT3GA
Nada,Valentín Elizalde,Con El Corazón En La Mano,https://music.youtube.com/watch?v=KlOvc74IbuU
Vuelve Cariñito,Valentín Elizalde,Con El Corazón En La Mano,https://music.youtube.com/watch?v=1H_LKampOw4
Aunque Te Enamores,Valentín Elizalde,Con El Corazón En La Mano,https://music.youtube.com/watch?v=fQazcbVdYTE
Tengo Ganas,Valentín Elizalde,Con El Corazón En La Mano,https://music.youtube.com/watch?v=i_qFhmR2tNw
Para Qué Olvidar,Valentín Elizalde,Con El Corazón En La Mano,https://music.youtube.com/watch?v=82YMD8oQlIw
Y Se Parece A Ti,Valentín Elizalde,Con El Corazón En La Mano,https://music.youtube.com/watch?v=xW_48uoYg6g
Vete Con Él,Valentín Elizalde,Con El Corazón En La Mano,https://music.youtube.com/watch?v=fwPQiFtp3Q8
Vete Ya,Valentín Elizalde,Lo Mejor De Dos Grandes,https://music.youtube.com/watch?v=BJhj7KrrPSg
Quién Es Usted,"Sergio Vega ""El Shaka""",Lo Mejor De Dos Grandes,https://music.youtube.com/watch?v=s3_tYVxnOCE
Te Quiero Así,Valentín Elizalde,Lo Mejor De Dos Grandes,https://music.youtube.com/watch?v=Yqpj6ig-OUc
Soy Tu Amante Y Que,"Sergio Vega ""El Shaka""",Lo Mejor De Dos Grandes,https://music.youtube.com/watch?v=7pvJEY7RDyM
A Mis Enemigos,Valentín Elizalde,Lo Mejor De Dos Grandes,https://music.youtube.com/watch?v=eCeYbZb2Ltw
La Número 20,"Sergio Vega ""El Shaka""",Lo Mejor De Dos Grandes,https://music.youtube.com/watch?v=osb7BEFfYb0
Vencedor,Valentín Elizalde,Lo Mejor De Dos Grandes,https://music.youtube.com/watch?v=FrNTpDH5ruQ
Millonario De Amor,"Sergio Vega ""El Shaka""",Lo Mejor De Dos Grandes,https://music.youtube.com/watch?v=JYcND9ZfPLA
Volveré A Amar,Valentín Elizalde,Lo Mejor De Dos Grandes,https://music.youtube.com/watch?v=4GufI9pKWFI
Cosas Raras,"Sergio Vega ""El Shaka""",Lo Mejor De Dos Grandes,https://music.youtube.com/watch?v=C4J54MLGyLk
La Más Deseada,Valentín Elizalde,Lo Mejor De Dos Grandes,https://music.youtube.com/watch?v=PK1Pwx8y8GI
Me Vas A Doler,"Sergio Vega ""El Shaka""",Lo Mejor De Dos Grandes,https://music.youtube.com/watch?v=vNGZpJF5Zt0
Soy Así,Valentín Elizalde,Lo Mejor De Dos Grandes,https://music.youtube.com/watch?v=1wauorb3vyg
Solamente Tú,"Sergio Vega ""El Shaka""",Lo Mejor De Dos Grandes,https://music.youtube.com/watch?v=Gn0GMSc_eT0
Lobo Domesticado,Valentín Elizalde,Lo Mejor De Dos Grandes,https://music.youtube.com/watch?v=nnrp3drhw0k
El Maestro,"Sergio Vega ""El Shaka""",Lo Mejor De Dos Grandes,https://music.youtube.com/watch?v=RoAPiJyRjtk
Cómo Me Duele,Valentín Elizalde,Lo Mejor De Dos Grandes,https://music.youtube.com/watch?v=tE11Hc8Bqwo
Maniaco Y Loco,"Sergio Vega ""El Shaka""",Lo Mejor De Dos Grandes,https://music.youtube.com/watch?v=8j91PxXI_yU
Mi Amante,Valentín Elizalde,Lo Mejor De Dos Grandes,https://music.youtube.com/watch?v=YIH7aWgkxPI
Ni Se Te Ocurra (Para Toda La Vida),"K-Paz De La Sierra, Sergio Vega ""El Shaka""",Lo Mejor De Dos Grandes,https://music.youtube.com/watch?v=Yx9xqFSHjvc
Vete Ya,Valentín Elizalde,THE BEST OF,https://music.youtube.com/watch?v=BJhj7KrrPSg
Te Quiero Así,Valentín Elizalde,THE BEST OF,https://music.youtube.com/watch?v=Yqpj6ig-OUc
A Mis Enemigos,Valentín Elizalde,THE BEST OF,https://music.youtube.com/watch?v=eCeYbZb2Ltw
Vencedor,Valentín Elizalde,THE BEST OF,https://music.youtube.com/watch?v=FrNTpDH5ruQ
Ebrio De Amor,Valentín Elizalde,THE BEST OF,https://music.youtube.com/watch?v=9E_0vpkIeNE
Volveré A Amar,Valentín Elizalde,THE BEST OF,https://music.youtube.com/watch?v=4GufI9pKWFI
La Más Deseada,Valentín Elizalde,THE BEST OF,https://music.youtube.com/watch?v=PK1Pwx8y8GI
Lobo Domesticado,Valentín Elizalde,THE BEST OF,https://music.youtube.com/watch?v=nnrp3drhw0k
Soy Así,Valentín Elizalde,THE BEST OF,https://music.youtube.com/watch?v=1wauorb3vyg
Cómo Me Duele,Valentín Elizalde,THE BEST OF,https://music.youtube.com/watch?v=tE11Hc8Bqwo
El Venadito,Valentín Elizalde,THE BEST OF,https://music.youtube.com/watch?v=N8iroNO7dok
Quiero Charlar Con La Muerte,Valentín Elizalde,THE BEST OF,https://music.youtube.com/watch?v=0b5IaOkJFTo
Nada,Valentín Elizalde,THE BEST OF,https://music.youtube.com/watch?v=KlOvc74IbuU
Aunque Te Enamores,Valentín Elizalde,THE BEST OF,https://music.youtube.com/watch?v=fQazcbVdYTE
Vuelve Cariñito,Valentín Elizalde,THE BEST OF,https://music.youtube.com/watch?v=x8P-oX_fz2U
Sobre La Tumba De Mi Padre,Valentín Elizalde,THE BEST OF,https://music.youtube.com/watch?v=mm2CKWXIhlM
La Yaquesita,Valentín Elizalde,THE BEST OF,https://music.youtube.com/watch?v=GjF-r7w_qHg
Y Se Parece A Ti,Valentín Elizalde,THE BEST OF,https://music.youtube.com/watch?v=xW_48uoYg6g
Para Qué Olvidar,Valentín Elizalde,THE BEST OF,https://music.youtube.com/watch?v=82YMD8oQlIw
Que Vivan Las Mujeres,Valentín Elizalde,THE BEST OF,https://music.youtube.com/watch?v=o1iVtciMGGI
El M Grande,"Valentín Elizalde, Calibre 50",El Vale Por Siempre (Vol. 2),https://music.youtube.com/watch?v=XyPPZB7AimA
El Gallito,"Valentín Elizalde, Enigma Norteño",El Vale Por Siempre (Vol. 2),https://music.youtube.com/watch?v=e_u5oG5HmpM
El Venadito,La Arrolladora Banda El Limón De René Camacho,El Vale Por Siempre (Vol. 2),https://music.youtube.com/watch?v=VGPbwFs12uk
Pa' Qué Son Pasiones,"Valentín Elizalde, Banda Los Sebastianes De Saúl Plata",El Vale Por Siempre (Vol. 2),https://music.youtube.com/watch?v=K2YDO6IJTkg
Vencedor,"Valentín Elizalde, Los Rojos",El Vale Por Siempre (Vol. 2),https://music.youtube.com/watch?v=m_ejc_-MZ6M
Vidita Mía,"Valentín Elizalde, Banda Carnaval",El Vale Por Siempre (Vol. 2),https://music.youtube.com/watch?v=vTzPRUoQxiw
Cómo Me Duele,"Valentín Elizalde, Nathan Galante",El Vale Por Siempre (Vol. 2),https://music.youtube.com/watch?v=3FZbDzhv2WE
El Corrido Del Diez,"Valentín Elizalde, Jorge Medina",El Vale Por Siempre (Vol. 2),https://music.youtube.com/watch?v=ixsX-xfSNgA
Caray,"Valentín Elizalde, Horacio Palencia, Los Nietos De Terán",El Vale Por Siempre (Vol. 2),https://music.youtube.com/watch?v=y0WTuYF3M54
Cuánto Me Gusta Este Rancho,"Valentín Elizalde, La Nueva Estrategia",El Vale Por Siempre (Vol. 2),https://music.youtube.com/watch?v=Tl61_Acwh38
Lola,"Valentín Elizalde, Banda Fortuna",El Vale Por Siempre (Vol. 2),https://music.youtube.com/watch?v=pY86BIwMhKs
El Corrido De Rodolfillo,"Valentín Elizalde, Uziel Payan",El Vale Por Siempre (Vol. 2),https://music.youtube.com/watch?v=vpQC4HejMnM
Vestido Rojo,"Valentín Elizalde, Códice",El Vale Por Siempre (Vol. 2),https://music.youtube.com/watch?v=985Et8VdJLY
Para Mi Compa Vale,Hugo Rosario,El Vale Por Siempre (Vol. 2),https://music.youtube.com/watch?v=EcWqunODD-I
Déjame,"Valentín Elizalde, Kevin Apolo",El Vale Por Siempre (Vol. 2),https://music.youtube.com/watch?v=-LRy3G559HA
Gracias Porque Volviste,"Valentín Elizalde, Luis Y Julián Jr.",El Vale Por Siempre (Vol. 2),https://music.youtube.com/watch?v=U7MBoroVTyI
Tu Vanidad,"Valentín Elizalde, Ricardo Murillo",El Vale Por Siempre (Vol. 2),https://music.youtube.com/watch?v=pqZgArghK7U
Así Que Te Vas,"Valentín Elizalde, Calibre 50",El Vale Por Siempre,https://music.youtube.com/watch?v=ummv4gVmEYI
La Tambora Va A Sonar,"Valentín Elizalde, Los Tucanes De Tijuana",El Vale Por Siempre,https://music.youtube.com/watch?v=7N5tSMiKXNc
118 Balazos,"Valentín Elizalde, Banda Carnaval",El Vale Por Siempre,https://music.youtube.com/watch?v=yz9SBEd2jjU
Por Las Parrandas,"Valentín Elizalde, La Maquinaria Norteña",El Vale Por Siempre,https://music.youtube.com/watch?v=u23jEzK_U5s
Y Se Parece A Ti,Banda Los Sebastianes De Saúl Plata,El Vale Por Siempre,https://music.youtube.com/watch?v=6ggE47J0_uE
En Esta Navidad,Valentín Elizalde & La Fiera De Ojinaga,El Vale Por Siempre,https://music.youtube.com/watch?v=edLlIF-yPDU
La Más Deseada,"Valentín Elizalde, El Bebeto",El Vale Por Siempre,https://music.youtube.com/watch?v=4PIP0UQq-vw
La Papa,"Valentín Elizalde, Grupo Cañaveral De Humberto Pabón",El Vale Por Siempre,https://music.youtube.com/watch?v=ZUZQaywVIjE
Te Quiero Así,"Valentín Elizalde, Ramón Ayala, Eliseo Robles",El Vale Por Siempre,https://music.youtube.com/watch?v=JriCqz6IMg4
El Toro Moro,"Valentín Elizalde, Cuarto De Milla",El Vale Por Siempre,https://music.youtube.com/watch?v=Q6wchjcu57c
Y No Me Lo Das,"Valentín Elizalde, Los Socios Del Ritmo",El Vale Por Siempre,https://music.youtube.com/watch?v=maCbrZTi_2k
Tengo Ganas,"Valentín Elizalde, El Komander",El Vale Por Siempre,https://music.youtube.com/watch?v=uE0X8EKCTcs
Porque Te Extraño,"Valentín Elizalde, Uriel Barrera",El Vale Por Siempre,https://music.youtube.com/watch?v=Lm_A9Gt4Yfg
Lobo Domesticado,José Manuel Figueroa,El Vale Por Siempre,https://music.youtube.com/watch?v=Ta_i6mcRd5A
Mi Amante,Remmy Valenzuela,El Vale Por Siempre,https://music.youtube.com/watch?v=jPvroeTPZJo
Vete Con Él,Valentín Elizalde & Lalo Mora,El Vale Por Siempre,https://music.youtube.com/watch?v=IbrEuZ5rmHk
Ebrio De Amor,Geru Y Su Legión 7,El Vale Por Siempre,https://music.youtube.com/watch?v=cpawIww7pwI
Las Mentiras De La Pulga,"Valentín Elizalde, Los Askis",El Vale Por Siempre,https://music.youtube.com/watch?v=kt3xDvmjMHM
Sobre La Tumba De Mi Padre,"Valentina Elizalde, Gabriela Elizalde, Valeria Elizalde",El Vale Por Siempre,https://music.youtube.com/watch?v=tSgJ_3G76aI
El Huizache,Banda Carnaval,Banda Carnaval & Valentín Elizalde,https://music.youtube.com/watch?v=QdI_s4Obvxc
El Venadito,Banda Carnaval,Banda Carnaval & Valentín Elizalde,https://music.youtube.com/watch?v=NWq1kCFVi_4
Soy Así,Banda Carnaval,Banda Carnaval & Valentín Elizalde,https://music.youtube.com/watch?v=MvPg2PCYJds
Vencedor,Banda Carnaval,Banda Carnaval & Valentín Elizalde,https://music.youtube.com/watch?v=C4SuYPuUXeY
Lobo Domesticado,Banda Carnaval,Banda Carnaval & Valentín Elizalde,https://music.youtube.com/watch?v=wNu3a_76bhM
La Playa,Banda Carnaval,Banda Carnaval & Valentín Elizalde,https://music.youtube.com/watch?v=pYWlD-pAHpo
Cómo Me Duele,Banda Carnaval,Banda Carnaval & Valentín Elizalde,https://music.youtube.com/watch?v=_T2gnrULmFk
A Mis Enemigos,Banda Carnaval,Banda Carnaval & Valentín Elizalde,https://music.youtube.com/watch?v=RKjnFg44KSU
Y Se Parece A Ti,Banda Carnaval,Banda Carnaval & Valentín Elizalde,https://music.youtube.com/watch?v=6TT99oF4gbw
Vete Ya,Banda Carnaval,Banda Carnaval & Valentín Elizalde,https://music.youtube.com/watch?v=ecdgI0blHks
Volveré A Amar,Banda Carnaval,Banda Carnaval & Valentín Elizalde,https://music.youtube.com/watch?v=4E_BcyNoiuw
Te Quiero Así,Banda Carnaval,Banda Carnaval & Valentín Elizalde,https://music.youtube.com/watch?v=k6N6u5_hd5k
Nada,Banda Carnaval,Banda Carnaval & Valentín Elizalde,https://music.youtube.com/watch?v=vmBZtz_f8Mk
Mi Amante,Banda Carnaval,Banda Carnaval & Valentín Elizalde,https://music.youtube.com/watch?v=TTzdmqviUCA
Mi Virgencita,Banda Carnaval,Banda Carnaval & Valentín Elizalde,https://music.youtube.com/watch?v=D9t8VZlufME
Sobre La Tumba De Mi Padre,Valentín Elizalde,Recordando A Valentín Elizalde,https://music.youtube.com/watch?v=mm2CKWXIhlM
En Busca Del Amor,Valentín Elizalde,Recordando A Valentín Elizalde,https://music.youtube.com/watch?v=j80PuRiGby4
Vete Ya,Valentín Elizalde,Recordando A Valentín Elizalde,https://music.youtube.com/watch?v=BJhj7KrrPSg
Te Quiero Así,Valentín Elizalde,Recordando A Valentín Elizalde,https://music.youtube.com/watch?v=Yqpj6ig-OUc
Volveré A Amar,Valentín Elizalde,Recordando A Valentín Elizalde,https://music.youtube.com/watch?v=4GufI9pKWFI
A Mis Enemigos,Valentín Elizalde,Recordando A Valentín Elizalde,https://music.youtube.com/watch?v=eCeYbZb2Ltw
Vencedor,Valentín Elizalde,Recordando A Valentín Elizalde,https://music.youtube.com/watch?v=FrNTpDH5ruQ
La Más Deseada,Valentín Elizalde,Recordando A Valentín Elizalde,https://music.youtube.com/watch?v=PK1Pwx8y8GI
Soy Así,Valentín Elizalde,Recordando A Valentín Elizalde,https://music.youtube.com/watch?v=1wauorb3vyg
El Venadito,Valentín Elizalde,Recordando A Valentín Elizalde,https://music.youtube.com/watch?v=N8iroNO7dok
Lobo Domesticado,Valentín Elizalde,Recordando A Valentín Elizalde,https://music.youtube.com/watch?v=nnrp3drhw0k
Cómo Me Duele,Valentín Elizalde,Recordando A Valentín Elizalde,https://music.youtube.com/watch?v=tE11Hc8Bqwo
Mi Amante,Valentín Elizalde,Recordando A Valentín Elizalde,https://music.youtube.com/watch?v=YIH7aWgkxPI
La Gallina Ponedora,Valentín Elizalde,Recordando A Valentín Elizalde,https://music.youtube.com/watch?v=PPuFXaJBpYw
Quiero Charlar Con La Muerte,Valentín Elizalde,Recordando A Valentín Elizalde,https://music.youtube.com/watch?v=0b5IaOkJFTo
Nada,Valentín Elizalde,Recordando A Valentín Elizalde,https://music.youtube.com/watch?v=KlOvc74IbuU
Aunque Te Enamores,Valentín Elizalde,Recordando A Valentín Elizalde,https://music.youtube.com/watch?v=fQazcbVdYTE
Vete Con Él,Valentín Elizalde,Recordando A Valentín Elizalde,https://music.youtube.com/watch?v=1DLcsIusNwE
Tengo Ganas,Valentín Elizalde,Recordando A Valentín Elizalde,https://music.youtube.com/watch?v=i_qFhmR2tNw
Y Se Parece A Ti,Valentín Elizalde,Recordando A Valentín Elizalde,https://music.youtube.com/watch?v=xW_48uoYg6g
La Papa,Valentín Elizalde,Recordando A Valentín Elizalde,https://music.youtube.com/watch?v=QhjWxXslZJY
La Tambora Va A Sonar,"Valentín Elizalde, Los Tucanes De Tijuana",Recordando A Valentín Elizalde,https://music.youtube.com/watch?v=smR2EuWcYio
Vuelve Cariñito,Valentín Elizalde,Recordando A Valentín Elizalde,https://music.youtube.com/watch?v=-PwNcOrgTJU
Tiburón A La Vista,Valentín Elizalde,Recordando A Valentín Elizalde,https://music.youtube.com/watch?v=m2Nvb8D1fXc
Porque Te Extraño,Valentín Elizalde,Recordando A Valentín Elizalde,https://music.youtube.com/watch?v=J9EuRvO7U6E
Mi Amante (Remasterizado 2022),Valentín Elizalde,Y Se Parece A Ti (Remasterizado 2022),https://music.youtube.com/watch?v=YIH7aWgkxPI
El Director De La Banda (Remasterizado 2022),Valentín Elizalde,Y Se Parece A Ti (Remasterizado 2022),https://music.youtube.com/watch?v=cb6ggO9tvak
Vete Con Él (Remasterizado 2022),Valentín Elizalde,Y Se Parece A Ti (Remasterizado 2022),https://music.youtube.com/watch?v=pNGt14Ndz3Y
Y Se Parece A Ti (Remasterizado 2022),Valentín Elizalde,Y Se Parece A Ti (Remasterizado 2022),https://music.youtube.com/watch?v=xW_48uoYg6g
Los Sinaloenses (Remasterizado 2022),Valentín Elizalde,Y Se Parece A Ti (Remasterizado 2022),https://music.youtube.com/watch?v=xJXik4VMkPA
El Señor (Remasterizado 2022),Valentín Elizalde,Y Se Parece A Ti (Remasterizado 2022),https://music.youtube.com/watch?v=lig7I3LtF7o
La Bamba (Remasterizado 2022),Valentín Elizalde,Y Se Parece A Ti (Remasterizado 2022),https://music.youtube.com/watch?v=ZdphYBlCaEk
Te Ando Siguiendo Los Pasos (Remasterizado 2022),Valentín Elizalde,Y Se Parece A Ti (Remasterizado 2022),https://music.youtube.com/watch?v=VxlSI7lgU9Q
Oh Mi Niña (Remasterizado 2022),Valentín Elizalde,Y Se Parece A Ti (Remasterizado 2022),https://music.youtube.com/watch?v=Uz7WjZWxN4c
El Espejo (Remasterizado 2022),Valentín Elizalde,Y Se Parece A Ti (Remasterizado 2022),https://music.youtube.com/watch?v=uCzlmIG1sLw
La Piedra (Remasterizado 2022),Valentín Elizalde,Y Se Parece A Ti (Remasterizado 2022),https://music.youtube.com/watch?v=rZmSN0f_EVQ
Las Guilotas (Remasterizado 2022),Valentín Elizalde,Y Se Parece A Ti (Remasterizado 2022),https://music.youtube.com/watch?v=oZJnVFqxdCM
Prieta Linda,Gallo de oro,Prieta Linda,https://music.youtube.com/watch?v=nwjwWXQqnBQ
Para Qué Olvidar,Banda Los Sebastianes De Saúl Plata,Para Qué Olvidar,https://music.youtube.com/watch?v=6bu75g5JDf8
Vencedor,Valentín Elizalde,Vencedor,https://music.youtube.com/watch?v=m_ejc_-MZ6M
El M Grande,Valentín Elizalde,El M Grande,https://music.youtube.com/watch?v=XyPPZB7AimA
Pa' Qué Son Pasiones,Valentín Elizalde,Pa' Qué Son Pasiones,https://music.youtube.com/watch?v=K2YDO6IJTkg
En Busca Del Amor,Valentín Elizalde,En Busca Del Amor,https://music.youtube.com/watch?v=j80PuRiGby4
La Tambora Va A Sonar,Los Tucanes De Tijuana,La Tambora Va A Sonar,https://music.youtube.com/watch?v=7N5tSMiKXNc
Quiero,Banda Guasaveña de Valentín Elizalde,Quiero,https://music.youtube.com/watch?v=cJqd6lMkzog
Por una Mujer Bonita,Valentín Elizalde,Por una Mujer Bonita,https://music.youtube.com/watch?v=A7oOK6vjSWQ
Flor de Capomo,Valentín Elizalde,Flor de Capomo,https://music.youtube.com/watch?v=Ionfqb_6vXU
titulo,artistas,album,url
Mi Gusto Es,Vicente Fernández,Vicente Fernández Con Banda,https://music.youtube.com/watch?v=hKbLeOcEvcA
Por una Mujer Casada,Vicente Fernández,Vicente Fernández Con Banda,https://music.youtube.com/watch?v=CtQQDKdz5qM
Zenaida Ingrata,Vicente Fernández,Vicente Fernández Con Banda,https://music.youtube.com/watch?v=qMVGBEerSlI
El Maestro,Vicente Fernández,Vicente Fernández Con Banda,https://music.youtube.com/watch?v=cCprB-XKavs
Ya Lo Pagarás Con Dios,Vicente Fernández,Vicente Fernández Con Banda,https://music.youtube.com/watch?v=5bLarDaTRfk
El Sinaloense,Vicente Fernández,Vicente Fernández Con Banda,https://music.youtube.com/watch?v=qO0oZPIJSB0
Camino Desviado,Vicente Fernández,Vicente Fernández Con Banda,https://music.youtube.com/watch?v=cxqvTzFKuqw
Vivir Sin Ti,Vicente Fernández,Vicente Fernández Con Banda,https://music.youtube.com/watch?v=3TG71Qki56Q
La Palma,Vicente Fernández,Vicente Fernández Con Banda,https://music.youtube.com/watch?v=MEcRF1OJM4w
Lo Que Más Duele,Vicente Fernández,Vicente Fernández Con Banda,https://music.youtube.com/watch?v=ml_0VtWS2mA
Hace un Año,Vicente Fernández,Vicente Fernández Con Banda,https://music.youtube.com/watch?v=wTp7QLSYEDI
En Sus Mejores Tiempos,Vicente Fernández,Vicente Fernández Con Banda,https://music.youtube.com/watch?v=sHhZgq9T9Ik
Que Me Perdone Dios,Vicente Fernández,Vicente Fernández Con Banda,https://music.youtube.com/watch?v=FB4dFdoYA3U
Anoche Estuve Llorando,Vicente Fernández,Pa´ la Parranda,https://music.youtube.com/watch?v=k6MmgUE2Dkg
Acompáñenme Mariachis,Vicente Fernández,Pa´ la Parranda,https://music.youtube.com/watch?v=gqHwJUyJnMA
Esa Mujer Que Se Fue,Vicente Fernández,Pa´ la Parranda,https://music.youtube.com/watch?v=-PCDKP1cYPo
Llorar para Qué,Vicente Fernández,Pa´ la Parranda,https://music.youtube.com/watch?v=BmLIWmkdCg4
Trago Amargo,Vicente Fernández,Pa´ la Parranda,https://music.youtube.com/watch?v=XlcYHO6PMOY
Esperanza (Ni Caso Me Haces),Vicente Fernández,Pa´ la Parranda,https://music.youtube.com/watch?v=xMbaQ-5L_rQ
Y Qué Me Importa,Vicente Fernández,Pa´ la Parranda,https://music.youtube.com/watch?v=5HaOdUcKT0o
Ando Que Me Lleva,Vicente Fernández,Pa´ la Parranda,https://music.youtube.com/watch?v=JfODiPj9S-o
Quisiera Olvidarme de Ti,Vicente Fernández,Pa´ la Parranda,https://music.youtube.com/watch?v=Cx_b4QO88jM
Te Reto a Que Me Dejes,Vicente Fernández,Pa´ la Parranda,https://music.youtube.com/watch?v=Wzsuh5Lzd-M
Pa´Qué Llorar,Vicente Fernández,Pa´ la Parranda,https://music.youtube.com/watch?v=4CSbEtN-du0
Por el Amor de una Mujer,Vicente Fernández,Pa´ la Parranda,https://music.youtube.com/watch?v=EpryUtyH5_E
Hasta Luego,Vicente Fernández,Pa´ la Parranda,https://music.youtube.com/watch?v=QKkSCdcTg3A
Quiero Llorar,Vicente Fernández,Pa´ la Parranda,https://music.youtube.com/watch?v=-gEYfjtS1to
No Cierres la Cuenta (Borracho Se Me Olvida),Vicente Fernández,Pa´ la Parranda,https://music.youtube.com/watch?v=zlrimV2KP6Q
Las Últimas Copas,Vicente Fernández,Pa´ la Parranda,https://music.youtube.com/watch?v=qw4GbscWysg
Tu Camino y el Mío,Vicente Fernández,Los Temas de Mis Películas,https://music.youtube.com/watch?v=XdRyFTGgtQg
La Ley del Monte,Vicente Fernández,Los Temas de Mis Películas,https://music.youtube.com/watch?v=Te5b5pr10qo
Paloma Errante,Vicente Fernández,Los Temas de Mis Películas,https://music.youtube.com/watch?v=c3aMD_LdkNE
Los Albañiles,Vicente Fernández,Los Temas de Mis Películas,https://music.youtube.com/watch?v=P4HTWVPnrA0
El Hijo del Pueblo,Vicente Fernández,Los Temas de Mis Películas,https://music.youtube.com/watch?v=gTKFYKXaVIA
El Caballo de Mi Padre,Vicente Fernández,Los Temas de Mis Películas,https://music.youtube.com/watch?v=M4H6XU5DXzs
El Arracadas,Vicente Fernández,Los Temas de Mis Películas,https://music.youtube.com/watch?v=6FK6rKOLwIM
Un Madrigal,Vicente Fernández,Los Temas de Mis Películas,https://music.youtube.com/watch?v=a4qA4_6B6To
Paloma Querida,Vicente Fernández,Los Temas de Mis Películas,https://music.youtube.com/watch?v=xEmEJQigmWM
El Barrio de la Merced,Vicente Fernández,Los Temas de Mis Películas,https://music.youtube.com/watch?v=H_ByO7rgKgU
Siete Leguas,"Vicente Fernández, Felipe Arriaga",Los Temas de Mis Películas,https://music.youtube.com/watch?v=B3vITNnEv6M
El Tahúr,Vicente Fernández,Los Temas de Mis Películas,https://music.youtube.com/watch?v=ziKsb9cVukw
Corrido de Juan Armenta,Vicente Fernández,Los Temas de Mis Películas,https://music.youtube.com/watch?v=3a90aiucct4
Imposible Olvidarte,Vicente Fernández,Los Temas de Mis Películas,https://music.youtube.com/watch?v=XCX4sbkSufg
El Embustero,Vicente Fernández,Los Temas de Mis Películas,https://music.youtube.com/watch?v=-naDQxMdovI
El Repatriado,Vicente Fernández,Los Temas de Mis Películas,https://music.youtube.com/watch?v=9pdM4A05leI
Cuando Yo Quería Ser Grande,Vicente Fernández,Los Temas de Mis Películas,https://music.youtube.com/watch?v=W31_wDBykRU
Te Quiero Solo a Ti,Vicente Fernández,Los Temas de Mis Películas,https://music.youtube.com/watch?v=QbQ1-v3h9o4
"El Santo, el Diablo y el Tonto",Vicente Fernández,Los Temas de Mis Películas,https://music.youtube.com/watch?v=zBay5PRQ4jU
Camino de Guanajuato (Mix 2023),Vicente Fernández,Las Clásicas de José Alfredo Jiménez Vol.2,https://music.youtube.com/watch?v=Saf1P4FP9YQ
Cuando el Destino,Vicente Fernández,Las Clásicas de José Alfredo Jiménez Vol.2,https://music.youtube.com/watch?v=Grh8dkdD68A
Cuatro Caminos,Vicente Fernández,Las Clásicas de José Alfredo Jiménez Vol.2,https://music.youtube.com/watch?v=cORFSc8ls0Y
Guitarras de Media Noche,Vicente Fernández,Las Clásicas de José Alfredo Jiménez Vol.2,https://music.youtube.com/watch?v=4g--A3qc-sQ
Un Día Nublado,Vicente Fernández,Las Clásicas de José Alfredo Jiménez Vol.2,https://music.youtube.com/watch?v=Gpf-weBRs6c
La Que Se Fue,Vicente Fernández,Las Clásicas de José Alfredo Jiménez Vol.2,https://music.youtube.com/watch?v=Eovs870Gn-s
Llegando a Ti,Vicente Fernández,Las Clásicas de José Alfredo Jiménez Vol.2,https://music.youtube.com/watch?v=pNHbrh458ys
"Ni el Dinero, Ni Nada",Vicente Fernández,Las Clásicas de José Alfredo Jiménez Vol.2,https://music.youtube.com/watch?v=LtFRZKB7reo
Paloma Querida,Vicente Fernández,Las Clásicas de José Alfredo Jiménez Vol.2,https://music.youtube.com/watch?v=Audbd2ZxowM
Si Nos Dejan,Vicente Fernández,Las Clásicas de José Alfredo Jiménez Vol.2,https://music.youtube.com/watch?v=pBE4mqUvpyc
Te Solté la Rienda,Vicente Fernández,Las Clásicas de José Alfredo Jiménez Vol.2,https://music.youtube.com/watch?v=dZby7q9nF4w
Te Vas o Te Quedas,Vicente Fernández,Las Clásicas de José Alfredo Jiménez Vol.2,https://music.youtube.com/watch?v=ZCYu3vw3_Mo
Tú y la Mentira,Vicente Fernández,Las Clásicas de José Alfredo Jiménez Vol.2,https://music.youtube.com/watch?v=1depqJc7ARA
Tú y las Nubes,Vicente Fernández,Las Clásicas de José Alfredo Jiménez Vol.2,https://music.youtube.com/watch?v=XqnfPrnuV_A
Yo Debí Enamorarme de Tu Madre,Vicente Fernández,Las Clásicas de José Alfredo Jiménez Vol.2,https://music.youtube.com/watch?v=t09EMiXXwHI
Tu Recuerdo y Yo (Mix 2023),Vicente Fernández,Las Clásicas de José Alfredo Jiménez Vol.2,https://music.youtube.com/watch?v=uWEUa1KArzc
La Media Vuelta,Vicente Fernández,Vicente Fernández Le Canta a Los Grandes Compositores de México,https://music.youtube.com/watch?v=bEs7gwTFirc
Échame a Mí la Culpa,Vicente Fernández,Vicente Fernández Le Canta a Los Grandes Compositores de México,https://music.youtube.com/watch?v=WxsRO4AtCWM
Tú Solo Tú,Vicente Fernández,Vicente Fernández Le Canta a Los Grandes Compositores de México,https://music.youtube.com/watch?v=BFaAuaOeNLE
Qué de Raro Tiene,Vicente Fernández,Vicente Fernández Le Canta a Los Grandes Compositores de México,https://music.youtube.com/watch?v=AOU_025VwDU
"Nunca, Nunca, Nunca (Versión Mariachi)",Vicente Fernández,Vicente Fernández Le Canta a Los Grandes Compositores de México,https://music.youtube.com/watch?v=XHY5totzoI8
Por Si No Te Vuelvo a Ver,Vicente Fernández,Vicente Fernández Le Canta a Los Grandes Compositores de México,https://music.youtube.com/watch?v=D1-RMLo4_J0
La Muerte de un Gallero,Vicente Fernández,Vicente Fernández Le Canta a Los Grandes Compositores de México,https://music.youtube.com/watch?v=qzPwG6NF0Zg
Parece Que Fue Ayer,Vicente Fernández,Vicente Fernández Le Canta a Los Grandes Compositores de México,https://music.youtube.com/watch?v=tbFEetJXn5w
De Qué Manera Te Olvido,Vicente Fernández,Vicente Fernández Le Canta a Los Grandes Compositores de México,https://music.youtube.com/watch?v=NT0hlSpma90
A la Orilla de un Palmar,Vicente Fernández,Vicente Fernández Le Canta a Los Grandes Compositores de México,https://music.youtube.com/watch?v=FI6sBksZuHI
La Diferencia,Vicente Fernández,Vicente Fernández Le Canta a Los Grandes Compositores de México,https://music.youtube.com/watch?v=544X2PIxCIc
Te Parto el Alma,Vicente Fernández,Vicente Fernández Le Canta a Los Grandes Compositores de México,https://music.youtube.com/watch?v=eyFxMHKEdXc
Amor de los Dos,Vicente Fernández,Vicente Fernández Le Canta a Los Grandes Compositores de México,https://music.youtube.com/watch?v=XYhc9bt3syk
Un Millón de Primaveras,Vicente Fernández,Vicente Fernández Le Canta a Los Grandes Compositores de México,https://music.youtube.com/watch?v=M3CbRJ6jgQc
Un Viejo Amor,Vicente Fernández,Vicente Fernández Le Canta a Los Grandes Compositores de México,https://music.youtube.com/watch?v=461rX88YReM
Aunque Tengas Razón,Vicente Fernández,Vicente Fernández Le Canta a Los Grandes Compositores de México,https://music.youtube.com/watch?v=FQLnbSZWmIY
Señora de Tal,Vicente Fernández,Vicente Fernández Le Canta a Los Grandes Compositores de México,https://music.youtube.com/watch?v=ddtvc9j5XXc
Sabrá Dios,Vicente Fernández,Vicente Fernández Le Canta a Los Grandes Compositores de México,https://music.youtube.com/watch?v=h41Uw0y8R1s
Golondrina Aventurera,Vicente Fernández,Vicente Fernández Le Canta a Los Grandes Compositores de México,https://music.youtube.com/watch?v=7GOWribJOZE
Aquel Amor,Vicente Fernández,Vicente Fernández Le Canta a Los Grandes Compositores de México,https://music.youtube.com/watch?v=o5p6MDCOy6E
El Caballo de Mi Padre,Vicente Fernández,A Mis 80's,https://music.youtube.com/watch?v=Nu8MmzxrHPE
Corazón Corazón,Vicente Fernández,A Mis 80's,https://music.youtube.com/watch?v=743nW4Z4UWk
Cuando Me Digas,Vicente Fernández,A Mis 80's,https://music.youtube.com/watch?v=2Iov8DkguSQ
Ya No Insistas Corazón,Vicente Fernández,A Mis 80's,https://music.youtube.com/watch?v=SJbvEXFc-p8
La Barca,Vicente Fernández,A Mis 80's,https://music.youtube.com/watch?v=pOEbwwEwV1c
Se Me Olvidó Otra Vez,Vicente Fernández,A Mis 80's,https://music.youtube.com/watch?v=3m96gDMksIU
Luz de Luna,Vicente Fernández,A Mis 80's,https://music.youtube.com/watch?v=Z5ONQG52qAA
El Aplauso,Vicente Fernández,A Mis 80's,https://music.youtube.com/watch?v=DJtNBx03z4s
México Lindo y Querido,Vicente Fernández,A Mis 80's,https://music.youtube.com/watch?v=63CG9JhibLo
Juro Que Nunca Volveré,Vicente Fernández,A Mis 80's,https://music.youtube.com/watch?v=v0NI3fISj30
Cielo Rojo,Vicente Fernández,A Mis 80's,https://music.youtube.com/watch?v=eUWl3pjvqwU
Janitzio,Vicente Fernández,A Mis 80's,https://music.youtube.com/watch?v=AFgIW1aaFks
A Mi Nieto,Vicente Fernández,A Mis 80's,https://music.youtube.com/watch?v=yfRrMR8G6cI
Chacha Linda,Vicente Fernández,Más Romántico Que Nunca,https://music.youtube.com/watch?v=aTzgqXx-fDQ
Flores Negras,Vicente Fernández,Más Romántico Que Nunca,https://music.youtube.com/watch?v=c6I7JbhKRnI
Háblame,Vicente Fernández,Más Romántico Que Nunca,https://music.youtube.com/watch?v=V8bNPEabRiM
No Me Platiques Más,Vicente Fernández,Más Romántico Que Nunca,https://music.youtube.com/watch?v=ENQwfGDUODs
Agua Salada,Vicente Fernández,Más Romántico Que Nunca,https://music.youtube.com/watch?v=o61cVasuPWA
Poquita Fe,Vicente Fernández,Más Romántico Que Nunca,https://music.youtube.com/watch?v=981yNmVA4Ic
Ojos Tristes,Vicente Fernández,Más Romántico Que Nunca,https://music.youtube.com/watch?v=CiS3kmQA3-U
Rayito de Sol,Vicente Fernández,Más Romántico Que Nunca,https://music.youtube.com/watch?v=KbkZSUfoTAo
"Nunca, Nunca, Nunca",Vicente Fernández,Más Romántico Que Nunca,https://music.youtube.com/watch?v=O9BxL4ZsR9A
En la Cárcel de Tu Adiós,Vicente Fernández,Más Romántico Que Nunca,https://music.youtube.com/watch?v=oTLAks3ZYd0
Los Verdaderos Hombres,Vicente Fernández,Más Romántico Que Nunca,https://music.youtube.com/watch?v=dcIeMz7H7_E
Mi Último Fracaso,Vicente Fernández,Más Romántico Que Nunca,https://music.youtube.com/watch?v=6CAZxrP-W1U
No Vuelvas por Favor,Vicente Fernández,Muriendo de Amor,https://music.youtube.com/watch?v=4YSTzYVYXoM
La Maldición del Poeta,Vicente Fernández,Muriendo de Amor,https://music.youtube.com/watch?v=4GXu2gGMOpI
Prenda del Alma,Vicente Fernández,Muriendo de Amor,https://music.youtube.com/watch?v=ofqH_p6dSuQ
Si Supieras,Vicente Fernández,Muriendo de Amor,https://music.youtube.com/watch?v=AahE86HuvMM
En las Mismas Circunstancias,Vicente Fernández,Muriendo de Amor,https://music.youtube.com/watch?v=4HGUcxUw5Dk
Cien Años,Vicente Fernández,Muriendo de Amor,https://music.youtube.com/watch?v=OSammk-mQaQ
Ni Poco Ni Nada,Vicente Fernández,Muriendo de Amor,https://music.youtube.com/watch?v=aavUyNexCXw
Pido,Vicente Fernández,Muriendo de Amor,https://music.youtube.com/watch?v=qt4dksJu8LI
Te Dejo Todo,Vicente Fernández,Muriendo de Amor,https://music.youtube.com/watch?v=32FzdgtfvxE
Muriendo de Amor,Vicente Fernández,Muriendo de Amor,https://music.youtube.com/watch?v=jJ08oOowbU4
Pero Cómo Le Haré,Vicente Fernández,Muriendo de Amor,https://music.youtube.com/watch?v=4xrXtjC-ECI
Quisiera Saber (Te Quise Olvidar),Vicente Fernández,Muriendo de Amor,https://music.youtube.com/watch?v=pLXCLEjHovI
Hoy,Vicente Fernández,Vicente Fernández Hoy,https://music.youtube.com/watch?v=44iX4yy-xA0
La Vida es una Copa de Licor,Vicente Fernández,Vicente Fernández Hoy,https://music.youtube.com/watch?v=DplrA1cF164
Compréndala,Vicente Fernández,Vicente Fernández Hoy,https://music.youtube.com/watch?v=XsBEk_J97aA
Titán,Vicente Fernández,Vicente Fernández Hoy,https://music.youtube.com/watch?v=83VN7fDGc40
Como Amante o Como Hermano,Vicente Fernández,Vicente Fernández Hoy,https://music.youtube.com/watch?v=zripbW6QBdo
Saña,Vicente Fernández,Vicente Fernández Hoy,https://music.youtube.com/watch?v=JaDDFWYft6A
El Maestro,Vicente Fernández,Vicente Fernández Hoy,https://music.youtube.com/watch?v=j-l_1Zk5RY4
Tu Amor Primero,Vicente Fernández,Vicente Fernández Hoy,https://music.youtube.com/watch?v=KvAPQqSi9W8
Indomable,Vicente Fernández,Vicente Fernández Hoy,https://music.youtube.com/watch?v=Umlaeal8wxk
Si por Mí Fuera,Vicente Fernández,Vicente Fernández Hoy,https://music.youtube.com/watch?v=PukLxQtFNpg
Me Dejó de Engañar,Vicente Fernández,Vicente Fernández Hoy,https://music.youtube.com/watch?v=FVd18ZczOzk
Decir Amante,Vicente Fernández,Vicente Fernández Hoy,https://music.youtube.com/watch?v=55vjxNQF5uo
Un Hombre Con Suerte,Vicente Fernández,Vicente Fernández Hoy,https://music.youtube.com/watch?v=h30-9p564No
El Corrido de los Pérez,Vicente Fernández,Vicente Fernández Y Sus Corridos Consentidos,https://music.youtube.com/watch?v=BRizeV1r7xA
Arnulfo Gonzalez,Vicente Fernández,Vicente Fernández Y Sus Corridos Consentidos,https://music.youtube.com/watch?v=ZKsy9R8xbDU
Valentin de la Sierra,Vicente Fernández,Vicente Fernández Y Sus Corridos Consentidos,https://music.youtube.com/watch?v=DuFIAgAUc5M
Nacho Bernal,Vicente Fernández,Vicente Fernández Y Sus Corridos Consentidos,https://music.youtube.com/watch?v=Y0gThLI5-rM
El Martes me Fusilan,Vicente Fernández,Vicente Fernández Y Sus Corridos Consentidos,https://music.youtube.com/watch?v=JpDE0iomeUg
Luis Pulido,Vicente Fernández,Vicente Fernández Y Sus Corridos Consentidos,https://music.youtube.com/watch?v=6cdXAI5wJHc
Los Dorados de Villa,Vicente Fernández,Vicente Fernández Y Sus Corridos Consentidos,https://music.youtube.com/watch?v=4DbJktWVXx0
Valente Quintero,Vicente Fernández,Vicente Fernández Y Sus Corridos Consentidos,https://music.youtube.com/watch?v=WyH7hd8wXvw
Los Dos Hermanos,Vicente Fernández,Vicente Fernández Y Sus Corridos Consentidos,https://music.youtube.com/watch?v=cNDmF4zDmuQ
Gabino Barrera,Vicente Fernández,Vicente Fernández Y Sus Corridos Consentidos,https://music.youtube.com/watch?v=DnPUap1M0Rg
Juan Charrasqueado,Vicente Fernández,Vicente Fernández Y Sus Corridos Consentidos,https://music.youtube.com/watch?v=YT2CkaCMSJ4
Le Pusieron 7 Leguas,Vicente Fernández,Vicente Fernández Y Sus Corridos Consentidos,https://music.youtube.com/watch?v=SdqtWfHjdog
La Tumba Abandonada,Vicente Fernández,Vicente Fernández Y Sus Corridos Consentidos,https://music.youtube.com/watch?v=ipoglYgB3dI
La Jugada,Ana Bárbara,La Jugada,https://music.youtube.com/watch?v=kP2oLLTWPZc
Ya No Insistas Corazón,Vicente Fernández,Ya No Insistas Corazón,https://music.youtube.com/watch?v=SJbvEXFc-p8
"La Dinastía Fernández (La Derrota / Volver, Volver)",Vicente Fernández,"La Dinastía Fernández (La Derrota / Volver, Volver)",https://music.youtube.com/watch?v=fnQTJyibCCk
Estos Celos,Vicente Fernandes EL REY,Estos Celos,https://music.youtube.com/watch?v=x07SLQtlypo
