titulo,artistas,album,url
Nothing Fits Anymore,ARM,Nothing Fits Anymore,https://music.youtube.com/watch?v=k05gEVw9BtA
I Like Being Alone,ARM,I Like Being Alone,https://music.youtube.com/watch?v=CRh6HrO55Vw
A Sip Before the Scream,ARM,A Sip Before the Scream,https://music.youtube.com/watch?v=VzfvZtn-ix4
Meta-deconstrucció d'un cos nació-fluxional amb culpa,ARM,Meta-deconstrucció d'un cos nació-fluxional amb culpa,https://music.youtube.com/watch?v=HZmfB-whiAA
Pro Libertate Cataloniae,ARM,Pro Libertate Cataloniae,https://music.youtube.com/watch?v=rh0P75seKgM
You're Still Here,ARM,You're Still Here,https://music.youtube.com/watch?v=HuDp2xDd5sI
Sleep Paralysis,ARM,Sleep Paralysis,https://music.youtube.com/watch?v=8MvFcTRCP2U
Amna Padma,ARM,Amna Padma,https://music.youtube.com/watch?v=RzNphD0dLOE
Triangle,ARM,Triangle,https://music.youtube.com/watch?v=Raj4ajVTu90
titulo,artistas,album,url
Surfin' Safari (Original Long Version / Mono / Remastered 2013),The Beach Boys,The Beach Boys: Music From The Documentary,https://music.youtube.com/watch?v=WTAJrPrANfs
I Get Around (2021 Stereo Mix),The Beach Boys,The Beach Boys: Music From The Documentary,https://music.youtube.com/watch?v=xzDNsg8VbIU
"Help Me, Rhonda (2021 Stereo Mix)",The Beach Boys,The Beach Boys: Music From The Documentary,https://music.youtube.com/watch?v=bDEC0aJEv3c
Surfer Girl (2021 Stereo Mix),The Beach Boys,The Beach Boys: Music From The Documentary,https://music.youtube.com/watch?v=wMe5VXXcPOU
Do You Wanna Dance? (2021 Stereo Mix),The Beach Boys,The Beach Boys: Music From The Documentary,https://music.youtube.com/watch?v=o8RiJW27sy8
Little Deuce Coupe,The Beach Boys,The Beach Boys: Music From The Documentary,https://music.youtube.com/watch?v=7nDR-2m3RjI
Surfin' U.S.A. (2021 Stereo Mix),The Beach Boys,The Beach Boys: Music From The Documentary,https://music.youtube.com/watch?v=enlOHxQ0tb4
California Girls (Remastered 2001),The Beach Boys,The Beach Boys: Music From The Documentary,https://music.youtube.com/watch?v=WSVEkZQvoW0
Don't Worry Baby (2021 Stereo Mix),The Beach Boys,The Beach Boys: Music From The Documentary,https://music.youtube.com/watch?v=4Riqmsn4qGU
In My Room (2021 Stereo Mix),The Beach Boys,The Beach Boys: Music From The Documentary,https://music.youtube.com/watch?v=EdrSbHU3-Ak
Wouldn't It Be Nice,The Beach Boys,The Beach Boys: Music From The Documentary,https://music.youtube.com/watch?v=5lP8BZcyoEQ
God Only Knows (Remastered 1996),The Beach Boys,The Beach Boys: Music From The Documentary,https://music.youtube.com/watch?v=NADx3-qRxek
Good Vibrations (2021 Stereo Mix),The Beach Boys,The Beach Boys: Music From The Documentary,https://music.youtube.com/watch?v=apBWI6xrbLY
I Can Hear Music,The Beach Boys,The Beach Boys: Music From The Documentary,https://music.youtube.com/watch?v=rM5hoWUChmU
Forever,The Beach Boys,The Beach Boys: Music From The Documentary,https://music.youtube.com/watch?v=9MYhajRA3qc
Long Promised Road,The Beach Boys,The Beach Boys: Music From The Documentary,https://music.youtube.com/watch?v=hYOe1dl2-8g
Darlin' (2021 Stereo Mix),The Beach Boys,The Beach Boys: Music From The Documentary,https://music.youtube.com/watch?v=iXhB2uETzP0
Baby Blue Bathing Suit (Bonus Track),Stephen Sanchez,The Beach Boys: Music From The Documentary,https://music.youtube.com/watch?v=TNRHSCKlWrI
Summertime Blues,The Beach Boys,Summertime Blues,https://music.youtube.com/watch?v=vqVM1Xx2KbE
Surfin' Safari,The Beach Boys,Summertime Blues,https://music.youtube.com/watch?v=GSFtB-8VvA0
Surfin',The Beach Boys,Summertime Blues,https://music.youtube.com/watch?v=1wSxH3PNCmg
409,The Beach Boys,Summertime Blues,https://music.youtube.com/watch?v=4S9M4yHSV1A
Chug-A-Lug,The Beach Boys,Summertime Blues,https://music.youtube.com/watch?v=vtPT1ZVf0RQ
County Fair,The Beach Boys,Summertime Blues,https://music.youtube.com/watch?v=HnBumLgvL3I
Ten Little Indians,The Beach Boys,Summertime Blues,https://music.youtube.com/watch?v=6C8x-uL78vA
Heads You Win (Tails I Lose),The Beach Boys,Summertime Blues,https://music.youtube.com/watch?v=iedbnttUZDA
Little Miss America,The Beach Boys,Summertime Blues,https://music.youtube.com/watch?v=zEbKd3QpoUY
Cuckoo Clock,The Beach Boys,Summertime Blues,https://music.youtube.com/watch?v=X5tcbYyZHcg
Moon Dawg,The Beach Boys,Summertime Blues,https://music.youtube.com/watch?v=rCWj36eugsU
The Shift,The Beach Boys,Summertime Blues,https://music.youtube.com/watch?v=ZFtyZAt9uy0
Wouldn't It Be Nice (Live),The Beach Boys,Back In The City,https://music.youtube.com/watch?v=ioT75pxcs3s
Sail On Sailor (Live),The Beach Boys,Back In The City,https://music.youtube.com/watch?v=tjnohiZ18hQ
Funky Pretty (Live),The Beach Boys,Back In The City,https://music.youtube.com/watch?v=t98AiHCKVY0
Marcella (Live),The Beach Boys,Back In The City,https://music.youtube.com/watch?v=AWd4aV3OYIc
California (Live),The Beach Boys,Back In The City,https://music.youtube.com/watch?v=vVngVtwEHs8
We Got Love (Live),The Beach Boys,Back In The City,https://music.youtube.com/watch?v=lDqds4JxXkU
Little Deuce Coupe (Live),The Beach Boys,Back In The City,https://music.youtube.com/watch?v=HglribH2MNg
Trader (Live),The Beach Boys,Back In The City,https://music.youtube.com/watch?v=J1rbRf6XEOg
All That Is That (Live),The Beach Boys,Back In The City,https://music.youtube.com/watch?v=myl7_ovccak
Feel Flows (Live),The Beach Boys,Back In The City,https://music.youtube.com/watch?v=nYdcFZGcKjc
Surfer Girl (Live),The Beach Boys,Back In The City,https://music.youtube.com/watch?v=F7oX8q3i6d0
God Only Knows (Live),The Beach Boys,Back In The City,https://music.youtube.com/watch?v=FZR1J6jbvh4
Heroes And Villians (Live),The Beach Boys,Back In The City,https://music.youtube.com/watch?v=bvPM2l8bsLw
Don't Worry Baby (Live),The Beach Boys,Back In The City,https://music.youtube.com/watch?v=x5DyLg6St80
Sloop John B (Live),The Beach Boys,Back In The City,https://music.youtube.com/watch?v=0e47qmNPhs0
"Help Me, Rhonda (Live)",The Beach Boys,Back In The City,https://music.youtube.com/watch?v=lPCYSdUg8_I
I Get Around (Live),The Beach Boys,Back In The City,https://music.youtube.com/watch?v=BBohNfIs4WM
Good Vibrations (Live),The Beach Boys,Back In The City,https://music.youtube.com/watch?v=kR4DkSwCYTA
Foolish Doubts,Tony Sheveton,Foolish Doubts,https://music.youtube.com/watch?v=ZkCpBwaFP74
Surfin' USA,The Beach Boys,Foolish Doubts,https://music.youtube.com/watch?v=enlOHxQ0tb4
The Shift,The Beach Boys,Foolish Doubts,https://music.youtube.com/watch?v=XvnMVjXkUKY
Surfin' Safari,The Beach Boys,Foolish Doubts,https://music.youtube.com/watch?v=w7F04XnVyrE
I Have a Feeling,Tony Sheveton,Foolish Doubts,https://music.youtube.com/watch?v=moD0XpiHMyo
Moon Dawg,The Beach Boys,Foolish Doubts,https://music.youtube.com/watch?v=t5mroLEv8rU
Kissin' Date,Tony Sheveton,Foolish Doubts,https://music.youtube.com/watch?v=ctpq-qqm-8E
"Cindy, Oh Cindy",The Beach Boys,Foolish Doubts,https://music.youtube.com/watch?v=Pn-m1Dr4MTo
Lullaby of Love,Tony Sheveton,Foolish Doubts,https://music.youtube.com/watch?v=LV2joc71S7Y
What Is a Young Girl Made Of,The Beach Boys,Foolish Doubts,https://music.youtube.com/watch?v=2tEpe10WcQ8
Surfin',The Beach Boys,Foolish Doubts,https://music.youtube.com/watch?v=b84lS5YfQIU
Barbie,The Beach Boys,Foolish Doubts,https://music.youtube.com/watch?v=tsVKCEgeXjc
Summertime Blues,The Beach Boys,Foolish Doubts,https://music.youtube.com/watch?v=fyBvnzVG7ok
Luau,The Beach Boys,Foolish Doubts,https://music.youtube.com/watch?v=8UWcaRQa2xU
Ten Little Indians,The Beach Boys,Foolish Doubts,https://music.youtube.com/watch?v=iohMK6et_T4
Cuckoo Clock,The Beach Boys,Foolish Doubts,https://music.youtube.com/watch?v=ZkKdMAJ1MZQ
The Shift,The Beach Boys,The Shift,https://music.youtube.com/watch?v=tIsVqNEbehY
Country Fair,The Beach Boys,The Shift,https://music.youtube.com/watch?v=iynp8i3hwCI
Moon Dawg,The Beach Boys,The Shift,https://music.youtube.com/watch?v=pqqS2gA-7-I
Surfin' Safari,The Beach Boys,The Shift,https://music.youtube.com/watch?v=fyF5XmrU-Eo
"Heads You Win, Tails I Lose",The Beach Boys,The Shift,https://music.youtube.com/watch?v=j0GKmytlf64
Summertime Blues,The Beach Boys,The Shift,https://music.youtube.com/watch?v=f4wNgYIm_XU
Ten Little Indians,The Beach Boys,The Shift,https://music.youtube.com/watch?v=Ru_cs8rfItQ
Chug-A-Lug,The Beach Boys,The Shift,https://music.youtube.com/watch?v=5ivwBwsuB30
Little Girl (You're My Miss America),The Beach Boys,The Shift,https://music.youtube.com/watch?v=-g-L7ydRG6I
Do It Again (Live),The Beach Boys,Do It Again,https://music.youtube.com/watch?v=NyEYpoy9hOo
Heroes & Villains (Live),The Beach Boys,Do It Again,https://music.youtube.com/watch?v=11v8Tl2vaVA
Fun Fun Fun (Live),The Beach Boys,Do It Again,https://music.youtube.com/watch?v=TIbFpfB1MaA
Your Song (Live),The Beach Boys,Do It Again,https://music.youtube.com/watch?v=fwYn1iLWI0o
Good Vibrations (Live),The Beach Boys,Do It Again,https://music.youtube.com/watch?v=Pc6X9pXiFp8
I Get Around (Live),The Beach Boys,Do It Again,https://music.youtube.com/watch?v=NncGYvNDNhE
Help Me Rhonda (Live),The Beach Boys,Do It Again,https://music.youtube.com/watch?v=RyN6PviGOIQ
Surfin' USA (Live),The Beach Boys,Do It Again,https://music.youtube.com/watch?v=YXqPWkVl9NY
Rockin' All Over The World (Live),The Beach Boys,Do It Again,https://music.youtube.com/watch?v=Z14_DhwS78M
Lucille (Live),The Beach Boys,Do It Again,https://music.youtube.com/watch?v=bxiub5WqjiI
Getcha Back (Live),The Beach Boys,Do It Again,https://music.youtube.com/watch?v=fEC_Jdhb4g4
Sloop John B. (Live),The Beach Boys,Do It Again,https://music.youtube.com/watch?v=Sx_SxltduiE
Surfin' Safari,The Beach Boys,Surfer Girl,https://music.youtube.com/watch?v=5bRCUDKUjVk
Surfer Girl,The Beach Boys,Surfer Girl,https://music.youtube.com/watch?v=EaGOQqTHyOI
Ten Little Indians,The Beach Boys,Surfer Girl,https://music.youtube.com/watch?v=dMbzLKfOpAc
Chug a Lug,The Beach Boys,Surfer Girl,https://music.youtube.com/watch?v=bA-zJH9j4Fk
Little Girl You're My Miss America,The Beach Boys,Surfer Girl,https://music.youtube.com/watch?v=v5KcE-MyPD4
409,The Beach Boys,Surfer Girl,https://music.youtube.com/watch?v=e-wEFVbmIlA
Surfin,The Beach Boys,Surfer Girl,https://music.youtube.com/watch?v=GbC8tMsjn00
Heads You Win - Tails I Lose,The Beach Boys,Surfer Girl,https://music.youtube.com/watch?v=yQ3uBiyWUDM
Summertime Blues,The Beach Boys,Surfer Girl,https://music.youtube.com/watch?v=GIz_Zw-37b0
Cuckoo Clock,The Beach Boys,Surfer Girl,https://music.youtube.com/watch?v=11KNW6ruwnY
Moon Dawg,The Beach Boys,Surfer Girl,https://music.youtube.com/watch?v=I2toylTsfrA
The Shift,The Beach Boys,Surfer Girl,https://music.youtube.com/watch?v=q8UdTHcklQ0
Lualu,The Beach Boys,Surfer Girl,https://music.youtube.com/watch?v=OeeemttRjGw
County Fair,The Beach Boys,Surfer Girl,https://music.youtube.com/watch?v=UWqza6OJKD4
Judy,The Beach Boys,Surfer Girl,https://music.youtube.com/watch?v=4q_SE22_BSk
Beach Boys Stomp,The Beach Boys,Surfer Girl,https://music.youtube.com/watch?v=vKFaqG1aB6U
Lavender,The Beach Boys,Surfer Girl,https://music.youtube.com/watch?v=yUQQE_4iPAM
Barbie,The Beach Boys,Surfer Girl,https://music.youtube.com/watch?v=PbZzruWl6X8
What Is a Young Girl Made Of?,The Beach Boys,Surfer Girl,https://music.youtube.com/watch?v=BE84T86XhNQ
Chug-A-Lug,The Beach Boys,Chug-A-Lug,https://music.youtube.com/watch?v=Y-XT3-45v8o
Surfin',The Beach Boys,Chug-A-Lug,https://music.youtube.com/watch?v=Q-52EjAejtQ
Cuckoo Clock,The Beach Boys,Chug-A-Lug,https://music.youtube.com/watch?v=UaU960RZWxs
The Shift,The Beach Boys,Chug-A-Lug,https://music.youtube.com/watch?v=Uxhb9g3J1Ic
Country Fair,The Beach Boys,Chug-A-Lug,https://music.youtube.com/watch?v=6Wo6xUihCoY
Surfin' Safari,The Beach Boys,Chug-A-Lug,https://music.youtube.com/watch?v=OqbbleKpy0o
Little Girl (You're My Miss America),The Beach Boys,Chug-A-Lug,https://music.youtube.com/watch?v=XUe0HLSEFl4
409,The Beach Boys,Chug-A-Lug,https://music.youtube.com/watch?v=_eWpGt092VQ
"Heads You Win, Tails I Lose",The Beach Boys,Chug-A-Lug,https://music.youtube.com/watch?v=MmBtRbnp3Po
Summertime Blues,The Beach Boys,Chug-A-Lug,https://music.youtube.com/watch?v=oj8QCWNJKSg
You Need A Mess Of Help To Stand Alone,The Beach Boys,Sail On Sailor – 1972 (Super Deluxe),https://music.youtube.com/watch?v=Lv7fSXj4ycs
Here She Comes,The Beach Boys,Sail On Sailor – 1972 (Super Deluxe),https://music.youtube.com/watch?v=TpFKy_H1THg
He Come Down,The Beach Boys,Sail On Sailor – 1972 (Super Deluxe),https://music.youtube.com/watch?v=_4uzM1OzmDc
Marcella,The Beach Boys,Sail On Sailor – 1972 (Super Deluxe),https://music.youtube.com/watch?v=13FLhIIVinM
"Hold On, Dear Brother",The Beach Boys,Sail On Sailor – 1972 (Super Deluxe),https://music.youtube.com/watch?v=dWxWwuiahpg
Make It Good,The Beach Boys,Sail On Sailor – 1972 (Super Deluxe),https://music.youtube.com/watch?v=RFq1m4rxY0A
All This Is That,The Beach Boys,Sail On Sailor – 1972 (Super Deluxe),https://music.youtube.com/watch?v=2KNPFrFEeJw
Cuddle Up,The Beach Boys,Sail On Sailor – 1972 (Super Deluxe),https://music.youtube.com/watch?v=KAEkqsMWseA
The Road Not Taken (Demo),The Beach Boys,Sail On Sailor – 1972 (Super Deluxe),https://music.youtube.com/watch?v=ftYZ5wXqaLc
All This Is That (A Cappella),The Beach Boys,Sail On Sailor – 1972 (Super Deluxe),https://music.youtube.com/watch?v=mDJEXBVVwmI
He Come Down (2022 Mix),The Beach Boys,Sail On Sailor – 1972 (Super Deluxe),https://music.youtube.com/watch?v=aX2QphJOZ_Y
You Need A Mess Of Help To Stand Alone (Track & Backing Vocals Mix),The Beach Boys,Sail On Sailor – 1972 (Super Deluxe),https://music.youtube.com/watch?v=0xJ5Q4JFN1M
Marcella (A Cappella),The Beach Boys,Sail On Sailor – 1972 (Super Deluxe),https://music.youtube.com/watch?v=b399XCqDbcY
Make It Good (Aternate Mix With Intro),The Beach Boys,Sail On Sailor – 1972 (Super Deluxe),https://music.youtube.com/watch?v=y9OM_p76X7E
Cuddle Up (Alternate Mix),The Beach Boys,Sail On Sailor – 1972 (Super Deluxe),https://music.youtube.com/watch?v=kDp9AZGFBFo
Carl & The Passions/Pet Sounds Promo,The Beach Boys,Sail On Sailor – 1972 (Super Deluxe),https://music.youtube.com/watch?v=U_Vm_Q04uYo
"Sail On, Sailor",The Beach Boys,Sail On Sailor – 1972 (Super Deluxe),https://music.youtube.com/watch?v=C7O_Yg38X9g
Steamboat,The Beach Boys,Sail On Sailor – 1972 (Super Deluxe),https://music.youtube.com/watch?v=NC26mWuR7QI
California Saga (Big Sur),The Beach Boys,Sail On Sailor – 1972 (Super Deluxe),https://music.youtube.com/watch?v=G4oQC0c8P50
California Saga (The Beaks Of Eagles),The Beach Boys,Sail On Sailor – 1972 (Super Deluxe),https://music.youtube.com/watch?v=s_8JLQ84frc
California Saga (California),The Beach Boys,Sail On Sailor – 1972 (Super Deluxe),https://music.youtube.com/watch?v=h4PHVK-gjyY
The Trader,The Beach Boys,Sail On Sailor – 1972 (Super Deluxe),https://music.youtube.com/watch?v=Tfe_KYM3l94
Leaving This Town,The Beach Boys,Sail On Sailor – 1972 (Super Deluxe),https://music.youtube.com/watch?v=8Vlrep5ElHE
Only With You,The Beach Boys,Sail On Sailor – 1972 (Super Deluxe),https://music.youtube.com/watch?v=6mqbWut3VG4
Funky Pretty,The Beach Boys,Sail On Sailor – 1972 (Super Deluxe),https://music.youtube.com/watch?v=3tFXUOvUqvA
Mt. Vernon And Fairway (Theme),The Beach Boys,Sail On Sailor – 1972 (Super Deluxe),https://music.youtube.com/watch?v=jCYz1J2c7gw
I'm The Pied Piper (Instrumental),The Beach Boys,Sail On Sailor – 1972 (Super Deluxe),https://music.youtube.com/watch?v=IixReYTubbY
Better Get Back In Bed,The Beach Boys,Sail On Sailor – 1972 (Super Deluxe),https://music.youtube.com/watch?v=PRa4Zi8dKOs
Magic Transistor Radio (2022 Mix),The Beach Boys,Sail On Sailor – 1972 (Super Deluxe),https://music.youtube.com/watch?v=tyQTd17hGK4
I'm The Pied Piper (2022 Mix),The Beach Boys,Sail On Sailor – 1972 (Super Deluxe),https://music.youtube.com/watch?v=uDcmZ_NYe1E
Radio King Dom,The Beach Boys,Sail On Sailor – 1972 (Super Deluxe),https://music.youtube.com/watch?v=qvDU2lXlams
We Got Love (2022 Mix),The Beach Boys,Sail On Sailor – 1972 (Super Deluxe),https://music.youtube.com/watch?v=AkZZW4Q7zMw
Hard Time,The Beach Boys,Sail On Sailor – 1972 (Super Deluxe),https://music.youtube.com/watch?v=72KZVrEzUWw
Carry Me Home,The Beach Boys,Sail On Sailor – 1972 (Super Deluxe),https://music.youtube.com/watch?v=7umdqixJToo
California Saga (The Beaks Of Eagles) (1973 Single Mix),The Beach Boys,Sail On Sailor – 1972 (Super Deluxe),https://music.youtube.com/watch?v=fLGmQUqsguc
California Saga (California) (1973 Single Mix),The Beach Boys,Sail On Sailor – 1972 (Super Deluxe),https://music.youtube.com/watch?v=h4PHVK-gjyY
"Sail On, Sailor (2022 Mix)",The Beach Boys,Sail On Sailor – 1972 (Super Deluxe),https://music.youtube.com/watch?v=hYAKZzeXqPw
"""Holland"" Promo 1",The Beach Boys,Sail On Sailor – 1972 (Super Deluxe),https://music.youtube.com/watch?v=8fFdkAHSpI8
Concert Intro: Jack Rieley (Live At Carnegie Hall),The Beach Boys & Jack Rieley,Sail On Sailor – 1972 (Super Deluxe),https://music.youtube.com/watch?v=7oMTBjC9Ju4
Sloop John B (Live At Carnegie Hall),The Beach Boys,Sail On Sailor – 1972 (Super Deluxe),https://music.youtube.com/watch?v=sHEE4gyRjP8
You Need A Mess Of Help To Stand Alone (Live At Carnegie Hall),The Beach Boys,Sail On Sailor – 1972 (Super Deluxe),https://music.youtube.com/watch?v=8P5jwey9ex4
Leaving This Town (Live At Carnegie Hall),The Beach Boys,Sail On Sailor – 1972 (Super Deluxe),https://music.youtube.com/watch?v=3SKVeWiQ_9c
Darlin’ (Live At Carnegie Hall),The Beach Boys,Sail On Sailor – 1972 (Super Deluxe),https://music.youtube.com/watch?v=FdqeD4YN3j4
Only With You (Live At Carnegie Hall),The Beach Boys,Sail On Sailor – 1972 (Super Deluxe),https://music.youtube.com/watch?v=8_nGvEd_tvw
Heroes And Villains (Live At Carnegie Hall),The Beach Boys,Sail On Sailor – 1972 (Super Deluxe),https://music.youtube.com/watch?v=8BbVAf1yWvk
Long Promised Road (Live At Carnegie Hall),The Beach Boys,Sail On Sailor – 1972 (Super Deluxe),https://music.youtube.com/watch?v=_xD-v0IGy9k
"Don’t Worry, Baby (Live At Carnegie Hall)",The Beach Boys,Sail On Sailor – 1972 (Super Deluxe),https://music.youtube.com/watch?v=up1KlHnQfMM
Student Demonstration Time (Live At Carnegie Hall),The Beach Boys,Sail On Sailor – 1972 (Super Deluxe),https://music.youtube.com/watch?v=3QsV6X7mkj8
I Get Around (Live At Carnegie Hall),The Beach Boys,Sail On Sailor – 1972 (Super Deluxe),https://music.youtube.com/watch?v=8lJUvDlEgaU
Intro To 2nd Set: Jack Rieley (Live At Carnegie Hall),The Beach Boys & Jack Rieley,Sail On Sailor – 1972 (Super Deluxe),https://music.youtube.com/watch?v=1YdP7gbXXjw
"Marcella (Live At Carnegie Hall/2022 ""Sail On Sailor"" Mix)",The Beach Boys,Sail On Sailor – 1972 (Super Deluxe),https://music.youtube.com/watch?v=roQRxEcbWys
California Saga (California) (Live At Carnegie Hall),The Beach Boys,Sail On Sailor – 1972 (Super Deluxe),https://music.youtube.com/watch?v=yWmUdK9xuGU
"Help Me, Rhonda (Live At Carnegie Hall)",The Beach Boys,Sail On Sailor – 1972 (Super Deluxe),https://music.youtube.com/watch?v=C6c0M8wSq-Q
Let The Wind Blow (Live At Carnegie Hall),The Beach Boys,Sail On Sailor – 1972 (Super Deluxe),https://music.youtube.com/watch?v=MLhaIlZghi4
"Wonderful / Don’t Worry, Bill (Live At Carnegie Hall)",The Beach Boys,Sail On Sailor – 1972 (Super Deluxe),https://music.youtube.com/watch?v=mQvwPA-oTCo
God Only Knows (Live At Carnegie Hall),The Beach Boys,Sail On Sailor – 1972 (Super Deluxe),https://music.youtube.com/watch?v=5cUO4R3MFF4
Do It Again (Live At Carnegie Hall),The Beach Boys,Sail On Sailor – 1972 (Super Deluxe),https://music.youtube.com/watch?v=Y4KfQh7SGpE
Wouldn’t It Be Nice (Live At Carnegie Hall),The Beach Boys,Sail On Sailor – 1972 (Super Deluxe),https://music.youtube.com/watch?v=tb3kfA_8_vs
Wild Honey (Live At Carnegie Hall),The Beach Boys,Sail On Sailor – 1972 (Super Deluxe),https://music.youtube.com/watch?v=FhfTkGF-j8Y
Good Vibrations (Live At Carnegie Hall/2022 Mix),The Beach Boys,Sail On Sailor – 1972 (Super Deluxe),https://music.youtube.com/watch?v=6L_nK-R_hrM
California Girls (Live At Carnegie Hall),The Beach Boys,Sail On Sailor – 1972 (Super Deluxe),https://music.youtube.com/watch?v=AD3xeqByIS4
Surfin’ USA (Live At Carnegie Hall),The Beach Boys,Sail On Sailor – 1972 (Super Deluxe),https://music.youtube.com/watch?v=0G3kHP2_ZRM
Fun Fun Fun (Live At Carnegie Hall),The Beach Boys,Sail On Sailor – 1972 (Super Deluxe),https://music.youtube.com/watch?v=Cl0-OmLOf5M
Jumpin’ Jack Flash (Live At Carnegie Hall),The Beach Boys,Sail On Sailor – 1972 (Super Deluxe),https://music.youtube.com/watch?v=z_uiVzH1g3k
You Need A Mess Of Help To Stand Alone (A Cappella),The Beach Boys,Sail On Sailor – 1972 (Super Deluxe),https://music.youtube.com/watch?v=EfhTYwtBPfQ
Marcella (Backing Track),The Beach Boys,Sail On Sailor – 1972 (Super Deluxe),https://music.youtube.com/watch?v=xLx86n_sCJg
Here She Comes (Session Excerpt),The Beach Boys,Sail On Sailor – 1972 (Super Deluxe),https://music.youtube.com/watch?v=SMxJIQGWT7M
Here She Comes (2022 Mix),The Beach Boys,Sail On Sailor – 1972 (Super Deluxe),https://music.youtube.com/watch?v=vMeUVs4vDWk
He Come Down (A Cappella Session),The Beach Boys,Sail On Sailor – 1972 (Super Deluxe),https://music.youtube.com/watch?v=7VESi0Cg_MY
"Hold On, Dear Brother (Track & Backing Vocals)",The Beach Boys,Sail On Sailor – 1972 (Super Deluxe),https://music.youtube.com/watch?v=72lZtsuK1N0
Steamboat (Track & Backing Vocals),The Beach Boys,Sail On Sailor – 1972 (Super Deluxe),https://music.youtube.com/watch?v=dkg11a1FsPo
California Saga (California) (Track & Backing Vocals),The Beach Boys,Sail On Sailor – 1972 (Super Deluxe),https://music.youtube.com/watch?v=boMSrWHudbA
The Trader (Track & Backing Vocals),The Beach Boys,Sail On Sailor – 1972 (Super Deluxe),https://music.youtube.com/watch?v=H3jmwY2HnCQ
The Trader (Second Section A Cappella),The Beach Boys,Sail On Sailor – 1972 (Super Deluxe),https://music.youtube.com/watch?v=DeOaJFUIltM
Only With You (Alternate Mix),The Beach Boys,Sail On Sailor – 1972 (Super Deluxe),https://music.youtube.com/watch?v=vXykKT80qF4
Funky Pretty (Track & Backing Vocals),The Beach Boys,Sail On Sailor – 1972 (Super Deluxe),https://music.youtube.com/watch?v=PpLs4R6Bh9g
"Sail On, Sailor (Songwriting Session)",The Beach Boys,Sail On Sailor – 1972 (Super Deluxe),https://music.youtube.com/watch?v=FybScHtR2Xo
"Sail On, Sailor (A Cappella)",The Beach Boys,Sail On Sailor – 1972 (Super Deluxe),https://music.youtube.com/watch?v=HjEKfBOK4IE
Out In The Country (Version 1),The Beach Boys,Sail On Sailor – 1972 (Super Deluxe),https://music.youtube.com/watch?v=VCdGaND6wzc
Out In The Country (Version 2),The Beach Boys,Sail On Sailor – 1972 (Super Deluxe),https://music.youtube.com/watch?v=hdDfOBZXUQY
Oh Sweet Something,The Beach Boys,Sail On Sailor – 1972 (Super Deluxe),https://music.youtube.com/watch?v=PjUYLmghMIQ
Spark In The Dark,The Beach Boys,Sail On Sailor – 1972 (Super Deluxe),https://music.youtube.com/watch?v=Uh-bukZ_9qU
Rooftop Harry,The Beach Boys,Sail On Sailor – 1972 (Super Deluxe),https://music.youtube.com/watch?v=LvVlcxaSjSs
Body Talk (Grease Job),The Beach Boys,Sail On Sailor – 1972 (Super Deluxe),https://music.youtube.com/watch?v=_1UqMCrSAZI
"""Holland"" Promo 2",The Beach Boys,Sail On Sailor – 1972 (Super Deluxe),https://music.youtube.com/watch?v=lZu1PKQWT_0
We Got Love (Live/1973),The Beach Boys,Sail On Sailor – 1972 (Super Deluxe),https://music.youtube.com/watch?v=1-YXuR2-inw
California Saga (Big Sur) (Live/1973),The Beach Boys,Sail On Sailor – 1972 (Super Deluxe),https://music.youtube.com/watch?v=GvVvDmUdp7U
Funky Pretty (Live/1973),The Beach Boys,Sail On Sailor – 1972 (Super Deluxe),https://music.youtube.com/watch?v=UEC4Yw6M_CA
The Trader (Live/1975),The Beach Boys,Sail On Sailor – 1972 (Super Deluxe),https://music.youtube.com/watch?v=pVqUg5vhhAM
"Sail On, Sailor (Live/1975)",The Beach Boys,Sail On Sailor – 1972 (Super Deluxe),https://music.youtube.com/watch?v=23t2fa1PQC8
All This Is That (Live/1993),The Beach Boys,Sail On Sailor – 1972 (Super Deluxe),https://music.youtube.com/watch?v=rV7X9aLPaHw
Fairy Tale Music (2022 Mix),The Beach Boys,Sail On Sailor – 1972 (Super Deluxe),https://music.youtube.com/watch?v=F15VeeRvZu0
Pa Let Her Go Out (Better Get Back in Bed) (Alternate Version With Intro),The Beach Boys,Sail On Sailor – 1972 (Super Deluxe),https://music.youtube.com/watch?v=smRhMA5ksq4
I'm The Pied Piper (A Cappella Section),The Beach Boys,Sail On Sailor – 1972 (Super Deluxe),https://music.youtube.com/watch?v=Y6DQQ4-p4Ls
Radio King Dom (A Cappella Section),The Beach Boys,Sail On Sailor – 1972 (Super Deluxe),https://music.youtube.com/watch?v=EKzruEPBgmQ
I'm The Pied Piper (Alternate Take Spoken Section),The Beach Boys,Sail On Sailor – 1972 (Super Deluxe),https://music.youtube.com/watch?v=4hVXbuv0Hhg
Mt. Vernon And Fairway (Theme) / A Casual Look (Medley / Session Excerpt),The Beach Boys,Sail On Sailor – 1972 (Super Deluxe),https://music.youtube.com/watch?v=Dai__nVUepM
"Little Child (Daddy Dear) (""Holland"" Home Recording)",The Beach Boys,Sail On Sailor – 1972 (Super Deluxe),https://music.youtube.com/watch?v=RNwyMawtjKg
"Susie Cincinnati (""Holland"" Home Recording)",The Beach Boys,Sail On Sailor – 1972 (Super Deluxe),https://music.youtube.com/watch?v=uBBmzA5E7bw
Gimme Some Lovin' / I Need Your Love (Medley),The Beach Boys,Sail On Sailor – 1972 (Super Deluxe),https://music.youtube.com/watch?v=gCMJ72nYmh0
California Saga (Big Sur) (2022 Saga Trilogy),The Beach Boys,Sail On Sailor – 1972 (Super Deluxe),https://music.youtube.com/watch?v=G4oQC0c8P50
California Saga (The Beaks Of Eagles) (2022 Saga Trilogy Edit),The Beach Boys,Sail On Sailor – 1972 (Super Deluxe),https://music.youtube.com/watch?v=s_8JLQ84frc
California Saga (California) (2022 Saga Trilogy),The Beach Boys,Sail On Sailor – 1972 (Super Deluxe),https://music.youtube.com/watch?v=h4PHVK-gjyY
Carry Me Home,The Beach Boys,Sail On Sailor – 1972 (Super Deluxe),https://music.youtube.com/watch?v=v-WMk0IBqw4
All This Is That (A Cappella Alternate Verse),The Beach Boys,Sail On Sailor – 1972 (Super Deluxe),https://music.youtube.com/watch?v=3YtOdY3gKBw
You Need A Mess Of Help To Stand Alone,The Beach Boys,Sail On Sailor – 1972 (Deluxe),https://music.youtube.com/watch?v=2kcxGr9GCbM
Here She Comes,The Beach Boys,Sail On Sailor – 1972 (Deluxe),https://music.youtube.com/watch?v=TpFKy_H1THg
He Come Down,The Beach Boys,Sail On Sailor – 1972 (Deluxe),https://music.youtube.com/watch?v=_4uzM1OzmDc
Marcella,The Beach Boys,Sail On Sailor – 1972 (Deluxe),https://music.youtube.com/watch?v=CcHMidowFCY
"Hold On, Dear Brother",The Beach Boys,Sail On Sailor – 1972 (Deluxe),https://music.youtube.com/watch?v=dWxWwuiahpg
Make It Good,The Beach Boys,Sail On Sailor – 1972 (Deluxe),https://music.youtube.com/watch?v=RFq1m4rxY0A
All This Is That,The Beach Boys,Sail On Sailor – 1972 (Deluxe),https://music.youtube.com/watch?v=2KNPFrFEeJw
Cuddle Up,The Beach Boys,Sail On Sailor – 1972 (Deluxe),https://music.youtube.com/watch?v=KAEkqsMWseA
The Road Not Taken (Demo),The Beach Boys,Sail On Sailor – 1972 (Deluxe),https://music.youtube.com/watch?v=RR9Ti8mL4dU
All This Is That (A Cappella),The Beach Boys,Sail On Sailor – 1972 (Deluxe),https://music.youtube.com/watch?v=sRt2iKp8c3Y
He Come Down (2022 Mix),The Beach Boys,Sail On Sailor – 1972 (Deluxe),https://music.youtube.com/watch?v=8eyp6y5oRS8
You Need A Mess Of Help To Stand Alone (Track & Backing Vocals Mix),The Beach Boys,Sail On Sailor – 1972 (Deluxe),https://music.youtube.com/watch?v=nNeq2arlhcE
Marcella (A Cappella),The Beach Boys,Sail On Sailor – 1972 (Deluxe),https://music.youtube.com/watch?v=qW7QAIygR04
Make It Good (Aternate Mix With Intro),The Beach Boys,Sail On Sailor – 1972 (Deluxe),https://music.youtube.com/watch?v=TyxYjxweCdc
Cuddle Up (Alternate Mix),The Beach Boys,Sail On Sailor – 1972 (Deluxe),https://music.youtube.com/watch?v=GHr5plSwt9U
Carl & The Passions/Pet Sounds Promo,The Beach Boys,Sail On Sailor – 1972 (Deluxe),https://music.youtube.com/watch?v=OlRKVCsDe8M
Intro To 2nd Set: Jack Rieley (Live At Carnegie Hall),The Beach Boys & Jack Rieley,Sail On Sailor – 1972 (Deluxe),https://music.youtube.com/watch?v=S6Zrmd-mecg
You Need A Mess Of Help To Stand Alone (Live At Carnegie Hall),The Beach Boys,Sail On Sailor – 1972 (Deluxe),https://music.youtube.com/watch?v=b-YSZLr3o0g
Marcella (Live At Carnegie Hall),The Beach Boys,Sail On Sailor – 1972 (Deluxe),https://music.youtube.com/watch?v=f128jjzpm9U
Only With You (Live At Carnegie Hall),The Beach Boys,Sail On Sailor – 1972 (Deluxe),https://music.youtube.com/watch?v=OinTQ85Spds
California Saga (Big Sur) (Live/1973),The Beach Boys,Sail On Sailor – 1972 (Deluxe),https://music.youtube.com/watch?v=NblTUV7F19k
Funky Pretty (Live/1973),The Beach Boys,Sail On Sailor – 1972 (Deluxe),https://music.youtube.com/watch?v=O8Ws_snaPIA
"Sail On, Sailor",The Beach Boys,Sail On Sailor – 1972 (Deluxe),https://music.youtube.com/watch?v=C7O_Yg38X9g
Steamboat,The Beach Boys,Sail On Sailor – 1972 (Deluxe),https://music.youtube.com/watch?v=NC26mWuR7QI
California Saga (Big Sur),The Beach Boys,Sail On Sailor – 1972 (Deluxe),https://music.youtube.com/watch?v=G4oQC0c8P50
California Saga (The Beaks Of Eagles),The Beach Boys,Sail On Sailor – 1972 (Deluxe),https://music.youtube.com/watch?v=s_8JLQ84frc
California Saga (California),The Beach Boys,Sail On Sailor – 1972 (Deluxe),https://music.youtube.com/watch?v=h4PHVK-gjyY
The Trader,The Beach Boys,Sail On Sailor – 1972 (Deluxe),https://music.youtube.com/watch?v=Tfe_KYM3l94
Leaving This Town,The Beach Boys,Sail On Sailor – 1972 (Deluxe),https://music.youtube.com/watch?v=8Vlrep5ElHE
Only With You,The Beach Boys,Sail On Sailor – 1972 (Deluxe),https://music.youtube.com/watch?v=6mqbWut3VG4
Funky Pretty,The Beach Boys,Sail On Sailor – 1972 (Deluxe),https://music.youtube.com/watch?v=3tFXUOvUqvA
Mt. Vernon And Fairway (Theme),The Beach Boys,Sail On Sailor – 1972 (Deluxe),https://music.youtube.com/watch?v=U_44LYz4kxo
I'm The Pied Piper (Instrumental),The Beach Boys,Sail On Sailor – 1972 (Deluxe),https://music.youtube.com/watch?v=83bIYT-TAjI
Better Get Back In Bed,The Beach Boys,Sail On Sailor – 1972 (Deluxe),https://music.youtube.com/watch?v=R12bKWTV6O4
Magic Transistor Radio,The Beach Boys,Sail On Sailor – 1972 (Deluxe),https://music.youtube.com/watch?v=2Jc8bRQz7xM
I'm The Pied Piper,The Beach Boys,Sail On Sailor – 1972 (Deluxe),https://music.youtube.com/watch?v=PsRJFFxTQVc
Radio King Dom,The Beach Boys,Sail On Sailor – 1972 (Deluxe),https://music.youtube.com/watch?v=lO_8OZyxff4
We Got Love (2022 Mix),The Beach Boys,Sail On Sailor – 1972 (Deluxe),https://music.youtube.com/watch?v=nZDsDKQs9k4
Hard Time,The Beach Boys,Sail On Sailor – 1972 (Deluxe),https://music.youtube.com/watch?v=pA9qz-pAPV0
Carry Me Home,The Beach Boys,Sail On Sailor – 1972 (Deluxe),https://music.youtube.com/watch?v=wmRu-rODNJU
California Saga (The Beaks Of Eagles) (1973 Single Mix),The Beach Boys,Sail On Sailor – 1972 (Deluxe),https://music.youtube.com/watch?v=IIVTuHob3Gk
California Saga (California) (1973 Single Mix),The Beach Boys,Sail On Sailor – 1972 (Deluxe),https://music.youtube.com/watch?v=h4PHVK-gjyY
"Sail On, Sailor (Track - 2022 Mix)",The Beach Boys,Sail On Sailor – 1972 (Deluxe),https://music.youtube.com/watch?v=H5oSSXQ7yxI
"""Holland"" Promo 1",The Beach Boys,Sail On Sailor – 1972 (Deluxe),https://music.youtube.com/watch?v=aQuMxWPuOk8
"Sail On, Sailor (Live/1975)",The Beach Boys,Sail On Sailor – 1972 (Deluxe),https://music.youtube.com/watch?v=2oae5nUnXOo
Surfin' (Remastered 2024),The Beach Boys,Surfin' (Remastered 2024),https://music.youtube.com/watch?v=JAwsb3QkFrc
409 (Remastered 2024),The Beach Boys,409 (Remastered 2024),https://music.youtube.com/watch?v=oDK6ZEt3lIQ
Heroes and Villains (Live),The Beach Boys,"Grand Gala Du Disque, Amsterdam Feb ‘72",https://music.youtube.com/watch?v=atBYUBa5OXk
Sloop John B (Live),The Beach Boys,"Grand Gala Du Disque, Amsterdam Feb ‘72",https://music.youtube.com/watch?v=ucrN33lweX0
Surf’s Up (Live),The Beach Boys,"Grand Gala Du Disque, Amsterdam Feb ‘72",https://music.youtube.com/watch?v=2nmalECnm70
Student Demonstration Time (Live),The Beach Boys,"Grand Gala Du Disque, Amsterdam Feb ‘72",https://music.youtube.com/watch?v=d4E-trqdZS8
All This Is That (A Cappella),The Beach Boys,All This Is That / Carry Me Home / You Need A Mess Of Help To Stand Alone,https://music.youtube.com/watch?v=y0ARsLD_6Ug
Carry Me Home,The Beach Boys,All This Is That / Carry Me Home / You Need A Mess Of Help To Stand Alone,https://music.youtube.com/watch?v=3WBdCEAv2Bs
You Need A Mess Of Help To Stand Alone (Live At Carnegie Hall),The Beach Boys,All This Is That / Carry Me Home / You Need A Mess Of Help To Stand Alone,https://music.youtube.com/watch?v=QW22QFrsDH0
All This Is That (A Cappella),The Beach Boys,All This Is That (A Cappella),https://music.youtube.com/watch?v=AhokOKMfu4I
Little Saint Nick,The Beach Boys,The Beach Boys Christmas (Instrumentals EP),https://music.youtube.com/watch?v=L1rnM_Ai05I
"Merry Christmas, Baby",The Beach Boys,The Beach Boys Christmas (Instrumentals EP),https://music.youtube.com/watch?v=lPsbsOdBOqM
Frosty The Snowman,The Beach Boys,The Beach Boys Christmas (Instrumentals EP),https://music.youtube.com/watch?v=LvQoxnslWOg
Carry Me Home,The Beach Boys,Carry Me Home,https://music.youtube.com/watch?v=kkF3iby9zls
Sunfin'Safari (Digitally Remastered),The Beach Boys,Surfin' Safari,https://music.youtube.com/watch?v=YZQPSsgyre4
Ten Little Indians (Digitally Remastered),The Beach Boys,Surfin' Safari,https://music.youtube.com/watch?v=A0RHZ1YsaMk
Surfin' (Digitally Remastered),The Beach Boys,Surfin' Safari,https://music.youtube.com/watch?v=wg16fHYg0rk
Luau (Digitally Remastered),The Beach Boys,Surfin' Safari,https://music.youtube.com/watch?v=ev_7TqBZuac
Marcella (2021 Mix),The Beach Boys,Marcella / Shut Down / Good Vibrations,https://music.youtube.com/watch?v=LVgc5Zu6-TM
Shut Down (2021 Stereo Mix),The Beach Boys,Marcella / Shut Down / Good Vibrations,https://music.youtube.com/watch?v=AXRvtaBIAP0
Good Vibrations (2021 Stereo Mix),The Beach Boys,Marcella / Shut Down / Good Vibrations,https://music.youtube.com/watch?v=apBWI6xrbLY
Marcella (2021 Mix),The Beach Boys,Marcella (2021 Mix),https://music.youtube.com/watch?v=LVgc5Zu6-TM
titulo,artistas,album,url
The Three Kisses of Love,Bee Gees,Vaults - 24 Original Tracks - Early Years,https://music.youtube.com/watch?v=59lPuDvtUlE
Could It Be,Bee Gees,Vaults - 24 Original Tracks - Early Years,https://music.youtube.com/watch?v=4iAQ3dfgjB4
Claustrophobia,Bee Gees,Vaults - 24 Original Tracks - Early Years,https://music.youtube.com/watch?v=k2UBf1YlCQA
Every Day I Have to Cry Some,Bee Gees,Vaults - 24 Original Tracks - Early Years,https://music.youtube.com/watch?v=CbtF2nlRYzQ
Wine & Women,Bee Gees,Vaults - 24 Original Tracks - Early Years,https://music.youtube.com/watch?v=kJvYVSTlvBg
Second Hand People,Bee Gees,Vaults - 24 Original Tracks - Early Years,https://music.youtube.com/watch?v=OVI6BJ_Uuc4
You Wouldn't Know,Bee Gees,Vaults - 24 Original Tracks - Early Years,https://music.youtube.com/watch?v=8Rz_BG17N18
Glasshouse,Bee Gees,Vaults - 24 Original Tracks - Early Years,https://music.youtube.com/watch?v=cdmbl1apVRg
Turn Around Look at Me,Bee Gees,Vaults - 24 Original Tracks - Early Years,https://music.youtube.com/watch?v=XPIgG1Tf2Qs
Spicks+specs,Bee Gees,Vaults - 24 Original Tracks - Early Years,https://music.youtube.com/watch?v=hJBVgocMCaY
Monday's Rain,Bee Gees,Vaults - 24 Original Tracks - Early Years,https://music.youtube.com/watch?v=sfXst-GamHg
I Am the World,Bee Gees,Vaults - 24 Original Tracks - Early Years,https://music.youtube.com/watch?v=uNCewgm42vU
Big Chance,Bee Gees,Vaults - 24 Original Tracks - Early Years,https://music.youtube.com/watch?v=_IMg_ZJiKzw
How Many Birds,Bee Gees,Vaults - 24 Original Tracks - Early Years,https://music.youtube.com/watch?v=aYImc3iGoRw
The Battle of the Blue and Grey,Bee Gees,Vaults - 24 Original Tracks - Early Years,https://music.youtube.com/watch?v=kDbNmNaJ8gc
Follow the Wind,Bee Gees,Vaults - 24 Original Tracks - Early Years,https://music.youtube.com/watch?v=lXyANtYdNnc
And the Children Laughing,Bee Gees,Vaults - 24 Original Tracks - Early Years,https://music.youtube.com/watch?v=5VGFbYbgU50
I Don’t Know Why I Bother Myself,Bee Gees,Vaults - 24 Original Tracks - Early Years,https://music.youtube.com/watch?v=gTXQP0J3zqs
I Don’t Think It’s Funny,Bee Gees,Vaults - 24 Original Tracks - Early Years,https://music.youtube.com/watch?v=ihBXVVzwuBY
I Want Home,Bee Gees,Vaults - 24 Original Tracks - Early Years,https://music.youtube.com/watch?v=Oi5E97HJAq0
I Was a Lover,Bee Gees,Vaults - 24 Original Tracks - Early Years,https://music.youtube.com/watch?v=bMOR_zMY6_4
Playdown,Bee Gees,Vaults - 24 Original Tracks - Early Years,https://music.youtube.com/watch?v=NBPVM4-8lEY
Theme from Jamie McPheeters,Bee Gees,Vaults - 24 Original Tracks - Early Years,https://music.youtube.com/watch?v=e9wvYI8wIGs
To Be or Not to Be,Bee Gees,Vaults - 24 Original Tracks - Early Years,https://music.youtube.com/watch?v=GehC28cbxeM
Stayin Alive,Bee Gees,How Can You Mend A Broken Heart,https://music.youtube.com/watch?v=I_izvAbhExY
How Can You Mend A Broken Heart,Bee Gees,How Can You Mend A Broken Heart,https://music.youtube.com/watch?v=1EzMM1-9tds
Spicks And Specks,Bee Gees,How Can You Mend A Broken Heart,https://music.youtube.com/watch?v=jJWvBqg7mq0
New York Mining Disaster 1941,Bee Gees,How Can You Mend A Broken Heart,https://music.youtube.com/watch?v=ps-Qq7ucMA0
To Love Somebody,Bee Gees,How Can You Mend A Broken Heart,https://music.youtube.com/watch?v=u9-xS6IP03s
I Started A Joke,Bee Gees,How Can You Mend A Broken Heart,https://music.youtube.com/watch?v=2EMkZ1jzoGI
Massachusetts,Bee Gees,How Can You Mend A Broken Heart,https://music.youtube.com/watch?v=iJ0hp4ZrDvg
I've Gotta Get A Message To You,Bee Gees,How Can You Mend A Broken Heart,https://music.youtube.com/watch?v=v2e7wnMMR1I
Wind Of Change,Bee Gees,How Can You Mend A Broken Heart,https://music.youtube.com/watch?v=S9wKf0mabrA
Jive Talkin',Bee Gees,How Can You Mend A Broken Heart,https://music.youtube.com/watch?v=XBw25CrUS-o
Nights On Broadway,Bee Gees,How Can You Mend A Broken Heart,https://music.youtube.com/watch?v=Za2DRKMDtjw
Fanny (Be Tender With My Love),Bee Gees,How Can You Mend A Broken Heart,https://music.youtube.com/watch?v=v4lC3ZsbTsI
You Should Be Dancing (Full Version),Bee Gees,How Can You Mend A Broken Heart,https://music.youtube.com/watch?v=yriRRaYPXfw
Love So Right,Bee Gees,How Can You Mend A Broken Heart,https://music.youtube.com/watch?v=Ck_AHnB6rI8
Children Of The World,Bee Gees,How Can You Mend A Broken Heart,https://music.youtube.com/watch?v=8hZjogH_cx0
"Night Fever (From ""Saturday Night Fever"" Soundtrack)",Bee Gees,How Can You Mend A Broken Heart,https://music.youtube.com/watch?v=-ihs-vT9T3Q
More Than A Woman,Bee Gees,How Can You Mend A Broken Heart,https://music.youtube.com/watch?v=uQ9_MwZIaoc
How Deep Is Your Love,Bee Gees,How Can You Mend A Broken Heart,https://music.youtube.com/watch?v=XpqqjU7u5Yc
Tragedy,Bee Gees,How Can You Mend A Broken Heart,https://music.youtube.com/watch?v=I248-SyRDnU
Too Much Heaven,Bee Gees,How Can You Mend A Broken Heart,https://music.youtube.com/watch?v=nREV8bQJ1MA
Love You Inside Out,Bee Gees,How Can You Mend A Broken Heart,https://music.youtube.com/watch?v=kVq9tcGFMhk
For Whom The Bell Tolls,Bee Gees,How Can You Mend A Broken Heart,https://music.youtube.com/watch?v=jTowyYFXIUY
Holiday,Bee Gees,How Can You Mend A Broken Heart,https://music.youtube.com/watch?v=CpHYMf_r2HI
Run To Me,Bee Gees,How Can You Mend A Broken Heart,https://music.youtube.com/watch?v=qj-FUJfzfak
Words,Bee Gees,How Can You Mend A Broken Heart,https://music.youtube.com/watch?v=I3lKRLa_WGE
You Win Again,Bee Gees,Bee Gees: 1981 - 2001,https://music.youtube.com/watch?v=KZY9oYSSjFI
One (Single Version),Bee Gees,Bee Gees: 1981 - 2001,https://music.youtube.com/watch?v=eP_a9XrHZgE
Happy Ever After,Bee Gees,Bee Gees: 1981 - 2001,https://music.youtube.com/watch?v=C93X2Pso1S4
For Whom The Bell Tolls,Bee Gees,Bee Gees: 1981 - 2001,https://music.youtube.com/watch?v=jTowyYFXIUY
Alone,Bee Gees,Bee Gees: 1981 - 2001,https://music.youtube.com/watch?v=HBwqiq1PN0E
This Is Where I Came In,Bee Gees,Bee Gees: 1981 - 2001,https://music.youtube.com/watch?v=5a95WRSWvHA
The Three Kisses of Love,The Bee Gees,Wine and Women,https://music.youtube.com/watch?v=4mMTQWuARko
Could It Be,The Bee Gees,Wine and Women,https://music.youtube.com/watch?v=Mhw4MSRE98M
Claustrophobia,The Bee Gees,Wine and Women,https://music.youtube.com/watch?v=XgcDX_jJ1yE
Every Day I Have To Cry Some,The Bee Gees,Wine and Women,https://music.youtube.com/watch?v=viFQqPI6Xvs
Wine and Women,The Bee Gees,Wine and Women,https://music.youtube.com/watch?v=H_PGJg_9pqM
Second Hand People,The Bee Gees,Wine and Women,https://music.youtube.com/watch?v=DBI5F_Mocxk
You Wouldn't Know,The Bee Gees,Wine and Women,https://music.youtube.com/watch?v=G5LfRWKmngY
Glasshouse,The Bee Gees,Wine and Women,https://music.youtube.com/watch?v=GxJ8mxr-Fzc
"Turn Around, Look At Me",The Bee Gees,Wine and Women,https://music.youtube.com/watch?v=MzesXWY5nTU
Spicks and Specks,The Bee Gees,Wine and Women,https://music.youtube.com/watch?v=OGGQ6T-Cczo
Monday's Rain,The Bee Gees,Wine and Women,https://music.youtube.com/watch?v=ZfTdzBy0NZA
I Am The World,The Bee Gees,Wine and Women,https://music.youtube.com/watch?v=-oc4243h5vE
Big Chance,The Bee Gees,Wine and Women,https://music.youtube.com/watch?v=XNBzP2_tk3g
How Many Birds,The Bee Gees,Wine and Women,https://music.youtube.com/watch?v=39kTQc0V6I0
The Battle Of The Blue And Grey,The Bee Gees,Wine and Women,https://music.youtube.com/watch?v=wu7AYdGrTOs
Follow The Wind,The Bee Gees,Wine and Women,https://music.youtube.com/watch?v=w8gBRmmw79c
Three Kisses Of Love,Bee Gees,The Bee Gees 1963-1966,https://music.youtube.com/watch?v=hNQ86iQPL2U
Spicks And Specks,Bee Gees,The Bee Gees 1963-1966,https://music.youtube.com/watch?v=vmWzfh6HF_A
How Love Was True,Bee Gees,The Bee Gees 1963-1966,https://music.youtube.com/watch?v=lbPRpJ5U6_M
How Many Birds,Bee Gees,The Bee Gees 1963-1966,https://music.youtube.com/watch?v=4T8cw2Bx7VY
Wine And Women,Bee Gees,The Bee Gees 1963-1966,https://music.youtube.com/watch?v=p4u4uuZyLBk
"I Was A Lover, A Leader Of Men",Bee Gees,The Bee Gees 1963-1966,https://music.youtube.com/watch?v=9mDND_NP5II
Monday's Rain,Bee Gees,The Bee Gees 1963-1966,https://music.youtube.com/watch?v=XPLxPwtlxAo
I Am The World,Bee Gees,The Bee Gees 1963-1966,https://music.youtube.com/watch?v=-NmSWnLbUc4
To Be Or Not To Be,Bee Gees,The Bee Gees 1963-1966,https://music.youtube.com/watch?v=IHdxzp9QKlM
I Don't Think It's Funny,Bee Gees,The Bee Gees 1963-1966,https://music.youtube.com/watch?v=FCfgWsg97-E
"Turn Around, Look At Me",Bee Gees,The Bee Gees 1963-1966,https://music.youtube.com/watch?v=3bCHx0RS1-c
Second Hand People,Bee Gees,The Bee Gees 1963-1966,https://music.youtube.com/watch?v=Df5OY7-FGK8
Claustrophobia,Bee Gees,The Bee Gees 1963-1966,https://music.youtube.com/watch?v=HVJ2b3yI2rI
Every Day I Have To Cry,Bee Gees,The Bee Gees 1963-1966,https://music.youtube.com/watch?v=RUctOZO9HX4
Follow The Wind,Bee Gees,The Bee Gees 1963-1966,https://music.youtube.com/watch?v=er28ChD2s4Q
Take Hold Of That Star,Bee Gees,The Bee Gees 1963-1966,https://music.youtube.com/watch?v=BRN1C-E37U4
And the Children Laughing,Bee Gees,Spicks and Specks,https://music.youtube.com/watch?v=UOC-JeIDYFs
Everyday I Have to Cry Some,Bee Gees,Spicks and Specks,https://music.youtube.com/watch?v=PpzI3TUWbds
How Many Birds,Bee Gees,Spicks and Specks,https://music.youtube.com/watch?v=D-4iJ0AhLzA
I Want Home,Bee Gees,Spicks and Specks,https://music.youtube.com/watch?v=wXOjpdDLKGw
Second Hand People,Bee Gees,Spicks and Specks,https://music.youtube.com/watch?v=bZOVAPDRujY
The Battle of the Blue and the Grey,Bee Gees,Spicks and Specks,https://music.youtube.com/watch?v=PZH7Yk8bgWI
"Turn Around, Look at Me",Bee Gees,Spicks and Specks,https://music.youtube.com/watch?v=NwzujN8aoQo
Could It Be I'm in Love,Bee Gees,Spicks and Specks,https://music.youtube.com/watch?v=MDb1slLpu2g
How Love Was True,Bee Gees,Spicks and Specks,https://music.youtube.com/watch?v=afwyLDWkNF4
Big Chance,Bee Gees,Spicks and Specks,https://music.youtube.com/watch?v=cZQ9Xd8uVtA
Follow the Wind,Bee Gees,Spicks and Specks,https://music.youtube.com/watch?v=0lpsU53Q8N4
I Am the World,Bee Gees,Spicks and Specks,https://music.youtube.com/watch?v=SQ9oq-o5aNk
"I Was a Lover, a Leader of Men",Bee Gees,Spicks and Specks,https://music.youtube.com/watch?v=fyyP7QKUB3c
Spicks and Specks,Bee Gees,Spicks and Specks,https://music.youtube.com/watch?v=l72ZMTkV6tk
Theme from Jamie McPheeters,Bee Gees,Spicks and Specks,https://music.youtube.com/watch?v=o5KmzBZcybM
Playdown,Bee Gees,Spicks and Specks,https://music.youtube.com/watch?v=u4JJAAgfWO4
Claustrophobia,Bee Gees,Spicks and Specks,https://music.youtube.com/watch?v=5SJJSs6kmiw
Glass House,Bee Gees,Spicks and Specks,https://music.youtube.com/watch?v=N0ghdu0zCB0
I Don't Know Why I Bother,Bee Gees,Spicks and Specks,https://music.youtube.com/watch?v=biQChI3FtkE
Mondays Rain,Bee Gees,Spicks and Specks,https://music.youtube.com/watch?v=mAcJZeUHduk
Take Hold of That Star,Bee Gees,Spicks and Specks,https://music.youtube.com/watch?v=49m4ecJCJTI
Three Kisses of Love,Bee Gees,Spicks and Specks,https://music.youtube.com/watch?v=U5hf_-nPNYY
Wine and Woman,Bee Gees,Spicks and Specks,https://music.youtube.com/watch?v=peRW5BZX27M
To Be or Not to Be,Bee Gees,Spicks and Specks,https://music.youtube.com/watch?v=-jhEMsbANFI
You Wouldn't Know,Bee Gees,Spicks and Specks,https://music.youtube.com/watch?v=c-WcemWHLXM
I Don't Think It's Funny,Bee Gees,Spicks and Specks,https://music.youtube.com/watch?v=izbAu-BxkXc
Interview with Robin Ross,Bee Gees,Interview 1990,https://music.youtube.com/watch?v=gygTPSSJsQ0
Spicks and Specks,Bee Gees,Spicks And Specks,https://music.youtube.com/watch?v=XfB6865O9H8
Follow the Wind,Bee Gees,Spicks And Specks,https://music.youtube.com/watch?v=sVyRK3O7NPc
I Am the World,Bee Gees,Spicks And Specks,https://music.youtube.com/watch?v=uTpym3z79bU
I Was a Lover,Bee Gees,Spicks And Specks,https://music.youtube.com/watch?v=GbQfUjWrI8Q
How Love Was True,Bee Gees,Spicks And Specks,https://music.youtube.com/watch?v=Iqiy0FR8pgk
Everyday I Have to Cry Some,Bee Gees,Spicks And Specks,https://music.youtube.com/watch?v=Ibm9zu1oD_c
Turn Around Look at Me,Bee Gees,Spicks And Specks,https://music.youtube.com/watch?v=8pOz9vZhdiQ
How Many Birds,Bee Gees,Spicks And Specks,https://music.youtube.com/watch?v=x6xnNFWa_Lg
The Three Kisses of Love,Bee Gees,Spicks And Specks,https://music.youtube.com/watch?v=WEdKrdPk3kc
I Don't Think It's Funny,Bee Gees,Spicks And Specks,https://music.youtube.com/watch?v=fRMqWV8Lvlo
Take Hold of That Star,Bee Gees,Spicks And Specks,https://music.youtube.com/watch?v=aSrSOCtMVsE
Second Hand People,Bee Gees,Spicks And Specks,https://music.youtube.com/watch?v=CCwNO6Gq3sA
Wine and Woman,Bee Gees,Spicks And Specks,https://music.youtube.com/watch?v=r-DYHo_fG-I
To Be or Not to Be,Bee Gees,Spicks And Specks,https://music.youtube.com/watch?v=fjFsNzdGOys
Monday's Rain,Bee Gees,Spicks And Specks,https://music.youtube.com/watch?v=QYmyjDwOZJg
This Is Where I Came In,Bee Gees,This Is Where I Came In,https://music.youtube.com/watch?v=5a95WRSWvHA
She Keeps On Coming,Bee Gees,This Is Where I Came In,https://music.youtube.com/watch?v=7sgpY79SgM4
Sacred Trust,Bee Gees,This Is Where I Came In,https://music.youtube.com/watch?v=IVjCiN01xT8
Wedding Day,Bee Gees,This Is Where I Came In,https://music.youtube.com/watch?v=xlaiz1OAtUo
Man In The Middle,Bee Gees,This Is Where I Came In,https://music.youtube.com/watch?v=IsJ5x_mYbA4
Déjà Vu,Bee Gees,This Is Where I Came In,https://music.youtube.com/watch?v=yLmmO1YDrSg
Technicolor Dreams,Bee Gees,This Is Where I Came In,https://music.youtube.com/watch?v=MvB3Eo0_W-8
Walking On Air,Bee Gees,This Is Where I Came In,https://music.youtube.com/watch?v=GmMiKFMc-Pk
Loose Talk Costs Lives,Bee Gees,This Is Where I Came In,https://music.youtube.com/watch?v=7ud5cC1Z0H0
Embrace,Bee Gees,This Is Where I Came In,https://music.youtube.com/watch?v=qlOoGwWE7Ck
The Extra Mile,Bee Gees,This Is Where I Came In,https://music.youtube.com/watch?v=E0uxZMuxiK0
Voice In The Wilderness,Bee Gees,This Is Where I Came In,https://music.youtube.com/watch?v=m3vAJiwmN-8
Alone,Bee Gees,Still Waters,https://music.youtube.com/watch?v=HBwqiq1PN0E
I Surrender,Bee Gees,Still Waters,https://music.youtube.com/watch?v=Lg8La1n_wIw
I Could Not Love You More,Bee Gees,Still Waters,https://music.youtube.com/watch?v=Zf-c4O_RwyA
Still Waters (Run Deep),Bee Gees,Still Waters,https://music.youtube.com/watch?v=cLUf1UuY90Y
My Lover's Prayer,Bee Gees,Still Waters,https://music.youtube.com/watch?v=kAI7efNkHfQ
With My Eyes Closed,Bee Gees,Still Waters,https://music.youtube.com/watch?v=quduhOwMYqk
Irresistible Force,Bee Gees,Still Waters,https://music.youtube.com/watch?v=9-m0KSyeiEg
Closer Than Close,Bee Gees,Still Waters,https://music.youtube.com/watch?v=m6XIdjEHLRs
I Will,Bee Gees,Still Waters,https://music.youtube.com/watch?v=D2CBs0GsY6Q
Obsessions,Bee Gees,Still Waters,https://music.youtube.com/watch?v=nFtY8qELiE8
Miracles Happen,Bee Gees,Still Waters,https://music.youtube.com/watch?v=l8ynt-GTVcI
Smoke And Mirrors,Bee Gees,Still Waters,https://music.youtube.com/watch?v=MT9vRHSWNbk
More Than A Woman,Bee Gees,Bee Gees: 1976 - 1979,https://music.youtube.com/watch?v=uQ9_MwZIaoc
"Stayin' Alive (From ""Saturday Night Fever"" Soundtrack)",Bee Gees,Bee Gees: 1976 - 1979,https://music.youtube.com/watch?v=I_izvAbhExY
You Should Be Dancing (Full Version),Bee Gees,Bee Gees: 1976 - 1979,https://music.youtube.com/watch?v=INrbEQgsPmU
Love So Right,Bee Gees,Bee Gees: 1976 - 1979,https://music.youtube.com/watch?v=YhN2LFhGnbY
How Deep Is Your Love,Bee Gees,Bee Gees: 1976 - 1979,https://music.youtube.com/watch?v=XpqqjU7u5Yc
Too Much Heaven,Bee Gees,Bee Gees: 1976 - 1979,https://music.youtube.com/watch?v=nREV8bQJ1MA
Lonely Days,Bee Gees,Bee Gees: 1970 - 1975,https://music.youtube.com/watch?v=Ue6xqa-AU8A
How Can You Mend A Broken Heart,Bee Gees,Bee Gees: 1970 - 1975,https://music.youtube.com/watch?v=OPFeS7Jhc-A
Run To Me,Bee Gees,Bee Gees: 1970 - 1975,https://music.youtube.com/watch?v=yUAtE4ehbuk
Nights On Broadway,Bee Gees,Bee Gees: 1970 - 1975,https://music.youtube.com/watch?v=ZFgtXtwxULA
Jive Talkin',Bee Gees,Bee Gees: 1970 - 1975,https://music.youtube.com/watch?v=XBw25CrUS-o
Fanny (Be Tender With My Love),Bee Gees,Bee Gees: 1970 - 1975,https://music.youtube.com/watch?v=BckNGeknHG0
Holiday,Bee Gees,Bee Gees: 1967 - 1969,https://music.youtube.com/watch?v=ubwkCTN2pMk
New York Mining Disaster 1941,Bee Gees,Bee Gees: 1967 - 1969,https://music.youtube.com/watch?v=ps-Qq7ucMA0
To Love Somebody,Bee Gees,Bee Gees: 1967 - 1969,https://music.youtube.com/watch?v=KxGR36A3paM
Massachusetts,Bee Gees,Bee Gees: 1967 - 1969,https://music.youtube.com/watch?v=HXZFYbORV_Q
Words,Bee Gees,Bee Gees: 1967 - 1969,https://music.youtube.com/watch?v=6bqv-Osbqdo
I Started A Joke,Bee Gees,Bee Gees: 1967 - 1969,https://music.youtube.com/watch?v=rSDP3-3DX6M
"Words (Live On The Ed Sullivan Show, March 17, 1968)",Bee Gees,"Words (Live On The Ed Sullivan Show, March 17, 1968)",https://music.youtube.com/watch?v=SHkSMwEaPnc
More Than a Woman (SG's Paradise Edit),Bee Gees,More Than a Woman (SG's Paradise Edit),https://music.youtube.com/watch?v=4OQXypvaG_s
And the Sun Will Shine,Bee Gees,More of,https://music.youtube.com/watch?v=FZqmq9W9WXA
Birdie Told Me,Bee Gees,More of,https://music.youtube.com/watch?v=TC6CVX8Htp0
Jumbo,Bee Gees,More of,https://music.youtube.com/watch?v=ftyS9ps-mps
The Singer Sang His Song,Bee Gees,More of,https://music.youtube.com/watch?v=IwH5qUuTs0I
Words,Bee Gees,More of,https://music.youtube.com/watch?v=tG9Tq1yiY6Q
titulo,artistas,album,url
Everybody Everybody (TR 808 Appella),Black Box,Dreamlanders,https://music.youtube.com/watch?v=9iFMIWoBiWM
I Don't Know Anybody Else (Motown Disco Anthem),Black Box,Dreamlanders,https://music.youtube.com/watch?v=gGJXOhDclv0
Open Your Eyes (CR-78 Remix),Black Box,Dreamlanders,https://music.youtube.com/watch?v=yFpsUx_ZNv4
Fantasy (TA 808 Rendition),Black Box,Dreamlanders,https://music.youtube.com/watch?v=CY55qGl7XVU
Dreamland (Ritmo-20 Extended),Black Box,Dreamlanders,https://music.youtube.com/watch?v=wy2eC2aEaMk
Ride on Time (79 Disco Anthem) (feat. Loleatta Holloway),Black Box,Dreamlanders,https://music.youtube.com/watch?v=GKQm3sWSIsw
Hold On (303 Vs 606 Mix),Black Box,Dreamlanders,https://music.youtube.com/watch?v=ebHFXmvpj3U
Ghost Box (808 Toms & Bass) (feat. Rudy Trevisi),Black Box,Dreamlanders,https://music.youtube.com/watch?v=yf8sXJor4uU
Strike It Up (909 Symphonic Mix) (feat. Stepz),Black Box,Dreamlanders,https://music.youtube.com/watch?v=AWtx7kst6FU
Everybody Everybody,Black Box,Dreamlanders,https://music.youtube.com/watch?v=18N2k1TBBRE
I Don't Know Anybody Else,Black Box,Dreamlanders,https://music.youtube.com/watch?v=IKgVzWeZ4qw
Open Your Eyes,Black Box,Dreamlanders,https://music.youtube.com/watch?v=gXDAdPWyj44
Fantasy,Black Box,Dreamlanders,https://music.youtube.com/watch?v=1FziicPt9cs
Dreamland,Black Box,Dreamlanders,https://music.youtube.com/watch?v=XUPyzmJAmmY
Ride on Time,Black Box,Dreamlanders,https://music.youtube.com/watch?v=M0quXl_od3g
Hold On,Black Box,Dreamlanders,https://music.youtube.com/watch?v=gz2J7LSmD84
Ghost Box,Black Box,Dreamlanders,https://music.youtube.com/watch?v=q0rjV13SLf4
Strike It Up,Black Box,Dreamlanders,https://music.youtube.com/watch?v=Xo3kp5BLF6Q
Ride on Time (Epsom Garage Edit) (feat. Loleatta Holloway),Black Box,Superbest,https://music.youtube.com/watch?v=R3aW9kkfvWk
I Don' T Know Anybody Else (Steve Hurley's Revamp),Black Box,Superbest,https://music.youtube.com/watch?v=JzhIhypDrk8
Everybody Everybody (Lelewel Re-Freak Mix),Black Box,Superbest,https://music.youtube.com/watch?v=18N2k1TBBRE
Fantasy (Big Band Revamp),Black Box,Superbest,https://music.youtube.com/watch?v=IvoyRVtR_3Y
Fall into My Love (2018 Remix),Black Box,Superbest,https://music.youtube.com/watch?v=ahlVyiqeY3w
"Native New Yorker (Steve ""Silk"" Hurley Revamp)",Black Box,Superbest,https://music.youtube.com/watch?v=_lx3tKNC27c
I' Ve Got the Vibration (Lelewel Club Edit),Black Box,Superbest,https://music.youtube.com/watch?v=EhXWUXpOrLg
Strike It Up (DJ Lelewel Revamp) (feat. Stepz),Black Box,Superbest,https://music.youtube.com/watch?v=0c8EqewfCxA
Get Down (2018 Edit) (feat. Stepz),Black Box,Superbest,https://music.youtube.com/watch?v=2mWaVF6As5E
Open Your Eyes (Mirko's Edit),Black Box,Superbest,https://music.youtube.com/watch?v=1lWUT9VO7yM
Hold On (The Strong Edit),Black Box,Superbest,https://music.youtube.com/watch?v=oNnjTNAkj3w
Everyone Will Follow (Vs. Blackbox Remix) (feat. Celestine),Black Box,Superbest,https://music.youtube.com/watch?v=cQ2Ez7HHzUo
Everybody Everybody (Vs. Blackbox Remix),Black Box,Superbest,https://music.youtube.com/watch?v=I-UnRioYwRI
I Don't Know Anybody Else (2017 Remix),Black Box,Superbest,https://music.youtube.com/watch?v=dEx1ZFmtJww
Ride on Time (Bass Weazal Re-Tribe) (feat. Loleatta Holloway),Black Box,Superbest,https://music.youtube.com/watch?v=U43yePEumvE
A Positive Vibration (Kamasutra Nu Dub),Black Box,Superbest,https://music.youtube.com/watch?v=HuKPGVATLj8
Not Anyone (Kamasutra Nu Dub),Black Box,Superbest,https://music.youtube.com/watch?v=XwxOFqPEJoM
Rockin' To The Music (album mix),Black Box,Positive Vibration,https://music.youtube.com/watch?v=G3hOY4PQZBM
Not Anyone (album mix),Black Box,Positive Vibration,https://music.youtube.com/watch?v=1rycT9G_gAY
Fall Into My Love (album mix),Black Box,Positive Vibration,https://music.youtube.com/watch?v=R0q2cfPP3HE
Be What You Want (album mix),Black Box,Positive Vibration,https://music.youtube.com/watch?v=dI_gIBP2h90
So Long (album mix),Black Box,Positive Vibration,https://music.youtube.com/watch?v=2hTZEHcJ1FQ
Think It Over (album mix),Black Box,Positive Vibration,https://music.youtube.com/watch?v=W9rIbqAteyU
A Postitive Vibration (album mix),Black Box,Positive Vibration,https://music.youtube.com/watch?v=VbLkXfZc2TQ
The Beat Of Your Heart (album mix),Black Box,Positive Vibration,https://music.youtube.com/watch?v=sjacqChpC5Q
Native New Yorker (album mix),Black Box,Positive Vibration,https://music.youtube.com/watch?v=yyd60wpuRCI
Don't Give In (album mix),Black Box,Positive Vibration,https://music.youtube.com/watch?v=NBwiu3Tz__c
What Is Love (album mix),Black Box,Positive Vibration,https://music.youtube.com/watch?v=sfrW7VFKoZE
So Long (Reprise),Black Box,Positive Vibration,https://music.youtube.com/watch?v=Yu9Xg0bgTGE
Not Anyone (Kamasutra Radio Edit),Black Box,Positive Vibration,https://music.youtube.com/watch?v=-mro2czC7Lk
I've Got The Vibration(radio edit) (radio edit),Black Box,Positive Vibration,https://music.youtube.com/watch?v=zaGhhs0xIDQ
Native New Yorker (Steve Silk Hurley Mix),Black Box,Positive Vibration,https://music.youtube.com/watch?v=_lx3tKNC27c
I’Ve Got the Vibration (Lelewel Freak Mix),Black Box,A Positive Vibration,https://music.youtube.com/watch?v=kOoa2OeMyms
A Positive Vibration (Lelewel Summer Breeze Mix),Black Box,A Positive Vibration,https://music.youtube.com/watch?v=YKSb_ukL8B8
A Positive Vibration (Kamasutra Dub),Black Box,A Positive Vibration,https://music.youtube.com/watch?v=aR0HWz89DQw
A Positive Vibration (Kamasutra Funky Club),Black Box,A Positive Vibration,https://music.youtube.com/watch?v=r-eEdOhko8w
Everybody Everybody,Black Box,Dreamland,https://music.youtube.com/watch?v=18N2k1TBBRE
I Don't Know Anybody Else,Black Box,Dreamland,https://music.youtube.com/watch?v=IKgVzWeZ4qw
Open Your Eyes,Black Box,Dreamland,https://music.youtube.com/watch?v=p8aJRSVvFAE
Fantasy,Black Box,Dreamland,https://music.youtube.com/watch?v=1FziicPt9cs
Dreamland,Black Box,Dreamland,https://music.youtube.com/watch?v=JPwgcZUglxQ
Ride on Time,Black Box,Dreamland,https://music.youtube.com/watch?v=M0quXl_od3g
Hold On,Black Box,Dreamland,https://music.youtube.com/watch?v=4GWS26c6UsA
Ghost Box,Black Box,Dreamland,https://music.youtube.com/watch?v=Cv8PRzY2FOE
Strike It Up,Black Box,Dreamland,https://music.youtube.com/watch?v=Xo3kp5BLF6Q
Top Of The Crowd,Sevek,Top Of The Crowd,https://music.youtube.com/watch?v=kIscSLrWPZY
Top Of The Crowd (Extended Mix),Sevek,Top Of The Crowd (Extended Mix),https://music.youtube.com/watch?v=kIscSLrWPZY
Ride on Time (Gotta Get Up DnB Mix),Black Box,Ride on Time,https://music.youtube.com/watch?v=M04opxhUVy4
Ride on Time (Hot Temptation Jungle Mix),Black Box,Ride on Time,https://music.youtube.com/watch?v=r222Ovi_yhc
Ride On Time (feat. DJ Shorty),Cuban Deejays,Ride On Time (feat. DJ Shorty),https://music.youtube.com/watch?v=2-yZvEwzWEM
Ride On Time (feat. DJ Shorty),Cuban Deejays,Ride On Time (feat. DJ Shorty),https://music.youtube.com/watch?v=2-yZvEwzWEM
New York City Girl (Angel Moraes Radio),Black Box,New York City Girl (Radio Mixes),https://music.youtube.com/watch?v=79VRIRKZgtE
New York City Girl (Bounce Radio),Black Box,New York City Girl (Radio Mixes),https://music.youtube.com/watch?v=r9SmhD_3sNU
New York City Girl (Angel Moraes Edit),Black Box,New York City Girl,https://music.youtube.com/watch?v=5qlmiEkrcLI
New York City Girl (Bounce Mix),Black Box,New York City Girl,https://music.youtube.com/watch?v=DnQP5bQ4tTU
Native New Yorker (Chicco Secci Broadway Mix),Black Box,New York City Girl,https://music.youtube.com/watch?v=hf9e5hFS3cA
I Don't Know Anybody Else (Motown Disco Radio),Black Box,I Don't Know Anybody Else (Motown Disco Radio),https://music.youtube.com/watch?v=gGJXOhDclv0
I Don't Know Anybody Else,Black Box,I Don't Know Anybody Else (Motown Disco Radio),https://music.youtube.com/watch?v=IKgVzWeZ4qw
Fantasy (TA 808 Rendition),Black Box,Fantasy (TA 808 Rendition),https://music.youtube.com/watch?v=CY55qGl7XVU
Fantasy,Black Box,Fantasy (TA 808 Rendition),https://music.youtube.com/watch?v=1FziicPt9cs
Hold On (303 Vs 606 Mix),Black Box,Hold On (303 Vs 606 Mix),https://music.youtube.com/watch?v=ebHFXmvpj3U
Hold On,Black Box,Hold On (303 Vs 606 Mix),https://music.youtube.com/watch?v=5N20zGIKCR4
Everyone Will Follow (Black Presley Radio Long) (feat. Celestine),Black Box,Everyone Will Follow (feat. Celestine),https://music.youtube.com/watch?v=xaSphOsYlzs
Everyone Will Follow (Black Presley Mix) (feat. Celestine),Black Box,Everyone Will Follow (feat. Celestine),https://music.youtube.com/watch?v=xaSphOsYlzs
Everyone Will Follow (Black Box vs. Blackbox Remix) (feat. Celestine),Black Box,Everyone Will Follow (feat. Celestine),https://music.youtube.com/watch?v=P-H7DZzlyc8
Everyone Will Follow (Black Box vs. Blackbox Instrumental) (feat. Celestine),Black Box,Everyone Will Follow (feat. Celestine),https://music.youtube.com/watch?v=g8m_fAxL7ZY
titulo,artistas,album,url
"Get Up, Stand Up",Bob Marley & The Wailers,One Love (Original Motion Picture Soundtrack),https://music.youtube.com/watch?v=IhQEBAl3Gpk
"Roots, Rock, Reggae",Bob Marley & The Wailers,One Love (Original Motion Picture Soundtrack),https://music.youtube.com/watch?v=3MCQwShPzVg
I Shot The Sheriff,Bob Marley & The Wailers,One Love (Original Motion Picture Soundtrack),https://music.youtube.com/watch?v=wHKaNvSQORk
No More Trouble,Bob Marley & The Wailers,One Love (Original Motion Picture Soundtrack),https://music.youtube.com/watch?v=2RQwOy2rgvA
"War/No More Trouble (From ""Bob Marley: One Love"" Soundtrack)",Bob Marley & The Wailers,One Love (Original Motion Picture Soundtrack),https://music.youtube.com/watch?v=_ziAIdc2X9A
"So Jah S'eh (From ""Bob Marley: One Love"" Soundtrack)",Bob Marley & The Wailers,One Love (Original Motion Picture Soundtrack),https://music.youtube.com/watch?v=NkybJsjTBwk
Natural Mystic,Bob Marley & The Wailers,One Love (Original Motion Picture Soundtrack),https://music.youtube.com/watch?v=Gj9holHsi90
Turn Your Lights Down Low,Bob Marley & The Wailers,One Love (Original Motion Picture Soundtrack),https://music.youtube.com/watch?v=tDDn0KPgP40
Exodus,Bob Marley & The Wailers,One Love (Original Motion Picture Soundtrack),https://music.youtube.com/watch?v=OSOqWgqwynQ
Jamming,Bob Marley & The Wailers,One Love (Original Motion Picture Soundtrack),https://music.youtube.com/watch?v=oqVy6eRXc7Q
Concrete Jungle,Bob Marley & The Wailers,One Love (Original Motion Picture Soundtrack),https://music.youtube.com/watch?v=aNzQL3MQDkE
"No Woman, No Cry (Live At The Rainbow Theatre, London / 4th June 1977 / Remastered 2020)",Bob Marley & The Wailers,One Love (Original Motion Picture Soundtrack),https://music.youtube.com/watch?v=mZ6VezKMoRY
Three Little Birds,Bob Marley & The Wailers,One Love (Original Motion Picture Soundtrack),https://music.youtube.com/watch?v=HNBCVM4KbUM
Redemption Song,Bob Marley & The Wailers,One Love (Original Motion Picture Soundtrack),https://music.youtube.com/watch?v=yv5xonFSC4c
One Love / People Get Ready,Bob Marley & The Wailers,One Love (Original Motion Picture Soundtrack),https://music.youtube.com/watch?v=QMbvpftTEUs
Is This Love,Bob Marley & The Wailers,One Love (Original Motion Picture Soundtrack),https://music.youtube.com/watch?v=69RdQFDuYPI
Rastaman Chant,Bob Marley & The Wailers,One Love (Original Motion Picture Soundtrack),https://music.youtube.com/watch?v=gUaQYm-kEk4
Rastaman Chant (Live 1973),Bob Marley & The Wailers,Come Alive Today,https://music.youtube.com/watch?v=jHMT3-wwqoY
Bend Down Low (Live 1973),Bob Marley & The Wailers,Come Alive Today,https://music.youtube.com/watch?v=VNx2q-fXiUU
Slave Driver (Live 1973),Bob Marley & The Wailers,Come Alive Today,https://music.youtube.com/watch?v=yeLJkzo4nAI
You Can't Blame The Youth (Live 1973),Bob Marley & The Wailers,Come Alive Today,https://music.youtube.com/watch?v=Kv8gZfy0sEg
Stop That Train (Live 1973),Bob Marley & The Wailers,Come Alive Today,https://music.youtube.com/watch?v=Ask5BwySsQY
Burnin' & Lootin' (Live 1973),Bob Marley & The Wailers,Come Alive Today,https://music.youtube.com/watch?v=zQ2XEpwbCIc
Kinky Reggae (Live 1973),Bob Marley & The Wailers,Come Alive Today,https://music.youtube.com/watch?v=PQbhZbzu2pQ
"Get Up, Stand Up (Live 1973)",Bob Marley & The Wailers,Come Alive Today,https://music.youtube.com/watch?v=KICyTLlKDbM
Lively Up Yourself (Live 1973),Bob Marley & The Wailers,Come Alive Today,https://music.youtube.com/watch?v=a0asV0nkqm8
Walk The Proud Land (Live 1973),Bob Marley & The Wailers,Come Alive Today,https://music.youtube.com/watch?v=7xRNt6pHbmE
Riding High,Bob Marley & The Wailers,Riding High,https://music.youtube.com/watch?v=rHA0rRWgwKM
Hammer,Bob Marley & The Wailers,Riding High,https://music.youtube.com/watch?v=Kp64DCO777o
African Herbsman,Bob Marley & The Wailers,Riding High,https://music.youtube.com/watch?v=Wo5I7RloThU
Don't Rock My Boat (Satisfy My Soul),Bob Marley & The Wailers,Riding High,https://music.youtube.com/watch?v=NA65fl-3nQk
400 Years,Bob Marley & The Wailers,Riding High,https://music.youtube.com/watch?v=gCD6AG2yi5A
Sugar Sugar,Bob Marley & The Wailers,Riding High,https://music.youtube.com/watch?v=T493DCNMWdQ
Soul Shakedown Party,Bob Marley & The Wailers,Riding High,https://music.youtube.com/watch?v=Dw95k2YKuRY
Mr. Chatterbox,Bob Marley & The Wailers,Riding High,https://music.youtube.com/watch?v=PaA_En8uQJI
Concrete Jungle,Bob Marley & The Wailers,Catch A Fire (50th Anniversary),https://music.youtube.com/watch?v=aNzQL3MQDkE
Slave Driver,Bob Marley & The Wailers,Catch A Fire (50th Anniversary),https://music.youtube.com/watch?v=f470knkUgEU
400 Years,Bob Marley & The Wailers,Catch A Fire (50th Anniversary),https://music.youtube.com/watch?v=sRnXzP6Gb1Y
Stop That Train,Bob Marley & The Wailers,Catch A Fire (50th Anniversary),https://music.youtube.com/watch?v=Jp_HijVrpX0
Baby We've Got A Date (Rock It Baby),Bob Marley & The Wailers,Catch A Fire (50th Anniversary),https://music.youtube.com/watch?v=odxsINMGu6s
Stir It Up,Bob Marley & The Wailers,Catch A Fire (50th Anniversary),https://music.youtube.com/watch?v=e5O0m902fCI
Kinky Reggae,Bob Marley & The Wailers,Catch A Fire (50th Anniversary),https://music.youtube.com/watch?v=oaiVOPmilbY
No More Trouble,Bob Marley & The Wailers,Catch A Fire (50th Anniversary),https://music.youtube.com/watch?v=2RQwOy2rgvA
Midnight Ravers,Bob Marley & The Wailers,Catch A Fire (50th Anniversary),https://music.youtube.com/watch?v=0Ev_cSkMV5M
Slave Driver (Jamaican Extended Version / 2023),Bob Marley & The Wailers,Catch A Fire (50th Anniversary),https://music.youtube.com/watch?v=f470knkUgEU
400 Years (Jamaican Extended Version / 2023),Bob Marley & The Wailers,Catch A Fire (50th Anniversary),https://music.youtube.com/watch?v=aAA_UCt3iEs
High Tide Or Low Tide (Jamaican Alternate Version / 2023),Bob Marley & The Wailers,Catch A Fire (50th Anniversary),https://music.youtube.com/watch?v=bzo45YTshyQ
Stir It Up (Jamaican Alternate Version / Take 1 / 2023),Bob Marley & The Wailers,Catch A Fire (50th Anniversary),https://music.youtube.com/watch?v=V-XMlx1VnYM
No More Trouble (Jamaican Extended Instrumental / 2023),Bob Marley & The Wailers,Catch A Fire (50th Anniversary),https://music.youtube.com/watch?v=-JRod_k8Dco
Stir It Up (Jamaican Extra Organ Version),Bob Marley & The Wailers,Catch A Fire (50th Anniversary),https://music.youtube.com/watch?v=syWtcLzfUmk
No More Trouble (Jamaican Extended Version / 2023),Bob Marley & The Wailers,Catch A Fire (50th Anniversary),https://music.youtube.com/watch?v=_39lK5eQ5Xk
Stop That Train (Working Mono Version),Bob Marley & The Wailers,Catch A Fire (50th Anniversary),https://music.youtube.com/watch?v=aH0Ap8QFTZs
"Slave Driver (Live At The Sundown Theatre, Edmonton, UK / May 1973)",Bob Marley & The Wailers,Catch A Fire (50th Anniversary),https://music.youtube.com/watch?v=fdVW38PAaYo
"Get Up, Stand Up (Live At The Sundown Theatre, Edmonton, UK / May 1973)",Bob Marley & The Wailers,Catch A Fire (50th Anniversary),https://music.youtube.com/watch?v=rG-n-DajFKg
"Stop That Train (Live At The Sundown Theatre, Edmonton, UK / May 1973)",Bob Marley & The Wailers,Catch A Fire (50th Anniversary),https://music.youtube.com/watch?v=RZQTLRnN4z4
So Much Trouble In The World (feat. Nutty O & Winky D),Bob Marley & The Wailers,Africa Unite,https://music.youtube.com/watch?v=RcosRvbQi04
Them Belly Full (But We Hungry) (feat. Rema & Skip Marley),Bob Marley & The Wailers,Africa Unite,https://music.youtube.com/watch?v=3PyUu9LfSL0
Redemption Song (feat. Ami Faku),Bob Marley & The Wailers,Africa Unite,https://music.youtube.com/watch?v=Xm3anqTcVOc
Waiting In Vain (feat. Tiwa Savage),Bob Marley & The Wailers,Africa Unite,https://music.youtube.com/watch?v=e95UDDRP4mc
Turn Your Lights Down Low (feat. Afro B),Bob Marley & The Wailers,Africa Unite,https://music.youtube.com/watch?v=WigHzQ646FY
Three Little Birds (feat. Teni & Oxlade),Bob Marley & The Wailers,Africa Unite,https://music.youtube.com/watch?v=Fa-DJMVTFAg
Buffalo Soldier (feat. Stonebwoy),Bob Marley & The Wailers,Africa Unite,https://music.youtube.com/watch?v=c20oJi9uQhQ
Stir It Up (feat. Sarkodie),Bob Marley & The Wailers,Africa Unite,https://music.youtube.com/watch?v=53TPiSGhU4E
Jamming (feat. Ayra Starr),Bob Marley & The Wailers,Africa Unite,https://music.youtube.com/watch?v=vmRt391nXE8
One Love (feat. Patoranking),Bob Marley & The Wailers,Africa Unite,https://music.youtube.com/watch?v=IN0KkGeEURw
Stir It Up (Live),Bob Marley & The Wailers,Stir It Up,https://music.youtube.com/watch?v=K9ebAZhSb1Q
You Can't Fool Me Again,Peter Tosh,Stir It Up,https://music.youtube.com/watch?v=7NktyFz2cZA
Sound Clash,Bunny Wailer,Stir It Up,https://music.youtube.com/watch?v=Cqokq5xKx8Q
Secret,Marcia Griffiths,Stir It Up,https://music.youtube.com/watch?v=l-_ybLYJRdU
Stop That Train,Bob Marley,Stir It Up,https://music.youtube.com/watch?v=mWXHOQavFt0
All In One,Bob Marley,Stir It Up,https://music.youtube.com/watch?v=nuBw3Up9cec
I Just Don't Want To Be Lonely,Marcia Griffiths,Stir It Up,https://music.youtube.com/watch?v=u2z0T_bKuAs
Maga Dog,Peter Tosh,Stir It Up,https://music.youtube.com/watch?v=nXd985v5a_8
Soul Captives,Bob Marley,Stir It Up,https://music.youtube.com/watch?v=8Al-1p75648
The First Time Ever Saw You,Marcia Griffiths,Stir It Up,https://music.youtube.com/watch?v=Go-T5c4hYcQ
Stand Alone,Bob Marley,Stand Alone,https://music.youtube.com/watch?v=dIIZEfCfjSo
Duppy Conqueror,Bob Marley,Stand Alone,https://music.youtube.com/watch?v=_mgmxZNH1EI
400 Years,Bob Marley,Stand Alone,https://music.youtube.com/watch?v=gCD6AG2yi5A
My Cup,Bob Marley,Stand Alone,https://music.youtube.com/watch?v=wqGvc_XUMqE
Trench Town Rock,Bob Marley,Stand Alone,https://music.youtube.com/watch?v=ocYp5_aIL4s
Lively Up Yourself,Bob Marley,Stand Alone,https://music.youtube.com/watch?v=D9xcJ_MVuKg
Mr. Brown,Bob Marley,Stand Alone,https://music.youtube.com/watch?v=5OVDq_WCfGw
Go Tell It One The Mountain,Bob Marley,Stand Alone,https://music.youtube.com/watch?v=TJiLGbutYLE
Soul Shakedown Party,Bob Marley,Stand Alone,https://music.youtube.com/watch?v=Dw95k2YKuRY
Kinky Reggae (Live),Bob Marley & The Wailers,Kinky Reggae,https://music.youtube.com/watch?v=LyyTryr7oag
Lively Up Yourself,Bob Marley & The Wailers,Kinky Reggae,https://music.youtube.com/watch?v=wHp7As3Lsa0
Walk The Proud Land (Live),Bob Marley & The Wailers,Kinky Reggae,https://music.youtube.com/watch?v=7xRNt6pHbmE
400 Years (Live),Bob Marley & The Wailers,Kinky Reggae,https://music.youtube.com/watch?v=lLvePrLwXl0
Burnin' and Lootin' (Live),Bob Marley & The Wailers,Kinky Reggae,https://music.youtube.com/watch?v=zQ2XEpwbCIc
Get Up Stand Up (Live),Bob Marley & The Wailers,Kinky Reggae,https://music.youtube.com/watch?v=v8VP4b6Hkuw
Rastaman Chant (Live),Bob Marley & The Wailers,Kinky Reggae,https://music.youtube.com/watch?v=jHMT3-wwqoY
Bend Down Low (Live),Bob Marley & The Wailers,Kinky Reggae,https://music.youtube.com/watch?v=rtTqWxXeUxc
Stir It Up (Live),Bob Marley & The Wailers,Kinky Reggae,https://music.youtube.com/watch?v=01vJT_m6M3w
Stir It Up (Live),Bob Marley & The Wailers,Stir It Up,https://music.youtube.com/watch?v=qcZZDdL2TC8
Kinky Reggae (Live),Bob Marley & The Wailers,Stir It Up,https://music.youtube.com/watch?v=0GDb-sZh8mg
Walk The Proud Land (Live),Bob Marley & The Wailers,Stir It Up,https://music.youtube.com/watch?v=7xRNt6pHbmE
400 Years (Live),Bob Marley & The Wailers,Stir It Up,https://music.youtube.com/watch?v=FtF3L-X2FCY
You Can't Blame The Youth (Live),Bob Marley & The Wailers,Stir It Up,https://music.youtube.com/watch?v=Kv8gZfy0sEg
Burnin' and Lootin' (Live),Bob Marley & The Wailers,Stir It Up,https://music.youtube.com/watch?v=zQ2XEpwbCIc
Bend Down Low (Live),Bob Marley & The Wailers,Stir It Up,https://music.youtube.com/watch?v=vZqp6lRvrxY
Stop That Train (Live),Bob Marley & The Wailers,Stir It Up,https://music.youtube.com/watch?v=xXoXp5GFsx0
All In One,Bob Marley,Reggae Mix: Bob Marley & Jimmy Cliff,https://music.youtube.com/watch?v=FfyB7ujY5FA
Be Ready,Jimmy Cliff,Reggae Mix: Bob Marley & Jimmy Cliff,https://music.youtube.com/watch?v=zHzPT3GVliA
Soul Shakedown Party,Bob Marley,Reggae Mix: Bob Marley & Jimmy Cliff,https://music.youtube.com/watch?v=Dw95k2YKuRY
Stepping out of Limbo,Jimmy Cliff,Reggae Mix: Bob Marley & Jimmy Cliff,https://music.youtube.com/watch?v=ZKe7x0jVmBc
Soul Rebel,Bob Marley,Reggae Mix: Bob Marley & Jimmy Cliff,https://music.youtube.com/watch?v=NLESSCCexBg
Many Rivers To Cross,Jimmy Cliff,Reggae Mix: Bob Marley & Jimmy Cliff,https://music.youtube.com/watch?v=Uocy4bmsdyE
You Can't Do That To Me,Bob Marley,Reggae Mix: Bob Marley & Jimmy Cliff,https://music.youtube.com/watch?v=BdTr7Rz5ZoQ
Lively Up Yourself,Bob Marley,Reggae Mix: Bob Marley & Jimmy Cliff,https://music.youtube.com/watch?v=D9xcJ_MVuKg
Trench Town Rock,Bob Marley,Reggae Mix: Bob Marley & Jimmy Cliff,https://music.youtube.com/watch?v=ocYp5_aIL4s
True Story,Jimmy Cliff,Reggae Mix: Bob Marley & Jimmy Cliff,https://music.youtube.com/watch?v=t5fo_Y3xDEk
Mr. Brown,Bob Marley,Reggae Mix: Bob Marley & Jimmy Cliff,https://music.youtube.com/watch?v=5OVDq_WCfGw
I'm a Winner,Jimmy Cliff,Reggae Mix: Bob Marley & Jimmy Cliff,https://music.youtube.com/watch?v=Acx-w8RVeWw
Could You Be Loved (with LP Giobbi),Bob Marley,Could You Be Loved (with LP Giobbi),https://music.youtube.com/watch?v=yJppvzPWk24
Kaya,A-Clark,Kaya,https://music.youtube.com/watch?v=btEL-A5jHWM
Lively Up Yourself,S.O.T.N.,Lively Up Yourself,https://music.youtube.com/watch?v=-sRiUzaL-mI
One Love (People Get Ready),JoFes SkillzMen,One Love (People Get Ready),https://music.youtube.com/watch?v=lZlVm0-HoOM
Rastafari I'm Living Town,JoFes SkillzMen,Rastafari I'm Living Town,https://music.youtube.com/watch?v=UzwZ7V9K_18
The Sun Is Shining,Stefy De Cicco,The Sun Is Shining,https://music.youtube.com/watch?v=tLRftUYzCr0
Jamming (FISHER Rework),Bob Marley & The Wailers,Jamming (FISHER Rework),https://music.youtube.com/watch?v=JDHyL8hO2sk
Mr. Chatterbox (Extended Mix),Bob Marley & The Wailers,Mr. Chatterbox (Extended Mix),https://music.youtube.com/watch?v=OcsX3L0BFjQ
Mr. Chatterbox (Instrumental Version),Bob Marley & The Wailers,Mr. Chatterbox (Extended Mix),https://music.youtube.com/watch?v=b6s1j9S5J3s
Selassie is the Chapel,Bob Marley & The Wailers,Selassie is the Chapel,https://music.youtube.com/watch?v=RdJLuMZafqQ
"Get Up, Stand Up (Live At The Sundown Theatre, Edmonton, UK / May 1973)",Bob Marley & The Wailers,Catch A Fire (50th Anniversary),https://music.youtube.com/watch?v=rG-n-DajFKg
"Slave Driver (Live At The Sundown Theatre, Edmonton, UK / May 1973)",Bob Marley & The Wailers,Catch A Fire (50th Anniversary),https://music.youtube.com/watch?v=fdVW38PAaYo
titulo,artistas,album,url
Barbra Streisand - Boney M. Mega Mashup-Mix (128 BPM),"Boney M., La Bouche, No Mercy, and Chicken Soup",Barbra Streisand - Boney M. Goes Club,https://music.youtube.com/watch?v=8AvgQcCF6-s
"Boney M. Mega Mashup-Mix-Medley vs. No Mercy, Eruption, La Bouche (123 BPM)",Boney M.,Barbra Streisand - Boney M. Goes Club,https://music.youtube.com/watch?v=M_bqiOBoOAg
Ma Baker (Club Mix),Boney M.,Barbra Streisand - Boney M. Goes Club,https://music.youtube.com/watch?v=D_9WdSVssLE
Daddy Cool (Club Mix),Boney M.,Barbra Streisand - Boney M. Goes Club,https://music.youtube.com/watch?v=qbHe0U64uo8
Sunny (Club Mix),Boney M.,Barbra Streisand - Boney M. Goes Club,https://music.youtube.com/watch?v=LnM6Hz13E9w
Rivers Of Babylon (ZDF Die schönsten Melodien der Welt 23.04.1981) (Club Mix),Boney M.,Barbra Streisand - Boney M. Goes Club,https://music.youtube.com/watch?v=l3QxT-w3WMo
Gotta Go Home (Club Mix),Boney M.,Barbra Streisand - Boney M. Goes Club,https://music.youtube.com/watch?v=hBP9txbREWI
Rasputin (Club Mix),Boney M.,Barbra Streisand - Boney M. Goes Club,https://music.youtube.com/watch?v=16y1AkoZkmQ
Happy Song (Club Mix),Boney M.,Barbra Streisand - Boney M. Goes Club,https://music.youtube.com/watch?v=jtg4t5w71bE
Barbra Streisand vs. Marilyn Monroe (Club Mix),Boney M.,Barbra Streisand - Boney M. Goes Club,https://music.youtube.com/watch?v=lVVhS1CzgX4
Who The F**k Is WikiLeaks,Boney M. & Chicken Soup,Barbra Streisand - Boney M. Goes Club,https://music.youtube.com/watch?v=F757fKtZGR0
Be Bop A Lula (House Mix / Radio Edit),ZZ Queen vs. Boney M.,Barbra Streisand - Boney M. Goes Club,https://music.youtube.com/watch?v=Ug7Z3b966r4
Daddy Cool,Boney M.,Boney M.,https://music.youtube.com/watch?v=FYGTT7YhywA
Sunny,Boney M.,Boney M.,https://music.youtube.com/watch?v=hutlaauYa2c
No Woman No Cry,Boney M.,Boney M.,https://music.youtube.com/watch?v=2nUQPhq8-Co
Rivers of Babylon (Single Version),Boney M.,Boney M.,https://music.youtube.com/watch?v=l3QxT-w3WMo
I Feel Good,Boney M.,Boney M.,https://music.youtube.com/watch?v=XXyTUnyAGRQ
Bahama Mama,Boney M.,Boney M.,https://music.youtube.com/watch?v=y_J3OYH-AAo
Belfast,Boney M.,Boney M.,https://music.youtube.com/watch?v=LQivCtW0Juo
El Lute,Boney M.,Boney M.,https://music.youtube.com/watch?v=_FoVCBMkUw0
Rasputin (Single Version),Boney M.,Boney M.,https://music.youtube.com/watch?v=16y1AkoZkmQ
Ma Baker (Radio Edit),Boney M.,Boney M.,https://music.youtube.com/watch?v=9c5yPIQ3LQI
Love For Sale,Boney M.,Boney M.,https://music.youtube.com/watch?v=KsfF7oryQ7U
Motherless Child,Boney M.,Boney M.,https://music.youtube.com/watch?v=wwOn64PJB6U
Fever,Boney M.,Boney M.,https://music.youtube.com/watch?v=52HBDH5fYuM
"Hold On, I'm Coming (feat. Precious Wilson)",Boney M.,Boney M.,https://music.youtube.com/watch?v=Xe2NW83BfCw
Have You Ever Seen the Rain,Boney M.,Boney M.,https://music.youtube.com/watch?v=vYkU6czfm6A
Mary's Boy Child,Boney M.,Boney M.,https://music.youtube.com/watch?v=T7H1_Y_Jgpo
Kalimba de Luna,Boney M.,Boney M.,https://music.youtube.com/watch?v=rhPfkpCjXIQ
Happy Song,Boney M.,Boney M.,https://music.youtube.com/watch?v=n5GX5VjeMng
Hooray! Hooray!,Boney M.,Boney M.,https://music.youtube.com/watch?v=ModISbNyQ8I
Children Of Paradise,Boney M.,Boney M.,https://music.youtube.com/watch?v=td_iJTmBeGw
Felicidad,Boney M.,Boney M.,https://music.youtube.com/watch?v=LG-2e38w9Ks
Brown Girl in the Ring,Boney M.,Boney M.,https://music.youtube.com/watch?v=8New2wKtATo
Malaika,Boney M.,Boney M.,https://music.youtube.com/watch?v=_0l6id3D7dM
Gotta Go Home,Boney M.,Boney M.,https://music.youtube.com/watch?v=hBP9txbREWI
My Cherie Amour,Boney M.,Boney M.,https://music.youtube.com/watch?v=xHB_C7gEpjA
Bang Bang Lulu,Boney M.,Boney M.,https://music.youtube.com/watch?v=qCJDsImd5bE
Barbarella Fortuneteller,Boney M.,Boney M.,https://music.youtube.com/watch?v=bREwmomTBVQ
Painter Man,Boney M.,Boney M.,https://music.youtube.com/watch?v=xOVBMxnegwQ
"The Calendar Song (January, February, March)",Boney M.,Boney M.,https://music.youtube.com/watch?v=FGgJRV03YR4
Take The Heat Off Me,Boney M.,Boney M.,https://music.youtube.com/watch?v=IxJLiFz-la4
I'm Born Again,Boney M.,Boney M.,https://music.youtube.com/watch?v=7jHSg44mwhc
Little Drummer Boy,Boney M.,Boney M.,https://music.youtube.com/watch?v=jwo6cP97-hU
"Young, Free and Single (7"" Version)",Boney M.,Eye Dance,https://music.youtube.com/watch?v=5Y0pEeCWSGg
Todos Buenos,Boney M.,Eye Dance,https://music.youtube.com/watch?v=mRL1C-Yhszo
Give It Up,Boney M.,Eye Dance,https://music.youtube.com/watch?v=Q432tucbgec
Sample City,Boney M.,Eye Dance,https://music.youtube.com/watch?v=bgKSDUxt5hg
My Chérie Amour,Boney M.,Eye Dance,https://music.youtube.com/watch?v=xHB_C7gEpjA
Eye Dance,Boney M.,Eye Dance,https://music.youtube.com/watch?v=m30RDeNmVL8
Got Cha Loco,Boney M.,Eye Dance,https://music.youtube.com/watch?v=n1Qr238UvYM
Dreadlock Holiday,Boney M.,Eye Dance,https://music.youtube.com/watch?v=zbLnB4tZySE
Chica Da Silva (Edit),Boney M.,Eye Dance,https://music.youtube.com/watch?v=4O6ezjcvZlA
Bang Bang Lulu,Boney M.,Eye Dance,https://music.youtube.com/watch?v=RlEIU933iiw
Mother & Child Reunion,Frank Farian Corporation,Eye Dance,https://music.youtube.com/watch?v=mfSuz94Rcu4
I'm Alive,Frank Farian Corporation,Eye Dance,https://music.youtube.com/watch?v=WQCLfe5t7B8
Exodus (Noah's Ark 2001),Boney M.,Ten Thousand Lightyears,https://music.youtube.com/watch?v=6uCxWxEwp6k
Wild Planet,Boney M.,Ten Thousand Lightyears,https://music.youtube.com/watch?v=WzsuQ9i5mjg
Future World,Boney M.,Ten Thousand Lightyears,https://music.youtube.com/watch?v=lqlpDKgrt-8
Where Did You Go,Boney M.,Ten Thousand Lightyears,https://music.youtube.com/watch?v=Yk0Lzyt7-a0
10.000 Lightyears,Boney M.,Ten Thousand Lightyears,https://music.youtube.com/watch?v=l9fj6uO4l0c
I Feel Good,Boney M.,Ten Thousand Lightyears,https://music.youtube.com/watch?v=Oqn9MyS3b40
Somewhere in the World,Boney M.,Ten Thousand Lightyears,https://music.youtube.com/watch?v=bhDMOR1R_cE
Bel Ami,Boney M.,Ten Thousand Lightyears,https://music.youtube.com/watch?v=kVuPXM_amIM
Living Like a Moviestar,Boney M.,Ten Thousand Lightyears,https://music.youtube.com/watch?v=pu6uES9yCWM
Dizzy,Boney M.,Ten Thousand Lightyears,https://music.youtube.com/watch?v=T8vogUJkQ68
The Alibama,Boney M.,Ten Thousand Lightyears,https://music.youtube.com/watch?v=5NieyxzNdEQ
Jimmy,Boney M.,Ten Thousand Lightyears,https://music.youtube.com/watch?v=yto9ygourUo
Barbarella Fortuneteller,Boney M.,Ten Thousand Lightyears,https://music.youtube.com/watch?v=vwtZo-enpIU
The Carnival Is Over (Goodbye True Lover) (Original Single Version),Boney M.,Ten Thousand Lightyears,https://music.youtube.com/watch?v=HaRJugFSB7s
(I Need A) Babysitter (New Mix 2007),Boney M.,Ten Thousand Lightyears,https://music.youtube.com/watch?v=4KxrPqcY0H0
Boonoonoonoos,Boney M.,Boonoonoonoos,https://music.youtube.com/watch?v=32_vkz1TO2E
That's Boonoonoonoos / Train to Skaville / I Shall Sing,Boney M.,Boonoonoonoos,https://music.youtube.com/watch?v=yJy70alcFMI
Silly Confusion,Boney M.,Boonoonoonoos,https://music.youtube.com/watch?v=zxGCzcYLcHY
Ride to Agadir,Boney M.,Boonoonoonoos,https://music.youtube.com/watch?v=ZBxcAw69o2A
Jimmy,Boney M.,Boonoonoonoos,https://music.youtube.com/watch?v=2ExRGGceMVQ
African Moon,Boney M.,Boonoonoonoos,https://music.youtube.com/watch?v=KPVjz-xv1lo
We Kill the World (Don't Kill the World),Boney M.,Boonoonoonoos,https://music.youtube.com/watch?v=621D2Vw11xg
Homeland Africa (Ship Ahoi),Boney M.,Boonoonoonoos,https://music.youtube.com/watch?v=0ysgimRA_s8
Malaika,Boney M.,Boonoonoonoos,https://music.youtube.com/watch?v=_0l6id3D7dM
Consuela Biaz,Boney M.,Boonoonoonoos,https://music.youtube.com/watch?v=32UpxjCzQ24
Breakaway,Boney M.,Boonoonoonoos,https://music.youtube.com/watch?v=nCgdIzuJc5c
Sad Movies,Boney M.,Boonoonoonoos,https://music.youtube.com/watch?v=guCvYQrIraU
Goodbye My Friend,Boney M.,Boonoonoonoos,https://music.youtube.com/watch?v=6GnadtZmIOA
Let It All Be Music,Boney M.,Oceans Of Fantasy,https://music.youtube.com/watch?v=YslxI2ezqoY
Gotta Go Home,Boney M.,Oceans Of Fantasy,https://music.youtube.com/watch?v=hBP9txbREWI
Bye Bye Bluebird,Boney M.,Oceans Of Fantasy,https://music.youtube.com/watch?v=ph2BcdWXRBs
Bahama Mama,Boney M.,Oceans Of Fantasy,https://music.youtube.com/watch?v=y_J3OYH-AAo
Hold on I'm Coming (feat. Precious Wilson),Boney M.,Oceans Of Fantasy,https://music.youtube.com/watch?v=v7oH_Dbcm_E
Two of Us,Boney M.,Oceans Of Fantasy,https://music.youtube.com/watch?v=F_UQHTXz30Q
Ribbons of Blue,Boney M.,Oceans Of Fantasy,https://music.youtube.com/watch?v=REq_CFm_SQ4
Oceans of Fantasy,Boney M.,Oceans Of Fantasy,https://music.youtube.com/watch?v=3Q7TsFQ3WkM
El Lute,Boney M.,Oceans Of Fantasy,https://music.youtube.com/watch?v=_FoVCBMkUw0
No More Chain Gang,Boney M.,Oceans Of Fantasy,https://music.youtube.com/watch?v=Qwar-L3-AyM
I'm Born Again,Boney M.,Oceans Of Fantasy,https://music.youtube.com/watch?v=7jHSg44mwhc
No Time to Lose,Boney M.,Oceans Of Fantasy,https://music.youtube.com/watch?v=jo3hY4RqIyc
"Calendar Song (January, February, March...)",Boney M.,Oceans Of Fantasy,https://music.youtube.com/watch?v=P4EekhdlbZ4
"I See a Boat on the River (7"" Version)",Boney M.,Oceans Of Fantasy,https://music.youtube.com/watch?v=7ComQhwh4ls
"My Friend Jack (7"" Version)",Boney M.,Oceans Of Fantasy,https://music.youtube.com/watch?v=K8gVS_IyclE
Nightflight to Venus,Boney M.,Nightflight to Venus,https://music.youtube.com/watch?v=L2WOfgXINcs
Rasputin,Boney M.,Nightflight to Venus,https://music.youtube.com/watch?v=16y1AkoZkmQ
Painter Man,Boney M.,Nightflight to Venus,https://music.youtube.com/watch?v=xOVBMxnegwQ
He Was a Steppenwolf,Boney M.,Nightflight to Venus,https://music.youtube.com/watch?v=bJTaSjcS7CI
King of the Road,Boney M.,Nightflight to Venus,https://music.youtube.com/watch?v=pq59-bqW3MY
Rivers of Babylon,Boney M.,Nightflight to Venus,https://music.youtube.com/watch?v=l3QxT-w3WMo
Voodoonight,Boney M.,Nightflight to Venus,https://music.youtube.com/watch?v=lMAAqjMl4-Q
Brown Girl in the Ring,Boney M.,Nightflight to Venus,https://music.youtube.com/watch?v=15nMlfogITw
Never Change Lovers in the Middle of the Night,Boney M.,Nightflight to Venus,https://music.youtube.com/watch?v=d3xwkYjLtso
Heart of Gold,Boney M.,Nightflight to Venus,https://music.youtube.com/watch?v=JrylQNApLmY
"Mary's Boy Child / Oh My Lord (7"" Version)",Boney M.,Nightflight to Venus,https://music.youtube.com/watch?v=T7H1_Y_Jgpo
"Dancing in the Streets (7"" Version)",Boney M.,Nightflight to Venus,https://music.youtube.com/watch?v=QdIRYcCCbnM
Ma Baker (ZDF Starparade 02.06.1977),Boney M.,Love For Sale,https://music.youtube.com/watch?v=9c5yPIQ3LQI
Love For Sale,Boney M.,Love For Sale,https://music.youtube.com/watch?v=oyy3LE-f_6s
Belfast,Boney M.,Love For Sale,https://music.youtube.com/watch?v=LQivCtW0Juo
Have You Ever Seen the Rain,Boney M.,Love For Sale,https://music.youtube.com/watch?v=5945e0EsNaA
"Gloria, Can You Waddle",Boney M.,Love For Sale,https://music.youtube.com/watch?v=wHcZQ-SeYRg
Plantation Boy,Boney M.,Love For Sale,https://music.youtube.com/watch?v=FFKwvzQxsYE
Motherless Child,Boney M.,Love For Sale,https://music.youtube.com/watch?v=uqHTTogjBew
Silent Lover,Boney M.,Love For Sale,https://music.youtube.com/watch?v=oDH4TUehRQg
A Woman Can Change a Man,Boney M.,Love For Sale,https://music.youtube.com/watch?v=0BWLJr5baLs
Still I'm Sad,Boney M.,Love For Sale,https://music.youtube.com/watch?v=GieThbwtt1U
Daddy Cool,Boney M.,Take The Heat Off Me,https://music.youtube.com/watch?v=FYGTT7YhywA
Take the Heat off Me,Boney M.,Take The Heat Off Me,https://music.youtube.com/watch?v=lEpLZd9HkeM
Sunny,Boney M.,Take The Heat Off Me,https://music.youtube.com/watch?v=hutlaauYa2c
Baby Do You Wanna Bump,Boney M.,Take The Heat Off Me,https://music.youtube.com/watch?v=JooTnKvr36Q
No Woman No Cry,Boney M.,Take The Heat Off Me,https://music.youtube.com/watch?v=2nUQPhq8-Co
Fever,Boney M.,Take The Heat Off Me,https://music.youtube.com/watch?v=FmP6t-5pFzM
Got a Man on My Mind,Boney M.,Take The Heat Off Me,https://music.youtube.com/watch?v=f8KQdxAmQXM
Lovin' or Leavin',Boney M.,Take The Heat Off Me,https://music.youtube.com/watch?v=zNtB_d9U1uU
New York City,Boney M.,Take The Heat Off Me,https://music.youtube.com/watch?v=VaKyDCZkX0U
Perfect,Liz Mitchell,Take The Heat Off Me,https://music.youtube.com/watch?v=BNU7I-vYkuo
Rivers of Babylon (Live),Boney M,Boney M (Live in Concert),https://music.youtube.com/watch?v=l3QxT-w3WMo
Daddy Cool (Live),Boney M,Boney M (Live in Concert),https://music.youtube.com/watch?v=FYGTT7YhywA
Ma Baker (Live),Boney M,Boney M (Live in Concert),https://music.youtube.com/watch?v=9c5yPIQ3LQI
Brown Girl in the Ring (Live),Boney M,Boney M (Live in Concert),https://music.youtube.com/watch?v=15nMlfogITw
Sunny (Live),Boney M,Boney M (Live in Concert),https://music.youtube.com/watch?v=hutlaauYa2c
"Hooray, Hooray, It's a Holi-Holiday (Live)",Boney M,Boney M (Live in Concert),https://music.youtube.com/watch?v=ModISbNyQ8I
Dancing in the Street (Live),Boney M,Boney M (Live in Concert),https://music.youtube.com/watch?v=QdIRYcCCbnM
Belfast (Live),Boney M,Boney M (Live in Concert),https://music.youtube.com/watch?v=LQivCtW0Juo
El Lute (Live),Boney M,Boney M (Live in Concert),https://music.youtube.com/watch?v=VZHr4-7Qko0
Rasputin (Live),Boney M,Boney M (Live in Concert),https://music.youtube.com/watch?v=16y1AkoZkmQ
Gotta Go Home (Live),Boney M,Boney M (Live in Concert),https://music.youtube.com/watch?v=hBP9txbREWI
Sunny,Boney M.,Sunny,https://music.youtube.com/watch?v=yVe2SUM9NaI
Sunny (feat. Connor Price),Boney M.,Sunny (feat. Connor Price),https://music.youtube.com/watch?v=hutlaauYa2c
Ma Baker,Gerry Read,Ma Baker,https://music.youtube.com/watch?v=s1SaaA8TvJo
Baby Do You Wanna Bump (Extended Mix),Steven Sugar Harding,Baby Do You Wanna Bump (Extended Mix),https://music.youtube.com/watch?v=EjjwjPHQLCM
Baby Do You Wanna Bump,Steven Sugar Harding,Baby Do You Wanna Bump,https://music.youtube.com/watch?v=EjjwjPHQLCM
Daddy Cool (Club VIP Mix),LIZOT,Daddy Cool (Club VIP Mix),https://music.youtube.com/watch?v=FPckMMKygZM
Daddy Cool (Extended Club VIP Mix),LIZOT,Daddy Cool (Club VIP Mix),https://music.youtube.com/watch?v=dSMW1zLj5CA
Daddy Cool,LIZOT,Daddy Cool (Club VIP Mix),https://music.youtube.com/watch?v=MRk6KPLOBKE
Daddy Cool (Extended Mix),LIZOT,Daddy Cool (Club VIP Mix),https://music.youtube.com/watch?v=MRk6KPLOBKE
Daddy Cool,LIZOT,Daddy Cool,https://music.youtube.com/watch?v=MRk6KPLOBKE
Sunny (Instrumental),Boney M.,Sunny (Instrumental),https://music.youtube.com/watch?v=ecDRl3DvyA4
Rasputin,Majestic,Rasputin,https://music.youtube.com/watch?v=cZwYpAh3bXQ
Rasputin (Instrumental),Boney M.,Rasputin (Instrumental),https://music.youtube.com/watch?v=tLHHGRvQMwY
titulo,artistas,album,url
Let It Rock,Bon Jovi,Slippery When Wet (Deluxe Edition),https://music.youtube.com/watch?v=ntWAP4WXw_s
You Give Love A Bad Name,Bon Jovi,Slippery When Wet (Deluxe Edition),https://music.youtube.com/watch?v=KrZHPOeOxQQ
Livin' On A Prayer,Bon Jovi,Slippery When Wet (Deluxe Edition),https://music.youtube.com/watch?v=lDK9QqIzhwk
Social Disease,Bon Jovi,Slippery When Wet (Deluxe Edition),https://music.youtube.com/watch?v=rlTWYZpTYxw
Wanted Dead Or Alive,Bon Jovi,Slippery When Wet (Deluxe Edition),https://music.youtube.com/watch?v=SRvCvsRp5ho
Raise Your Hands,Bon Jovi,Slippery When Wet (Deluxe Edition),https://music.youtube.com/watch?v=QhAREJBN2wg
Without Love,Bon Jovi,Slippery When Wet (Deluxe Edition),https://music.youtube.com/watch?v=zq4NEMOjs3U
I'd Die For You,Bon Jovi,Slippery When Wet (Deluxe Edition),https://music.youtube.com/watch?v=oK1RV2etjy4
Never Say Goodbye,Bon Jovi,Slippery When Wet (Deluxe Edition),https://music.youtube.com/watch?v=ifm00JEjSeo
Wild In The Streets,Bon Jovi,Slippery When Wet (Deluxe Edition),https://music.youtube.com/watch?v=DeYorWrV6DI
Wanted Dead Or Alive (Acoustic Version),Bon Jovi,Slippery When Wet (Deluxe Edition),https://music.youtube.com/watch?v=NfOpxT4qAl0
Livin' On A Prayer (Thank You Goodnight Mix),Bon Jovi,Slippery When Wet (Deluxe Edition),https://music.youtube.com/watch?v=_JUVyWslDnk
Raise Your Hands (Extended Obie O'Brien Mix),Bon Jovi,Slippery When Wet (Deluxe Edition),https://music.youtube.com/watch?v=CnuQN2-ygfU
"Wild In The Streets (Live At Cincinnati Gardens, March 18, 1987)",Bon Jovi,Slippery When Wet (Deluxe Edition),https://music.youtube.com/watch?v=sYoeIrcdXrU
"Livin' On A Prayer (Live At Cobo Arena, Detroit, March 11, 1987)",Bon Jovi,Slippery When Wet (Deluxe Edition),https://music.youtube.com/watch?v=xLYrnCkOr08
"Wanted Dead Or Alive (Live At Cobo Arena, Detroit, March 11, 1987)",Bon Jovi,Slippery When Wet (Deluxe Edition),https://music.youtube.com/watch?v=CYhWZo3VZ9Y
"Let It Rock (Live At Nassau Coliseum, April 7, 1987)",Bon Jovi,Slippery When Wet (Deluxe Edition),https://music.youtube.com/watch?v=B4eLdGi-gFY
Legendary,Bon Jovi,Forever,https://music.youtube.com/watch?v=g83Y19JezCM
We Made It Look Easy,Bon Jovi,Forever,https://music.youtube.com/watch?v=on5beCqvfVI
Living Proof,Bon Jovi,Forever,https://music.youtube.com/watch?v=js8vwQgNmdk
Waves,Bon Jovi,Forever,https://music.youtube.com/watch?v=W6TpQ3JcYfE
Seeds,Bon Jovi,Forever,https://music.youtube.com/watch?v=tFdZUAZPVBA
Kiss The Bride,Bon Jovi,Forever,https://music.youtube.com/watch?v=zxnNaloQIBc
The People's House,Bon Jovi,Forever,https://music.youtube.com/watch?v=u7jmCp43xjo
Walls of Jericho,Bon Jovi,Forever,https://music.youtube.com/watch?v=8DbmM0ATxXg
I Wrote You A Song,Bon Jovi,Forever,https://music.youtube.com/watch?v=3JiAJBHdGxg
Living in Paradise,Bon Jovi,Forever,https://music.youtube.com/watch?v=KbkJ_yS6hN0
My First Guitar,Bon Jovi,Forever,https://music.youtube.com/watch?v=ygZNYMzWS3E
Hollow Man,Bon Jovi,Forever,https://music.youtube.com/watch?v=kLgFbgUGulA
Blood On Blood (Live),Bon Jovi,Blood on Blood,https://music.youtube.com/watch?v=TphK1Oy4OEU
I'd Die For You (Live),Bon Jovi,Blood on Blood,https://music.youtube.com/watch?v=hZAGsbW0mOo
Runaway (Live),Bon Jovi,Blood on Blood,https://music.youtube.com/watch?v=kZiEwbyD_P4
Dry County (Live),Bon Jovi,Blood on Blood,https://music.youtube.com/watch?v=2foGcYw7fwk
Hey God (Live),Bon Jovi,Blood on Blood,https://music.youtube.com/watch?v=uqqFo0GMI4I
Rockin' All Over The World (Live),Bon Jovi,Blood on Blood,https://music.youtube.com/watch?v=TiOzMRLqy5o
"Someday, I'll Be Saturday Night (Live)",Bon Jovi,Blood on Blood,https://music.youtube.com/watch?v=E4-rznmdEjE
Wild In The Streets (Live),Bon Jovi,Blood on Blood,https://music.youtube.com/watch?v=MUtzpKKOkAk
Keep The Faith (Live),Bon Jovi,Blood on Blood,https://music.youtube.com/watch?v=VwUHBIhmOiI
I Don't Like Mondays (Live),Bon Jovi,Blood on Blood,https://music.youtube.com/watch?v=na8Fi4cE7sc
This Ain't A Love Song (Live),Bon Jovi,Blood on Blood,https://music.youtube.com/watch?v=M2JqEhkOivk
You Give Love A Bad Name (Live 1987),Bon Jovi,From Dusk Til Dawn,https://music.youtube.com/watch?v=0ueu8MZlNKM
Wild In The Streets (Live 1987),Bon Jovi,From Dusk Til Dawn,https://music.youtube.com/watch?v=rMChfpa_yb8
Wanted: Dead Or Alive (Live 1987),Bon Jovi,From Dusk Til Dawn,https://music.youtube.com/watch?v=JlvHWDRnYQc
Silent Night (Live 1987),Bon Jovi,From Dusk Til Dawn,https://music.youtube.com/watch?v=aRXIiuZwWt4
Let It Rock (Live 1987),Bon Jovi,From Dusk Til Dawn,https://music.youtube.com/watch?v=Fzuh3ajQjq4
In And Out Of Love (Live 1987),Bon Jovi,From Dusk Til Dawn,https://music.youtube.com/watch?v=LBwsklM3FnU
Drift Away (Live 1987),Bon Jovi,From Dusk Til Dawn,https://music.youtube.com/watch?v=kG0vd70NF7c
Get Ready (Live 1987),Bon Jovi,From Dusk Til Dawn,https://music.youtube.com/watch?v=bdyYv43XWBs
Livin' On A Prayer (Live 1987),Bon Jovi,From Dusk Til Dawn,https://music.youtube.com/watch?v=m-tNyxDABjs
Runaway (Live 1987),Bon Jovi,From Dusk Til Dawn,https://music.youtube.com/watch?v=hTSWnWsNSTw
Rockin' All Over The World (Live 1995),Bon Jovi,From Dusk Til Dawn,https://music.youtube.com/watch?v=gMhRo2x759E
Hey God (Live 1995),Bon Jovi,From Dusk Til Dawn,https://music.youtube.com/watch?v=jbnjpDq7YFk
Livin' On A Prayer/You Give Love A Bad Name (Live 1995),Bon Jovi,From Dusk Til Dawn,https://music.youtube.com/watch?v=S0sb--1t2fg
Keep The Faith (Live 1995),Bon Jovi,From Dusk Til Dawn,https://music.youtube.com/watch?v=UErUVF52gho
These Days (Live 1995),Bon Jovi,From Dusk Til Dawn,https://music.youtube.com/watch?v=5MtmmW9Pbu4
I'll Be There For You (Live 1995),Bon Jovi,From Dusk Til Dawn,https://music.youtube.com/watch?v=fn5tsUuL1Eo
Someday I'll Be Saturday Night (Live 1995),Bon Jovi,From Dusk Til Dawn,https://music.youtube.com/watch?v=nFERkOcB0_s
Blood On Blood (Live 1995),Bon Jovi,From Dusk Til Dawn,https://music.youtube.com/watch?v=3I7oSTBaBx8
Something For The Pain (Live 1995),Bon Jovi,From Dusk Til Dawn,https://music.youtube.com/watch?v=nSQ4jzbe1WM
Diamond Ring/Damned (Live 1995),Bon Jovi,From Dusk Til Dawn,https://music.youtube.com/watch?v=ck8kSZzQZXU
Lay Your Hands On Me (Live 1995),Bon Jovi,From Dusk Til Dawn,https://music.youtube.com/watch?v=7krHlJsSsN0
I'll Sleep When I'm Dead/Bad Medicine (Live 1995),Bon Jovi,From Dusk Til Dawn,https://music.youtube.com/watch?v=h0JxlWMSknA
Shout!/Bad Medicine (Reprise) (Live 1995),Bon Jovi,From Dusk Til Dawn,https://music.youtube.com/watch?v=pIBEetZHJkQ
Always (Live 1995),Bon Jovi,From Dusk Til Dawn,https://music.youtube.com/watch?v=pfXJNKRmGGU
Lay Your Hands On Me (Live),Bon Jovi,Bon Jovi Rare Gems From The Vault vol. 2,https://music.youtube.com/watch?v=lGOseUHpvvc
I'd Die For You (Live),Bon Jovi,Bon Jovi Rare Gems From The Vault vol. 2,https://music.youtube.com/watch?v=ERVI6K2h1D0
Wild In The Streets (Live),Bon Jovi,Bon Jovi Rare Gems From The Vault vol. 2,https://music.youtube.com/watch?v=_EL2TEHgT3c
You Give Love A Bad Name (Live),Bon Jovi,Bon Jovi Rare Gems From The Vault vol. 2,https://music.youtube.com/watch?v=jMFEEXcYWaM
Tokyo Road (Live),Bon Jovi,Bon Jovi Rare Gems From The Vault vol. 2,https://music.youtube.com/watch?v=w5PkKR2qM4k
Born To Be My Baby (Live),Bon Jovi,Bon Jovi Rare Gems From The Vault vol. 2,https://music.youtube.com/watch?v=SRw1ZrnkfYs
I'll Be There For You (Live),Bon Jovi,Bon Jovi Rare Gems From The Vault vol. 2,https://music.youtube.com/watch?v=kkVaifzYRSo
Blood On Blood (Live),Bon Jovi,Bon Jovi Rare Gems From The Vault vol. 2,https://music.youtube.com/watch?v=53sRBOYy3rs
Livin' On A Prayer (Live),Bon Jovi,Bon Jovi Rare Gems From The Vault vol. 2,https://music.youtube.com/watch?v=PRNzje5uW50
Ride Cowboy Ride (Live),Bon Jovi,Bon Jovi Rare Gems From The Vault vol. 2,https://music.youtube.com/watch?v=EtONWVO0E0M
Wanted Dead Or Alive (Live),Bon Jovi,Bon Jovi Rare Gems From The Vault vol. 2,https://music.youtube.com/watch?v=BEXkcR38bXU
Bad Medicine (Live),Bon Jovi,Bon Jovi Rare Gems From The Vault vol. 2,https://music.youtube.com/watch?v=PE9p8RWE-q8
All Over Now (Live),Bon Jovi,Bon Jovi Rare Gems From The Vault vol. 2,https://music.youtube.com/watch?v=1_u_hdBonpQ
Livin' On A Prayer (Live),Bon Jovi,Bon Jovi Rare Gems From The Vault vol. 3,https://music.youtube.com/watch?v=_hK8dnfLlOA
Wanted Dead Or Alive (Live),Bon Jovi,Bon Jovi Rare Gems From The Vault vol. 3,https://music.youtube.com/watch?v=Kmsbmx_ZJA4
I'd Die For (Live),Bon Jovi,Bon Jovi Rare Gems From The Vault vol. 3,https://music.youtube.com/watch?v=dPz9PXkkxGY
I'll Sleep When I'm Dead (Live),Bon Jovi,Bon Jovi Rare Gems From The Vault vol. 3,https://music.youtube.com/watch?v=ddNhQuOieMU
You Give Love A Bad Name (Live),Bon Jovi,Bon Jovi Rare Gems From The Vault vol. 3,https://music.youtube.com/watch?v=Ab8FJIpIauE
Someday I'll Be Saturday Night (Live),Bon Jovi,Bon Jovi Rare Gems From The Vault vol. 3,https://music.youtube.com/watch?v=HzpxZ1ZS6Bc
I'll Be There For You (Live),Bon Jovi,Bon Jovi Rare Gems From The Vault vol. 3,https://music.youtube.com/watch?v=4XpCpSNpgrE
Always (Live),Bon Jovi,Bon Jovi Rare Gems From The Vault vol. 3,https://music.youtube.com/watch?v=7aQOJ3bzAII
Bed Of Roses (Live),Bon Jovi,Bon Jovi Rare Gems From The Vault vol. 3,https://music.youtube.com/watch?v=nKno3vGGODw
Born To Be My Baby (Live),Bon Jovi,Bon Jovi Rare Gems From The Vault vol. 3,https://music.youtube.com/watch?v=QjP1z9XHj88
Good Guys Don't Always Wear White (Live),Bon Jovi,Bon Jovi Rare Gems From The Vault vol. 3,https://music.youtube.com/watch?v=GgvbGjInjSc
Wild In The Streets (Live),Bon Jovi,Bon Jovi Rare Gems From The Vault vol. 3,https://music.youtube.com/watch?v=1ylmZ8QM0Mc
Something For The Pain (Live),Bon Jovi,Bon Jovi Rare Gems From The Vault vol. 3,https://music.youtube.com/watch?v=dPyH4rVGDrg
Limitless,Bon Jovi,2020,https://music.youtube.com/watch?v=YKvGhAhikj4
Do What You Can,Bon Jovi,2020,https://music.youtube.com/watch?v=vh6ctK7ONo0
American Reckoning,Bon Jovi,2020,https://music.youtube.com/watch?v=FacRmfBh0sE
Beautiful Drug,Bon Jovi,2020,https://music.youtube.com/watch?v=eaK8gNBx8wA
Story Of Love,Bon Jovi,2020,https://music.youtube.com/watch?v=k13X9c1d_cI
Let It Rain,Bon Jovi,2020,https://music.youtube.com/watch?v=b7LD56ESBFA
Lower The Flag,Bon Jovi,2020,https://music.youtube.com/watch?v=WdZ3I_OFYLw
Blood In The Water,Bon Jovi,2020,https://music.youtube.com/watch?v=qjxF1NJuXKk
Brothers In Arms,Bon Jovi,2020,https://music.youtube.com/watch?v=IqqOlFxOl84
Unbroken,Bon Jovi,2020,https://music.youtube.com/watch?v=LHGGtSUckaA
Who Said It Would Last Forever,Bon Jovi,What You Want,https://music.youtube.com/watch?v=8eaEoX8h6DA
Open Your Heart,Bon Jovi,What You Want,https://music.youtube.com/watch?v=1H-rFo_xaKs
Stringin' A Line,Bon Jovi,What You Want,https://music.youtube.com/watch?v=L1jMrwJVhCM
Don't Leave Me Tonight,Bon Jovi,What You Want,https://music.youtube.com/watch?v=fufi9K4thv0
More Than We Bargained For,Bon Jovi,What You Want,https://music.youtube.com/watch?v=kFZ3zGTM_2k
For You,Bon Jovi,What You Want,https://music.youtube.com/watch?v=wxCozLDgJ8E
Hollywood Dreams,Bon Jovi,What You Want,https://music.youtube.com/watch?v=QZTxa7CtgTs
"All Talk, No Action",Bon Jovi,What You Want,https://music.youtube.com/watch?v=OI9R-DDH59o
Don't Keep Me Wondering,Bon Jovi,What You Want,https://music.youtube.com/watch?v=k6ZYddY_FDI
Head Over Heels,Bon Jovi,What You Want,https://music.youtube.com/watch?v=kNYJmnPPADI
No One Does It Like You,Bon Jovi,What You Want,https://music.youtube.com/watch?v=oEKkMhMrWvY
What You Want,Bon Jovi,What You Want,https://music.youtube.com/watch?v=LQBR8VNMfCc
Don't You Believe Him,Bon Jovi,What You Want,https://music.youtube.com/watch?v=YpNU1W19aYw
Talkin' In Your Sleep,Bon Jovi,What You Want,https://music.youtube.com/watch?v=yWuVApoLmzE
When We Were Us,Bon Jovi,This House Is Not For Sale,https://music.youtube.com/watch?v=RHzylDQ4wKE
Walls,Bon Jovi,This House Is Not For Sale,https://music.youtube.com/watch?v=_SWSdUPMLMI
This House Is Not For Sale,Bon Jovi,This House Is Not For Sale,https://music.youtube.com/watch?v=_Ri2KEiXlNk
Living With The Ghost,Bon Jovi,This House Is Not For Sale,https://music.youtube.com/watch?v=8Q9snBAR9Pk
Knockout,Bon Jovi,This House Is Not For Sale,https://music.youtube.com/watch?v=LWr3WuThh-c
Labor Of Love,Bon Jovi,This House Is Not For Sale,https://music.youtube.com/watch?v=uJ6R0Md1W7I
Born Again Tomorrow,Bon Jovi,This House Is Not For Sale,https://music.youtube.com/watch?v=_tVJzKL4w28
Roller Coaster,Bon Jovi,This House Is Not For Sale,https://music.youtube.com/watch?v=b_q7HDWgiHE
New Year's Day,Bon Jovi,This House Is Not For Sale,https://music.youtube.com/watch?v=_i5fBY3a5Q0
The Devil's In The Temple,Bon Jovi,This House Is Not For Sale,https://music.youtube.com/watch?v=S1o-OciOfY8
Scars On This Guitar,Bon Jovi,This House Is Not For Sale,https://music.youtube.com/watch?v=bvbAZ2w-ggE
God Bless This Mess,Bon Jovi,This House Is Not For Sale,https://music.youtube.com/watch?v=gZCzvbEePus
Reunion,Bon Jovi,This House Is Not For Sale,https://music.youtube.com/watch?v=LgRuPe2QjZc
Come On Up To Our House,Bon Jovi,This House Is Not For Sale,https://music.youtube.com/watch?v=j3L2rPYrFIw
A Teardrop To The Sea,Bon Jovi,Burning Bridges,https://music.youtube.com/watch?v=cDwia5nMXBY
We Don't Run,Bon Jovi,Burning Bridges,https://music.youtube.com/watch?v=t_PQvX5dUnE
Saturday Night Gave Me Sunday Morning,Bon Jovi,Burning Bridges,https://music.youtube.com/watch?v=gdGMhU24EAA
We All Fall Down,Bon Jovi,Burning Bridges,https://music.youtube.com/watch?v=G3JU4xo06is
Blind Love,Bon Jovi,Burning Bridges,https://music.youtube.com/watch?v=xbJqBflyli4
Who Would You Die For,Bon Jovi,Burning Bridges,https://music.youtube.com/watch?v=AB67pA-82Ew
Fingerprints,Bon Jovi,Burning Bridges,https://music.youtube.com/watch?v=2reavl_l9f0
Life Is Beautiful,Bon Jovi,Burning Bridges,https://music.youtube.com/watch?v=yxEaTmYQB_I
I'm Your Man,Bon Jovi,Burning Bridges,https://music.youtube.com/watch?v=YU2WxNUit2U
Burning Bridges,Bon Jovi,Burning Bridges,https://music.youtube.com/watch?v=X57PAe99Pu0
Keep The Faith,Armin van Buuren,Keep The Faith,https://music.youtube.com/watch?v=7CUu2bpAhaA
Keep The Faith (Extended Mix),Armin van Buuren,Keep The Faith,https://music.youtube.com/watch?v=aUrIJUD3Ui0
Now Or Never,Bon Jovi,Now Or Never,https://music.youtube.com/watch?v=5tit_16Jha0
The People's House,Bon Jovi,The People’s House,https://music.youtube.com/watch?v=IW-Pv0uMIu4
Living Proof,Bon Jovi,Living Proof,https://music.youtube.com/watch?v=js8vwQgNmdk
Legendary,Bon Jovi,Legendary,https://music.youtube.com/watch?v=g83Y19JezCM
Christmas Isn’t Christmas,Bon Jovi,Christmas Isn’t Christmas,https://music.youtube.com/watch?v=KO5HaSSus5I
Christmas All Over Again,Jon Bon Jovi,A Jon Bon Jovi Christmas,https://music.youtube.com/watch?v=seKQ4H12A7U
If I Get Home On Christmas Day,Jon Bon Jovi,A Jon Bon Jovi Christmas,https://music.youtube.com/watch?v=y0tlTDKQYng
Fairytale Of New York,Jon Bon Jovi,A Jon Bon Jovi Christmas,https://music.youtube.com/watch?v=VTWrHP2xr2w
Story of Love (Radio Edit),Bon Jovi,Story of Love,https://music.youtube.com/watch?v=k13X9c1d_cI
Story of Love,Bon Jovi,Story of Love,https://music.youtube.com/watch?v=k13X9c1d_cI
Do What You Can,Bon Jovi,Do What You Can,https://music.youtube.com/watch?v=HBLAamIlxy8
Do What You Can (Single Edit),Bon Jovi,Do What You Can (Single Edit),https://music.youtube.com/watch?v=vh6ctK7ONo0
titulo,artistas,album,url
Brother Louie (New Version 2017),Modern Talking,Back for Gold,https://music.youtube.com/watch?v=GeD2zRk5b40
You're My Heart You're My Soul (New Version 2017),Modern Talking,Back for Gold,https://music.youtube.com/watch?v=IzIpUrJTehw
Cheri Cheri Lady (New Version 2017),Modern Talking,Back for Gold,https://music.youtube.com/watch?v=k5xV62Z-jlQ
You Can Win If You Want (New Version 2017),Modern Talking,Back for Gold,https://music.youtube.com/watch?v=3aGKBhk22YU
Atlantis Is Calling (New Version 2017),Modern Talking,Back for Gold,https://music.youtube.com/watch?v=HYVMZWJArxY
Geronimo's Cadillac (New Version 2017),Modern Talking,Back for Gold,https://music.youtube.com/watch?v=qfFcWcRynlw
Modern Talking Pop Titan Megamix 2k17 (Full Long Version),Modern Talking,Back for Gold,https://music.youtube.com/watch?v=pGvFUnHvk-c
Brother Louie,Modern Talking,Back for Gold,https://music.youtube.com/watch?v=Lp2qcCrdBLA
"You're My Heart, You're My Soul (Extended Version)",Modern Talking,Back for Gold,https://music.youtube.com/watch?v=4kHl4FoK1Ys
Cheri Cheri Lady,Modern Talking,Back for Gold,https://music.youtube.com/watch?v=eNvUS-6PTbs
You Can Win If You Want,Modern Talking,Back for Gold,https://music.youtube.com/watch?v=zxTsw4kW1Ew
Atlantis Is Calling (S.O.S. for Love),Modern Talking,Back for Gold,https://music.youtube.com/watch?v=CB57CuT4smM
Win The Race (Scooter Remix),Modern Talking,Back for Gold,https://music.youtube.com/watch?v=Q1oFBntTvDs
Shooting Star,Modern Talking,Back for Gold,https://music.youtube.com/watch?v=7_mkKTlqtkM
Juliet (Jeo's Remix),Modern Talking,Back for Gold,https://music.youtube.com/watch?v=Lyw_lhyewMk
Modern Talking Pop Titan Megamix 2k17 (3-Track DJ Promo),Modern Talking,Back for Gold,https://music.youtube.com/watch?v=EyTaSVo0gJQ
Modern Talking Pop Titan Megamix 2k17 (Chorus Short Mix),Modern Talking,Back for Gold,https://music.youtube.com/watch?v=jqluJ2msndI
TV Makes the Superstar (Radio Edit),Modern Talking,Universe,https://music.youtube.com/watch?v=hRe8sDqnZ5I
I'm No Rockefeller,Modern Talking,Universe,https://music.youtube.com/watch?v=K3aaqR9Z9y4
Mystery,Modern Talking,Universe,https://music.youtube.com/watch?v=MxJH0OaujfQ
Everybody Needs Somebody,Modern Talking,Universe,https://music.youtube.com/watch?v=FyTWr9mR6cA
Heart of an Angel,Modern Talking,Universe,https://music.youtube.com/watch?v=d8IpQG_bTOA
Who Will Be There,Modern Talking,Universe,https://music.youtube.com/watch?v=bEZ23m5F6ig
Knocking On My Door,Modern Talking,Universe,https://music.youtube.com/watch?v=JxMgd1D8Fj4
"Should I, Would I, Could I",Modern Talking,Universe,https://music.youtube.com/watch?v=s21Hgj-jNT8
Blackbird,Modern Talking,Universe,https://music.youtube.com/watch?v=-8Ov9oDYCLE
Life Is Too Short,Modern Talking,Universe,https://music.youtube.com/watch?v=njnoFG7fVXU
Nothing But The Truth,Modern Talking,Universe,https://music.youtube.com/watch?v=e-c816Eb1Yw
Superstar,Modern Talking,Universe,https://music.youtube.com/watch?v=TH3p44dDjHM
Ready for the Victory (Radio Version),Modern Talking,Victory,https://music.youtube.com/watch?v=S9pLWy6-XqU
I'm Gonna Be Strong,Modern Talking,Victory,https://music.youtube.com/watch?v=cpgBiDV6LCo
Don't Make Me Blue,Modern Talking,Victory,https://music.youtube.com/watch?v=OPPqkIZxX-s
Juliet,Modern Talking,Victory,https://music.youtube.com/watch?v=N8k0GKDlrZQ
Higher Than Heaven,Modern Talking,Victory,https://music.youtube.com/watch?v=NKki7qY1Lcg
You're Not Lisa,Modern Talking,Victory,https://music.youtube.com/watch?v=lNrGTeMIKok
When The Sky Rained Fire,Modern Talking,Victory,https://music.youtube.com/watch?v=n-9vFlSs5QQ
Summer In December,Modern Talking,Victory,https://music.youtube.com/watch?v=nxgwUVC5alc
10 Seconds to Countdown,Modern Talking,Victory,https://music.youtube.com/watch?v=17FANpWcQOs
Love To Love You,Modern Talking,Victory,https://music.youtube.com/watch?v=ruuXCMBwdxE
Blue Eyed Coloured Girl,Modern Talking,Victory,https://music.youtube.com/watch?v=gShbb4BdmlM
We Are Children Of The World,Modern Talking,Victory,https://music.youtube.com/watch?v=SKWIw5RSfjw
Mrs. Robota,Modern Talking,Victory,https://music.youtube.com/watch?v=krHoRKxmByw
If I...,Modern Talking,Victory,https://music.youtube.com/watch?v=CiYde2ABjEI
Who Will Love You Like I Do,Modern Talking,Victory,https://music.youtube.com/watch?v=5iKqq2tTrhc
Win the Race,Modern Talking,America,https://music.youtube.com/watch?v=Jxz48jvpTMQ
Last Exit to Brooklyn,Modern Talking,America,https://music.youtube.com/watch?v=eI8WV-Yn0DY
Maria,Modern Talking,America,https://music.youtube.com/watch?v=9GTdt-STC8M
SMS to My Heart,Modern Talking,America,https://music.youtube.com/watch?v=AtFtU5N3D_c
Cinderella Girl,Modern Talking,America,https://music.youtube.com/watch?v=kNqFMyUPobk
Why Does It Feel so Good,Modern Talking,America,https://music.youtube.com/watch?v=T8oqZ1GzZ98
Rain In My Heart,Modern Talking,America,https://music.youtube.com/watch?v=6X-dOALmz3I
Witchqueen Of Eldorado,Modern Talking,America,https://music.youtube.com/watch?v=6GvPxAglywU
Run To You,Modern Talking,America,https://music.youtube.com/watch?v=mXGENlp_F6Q
America,Modern Talking,America,https://music.youtube.com/watch?v=CFrtufL8ixE
For a Life Time,Modern Talking,America,https://music.youtube.com/watch?v=80PXLTmI_p4
From Coast To Coast,Modern Talking,America,https://music.youtube.com/watch?v=NSzrFvbsYus
There's Something In The Air,Modern Talking,America,https://music.youtube.com/watch?v=5vKXFd-yvH8
I Need You Now,Modern Talking,America,https://music.youtube.com/watch?v=fUD3n9lgd7Y
New York City Girl,Modern Talking,America,https://music.youtube.com/watch?v=vMKsxSQplMg
Send Me A Letter From Heaven,Modern Talking,America,https://music.youtube.com/watch?v=a4avwc9uLa8
China in Her Eyes,Modern Talking,2000 - Year Of The Dragon,https://music.youtube.com/watch?v=byK7Wh7gu2Q
Don't Take Away My Heart,Modern Talking,2000 - Year Of The Dragon,https://music.youtube.com/watch?v=ODiOVrVI-6Q
It's Your Smile,Modern Talking,2000 - Year Of The Dragon,https://music.youtube.com/watch?v=uHwqEr2s-dQ
Cosmic Girl,Modern Talking,2000 - Year Of The Dragon,https://music.youtube.com/watch?v=c2jh0Citpao
After Your Love Is Gone,Modern Talking,2000 - Year Of The Dragon,https://music.youtube.com/watch?v=G0NgK0jsWws
Girl Out Of My Dreams,Modern Talking,2000 - Year Of The Dragon,https://music.youtube.com/watch?v=7c1MyK6t83s
My Lonely Girl,Modern Talking,2000 - Year Of The Dragon,https://music.youtube.com/watch?v=NVMROt7JZrI
No Face No Name No Number,Modern Talking,2000 - Year Of The Dragon,https://music.youtube.com/watch?v=67tT2PbiWcI
Can't Let You Go,Modern Talking,2000 - Year Of The Dragon,https://music.youtube.com/watch?v=cok3FziNjd0
Part Time Lover,Modern Talking,2000 - Year Of The Dragon,https://music.youtube.com/watch?v=lhaFBxBvjnE
Time Is On My Side,Modern Talking,2000 - Year Of The Dragon,https://music.youtube.com/watch?v=ZLcmfH4tFQE
I'll Never Fall In Love Again,Modern Talking,2000 - Year Of The Dragon,https://music.youtube.com/watch?v=WwSziJOMQtU
Avec Toi,Modern Talking,2000 - Year Of The Dragon,https://music.youtube.com/watch?v=uZBRSKhkovo
I'm Not Guilty,Modern Talking,2000 - Year Of The Dragon,https://music.youtube.com/watch?v=UoQc6bs5Fzg
Fight For The Right Love,Modern Talking,2000 - Year Of The Dragon,https://music.youtube.com/watch?v=gYcZqkPEcCU
Walking In The Rain Of Paris,Modern Talking,2000 - Year Of The Dragon,https://music.youtube.com/watch?v=Bq_4YYadgcM
Fly to the Moon,Modern Talking,2000 - Year Of The Dragon,https://music.youtube.com/watch?v=uB3pnYbi2mE
Love Is Forever,Modern Talking,2000 - Year Of The Dragon,https://music.youtube.com/watch?v=c87mprjmuAw
China in Her Eyes (Video Version) (feat. Eric Singleton),Modern Talking,2000 - Year Of The Dragon,https://music.youtube.com/watch?v=uy2Y6SK3UMU
You Are Not Alone,Modern Talking,Alone,https://music.youtube.com/watch?v=gbU3DFdNOxo
Sexy Sexy Lover (Vocal Version),Modern Talking,Alone,https://music.youtube.com/watch?v=KoqYHDiB6ew
I Can't Give You More,Modern Talking,Alone,https://music.youtube.com/watch?v=qxg1UMOGKEk
Just Close Your Eyes,Modern Talking,Alone,https://music.youtube.com/watch?v=wk_PzBZ-4fo
Don't Let Me Go,Modern Talking,Alone,https://music.youtube.com/watch?v=Z8P8B-xEFXY
I'm So Much In Love,Modern Talking,Alone,https://music.youtube.com/watch?v=JHnQ9l5_OLU
Rouge Et Noire,Modern Talking,Alone,https://music.youtube.com/watch?v=DtKQRvYgnYo
All I Have,Modern Talking,Alone,https://music.youtube.com/watch?v=m8ewQMBpf7w
Can't Get Enough,Modern Talking,Alone,https://music.youtube.com/watch?v=HklxL83ueZk
Love Is Like a Rainbow,Modern Talking,Alone,https://music.youtube.com/watch?v=3sxgEjT8yPk
How You Mend A Broken Heart,Modern Talking,Alone,https://music.youtube.com/watch?v=lK2-2gFSvOE
It Hurts So Good,Modern Talking,Alone,https://music.youtube.com/watch?v=yFOyC9Rz_Es
I'll Never Give You Up,Modern Talking,Alone,https://music.youtube.com/watch?v=JRIxzvDjiQo
Don't Let Me Down,Modern Talking,Alone,https://music.youtube.com/watch?v=bhdwTRozCjI
Taxi Girl,Modern Talking,Alone,https://music.youtube.com/watch?v=XfQSuwMfDL0
For Always And Ever,Modern Talking,Alone,https://music.youtube.com/watch?v=LIVf9TVrs0k
Space Mix,Modern Talking,Alone,https://music.youtube.com/watch?v=3jvI66BvrFE
"You're My Heart, You're My Soul '98",Modern Talking,Back For Good/2nd,https://music.youtube.com/watch?v=u6EdMjo8d18
Brother Louie '98 (New Version),Modern Talking,Back For Good/2nd,https://music.youtube.com/watch?v=KRd1UeErBEo
I Will Follow You (New Hit '98),Modern Talking,Back For Good/2nd,https://music.youtube.com/watch?v=1Vz2GXMPVZQ
Cheri Cheri Lady (New Version),Modern Talking,Back For Good/2nd,https://music.youtube.com/watch?v=wgakmKPriTg
You Can Win If You Want (New Version),Modern Talking,Back For Good/2nd,https://music.youtube.com/watch?v=FBbCHVWsvGs
Don't Play with My Heart (New Hit '98),Modern Talking,Back For Good/2nd,https://music.youtube.com/watch?v=erADzd9Qdwo
Atlantis Is Calling (New Version),Modern Talking,Back For Good/2nd,https://music.youtube.com/watch?v=CfWlUblQKY0
Geronimo's Cadillac (New Version),Modern Talking,Back For Good/2nd,https://music.youtube.com/watch?v=A5C8AC6V2KQ
Give Me Peace On Earth (New Version),Modern Talking,Back For Good/2nd,https://music.youtube.com/watch?v=NOZ2hVrydlU
We Take the Chance (New Hit '98),Modern Talking,Back For Good/2nd,https://music.youtube.com/watch?v=H2pPBI5qi-c
Jet Airliner (New Version),Modern Talking,Back For Good/2nd,https://music.youtube.com/watch?v=RrnxMhLAZOQ
Lady Lai (New Version),Modern Talking,Back For Good/2nd,https://music.youtube.com/watch?v=wocgMOJciCA
Anything Is Possible (New Hit '98),Modern Talking,Back For Good/2nd,https://music.youtube.com/watch?v=Ea-zFHzO6S4
In 100 Years (New Version),Modern Talking,Back For Good/2nd,https://music.youtube.com/watch?v=wpDSPvFucTk
Brother Louie Mix '98 (Radio Edit) (feat. Eric Singleton),Modern Talking,Back For Good/2nd,https://music.youtube.com/watch?v=K5DALXwOe0s
"You're My Heart, You're My Soul (Modern Talking Mix '98) (feat. Eric Singleton)",Modern Talking,Back For Good/2nd,https://music.youtube.com/watch?v=u6EdMjo8d18
You Can Win If You Want (Mix '84),Modern Talking,Back For Good/2nd,https://music.youtube.com/watch?v=zxTsw4kW1Ew
No 1 Hit Medley,Modern Talking,Back For Good/2nd,https://music.youtube.com/watch?v=P0nJTg2xqwg
In 100 Years,Modern Talking,In The Garden Of Venus,https://music.youtube.com/watch?v=0SiU6_1DVhk
Don't Let It Get You Down,Modern Talking,In The Garden Of Venus,https://music.youtube.com/watch?v=eTXUL4UG1LY
Who Will Save The World,Modern Talking,In The Garden Of Venus,https://music.youtube.com/watch?v=TXBfxWfnAdY
A Telegram To Your Heart,Modern Talking,In The Garden Of Venus,https://music.youtube.com/watch?v=pKGiyJKm2zs
It's Christmas,Modern Talking,In The Garden Of Venus,https://music.youtube.com/watch?v=2ZuZNiHBRF4
Don't Lose My Number,Modern Talking,In The Garden Of Venus,https://music.youtube.com/watch?v=Tw_Vm5ai0pw
Slow Motion,Modern Talking,In The Garden Of Venus,https://music.youtube.com/watch?v=Tfcy6wfWXx4
Locomotion Tango,Modern Talking,In The Garden Of Venus,https://music.youtube.com/watch?v=j8CLSdlTAjE
Good Girls Go To Heaven - Bad Girls Go to Everywhere,Modern Talking,In The Garden Of Venus,https://music.youtube.com/watch?v=o4Y0du2F8go
In 100 Years (Reprise),Modern Talking,In The Garden Of Venus,https://music.youtube.com/watch?v=_rj2tR_dEqU
Jet Airliner,Modern Talking,Romantic Warriors,https://music.youtube.com/watch?v=9u4uISghkr0
Like A Hero,Modern Talking,Romantic Warriors,https://music.youtube.com/watch?v=BUlf7dGx22I
Don't Worry,Modern Talking,Romantic Warriors,https://music.youtube.com/watch?v=Wa60AY4Nugk
Blinded By Your Love,Modern Talking,Romantic Warriors,https://music.youtube.com/watch?v=8atKQm6cO3o
Romantic Warriors,Modern Talking,Romantic Warriors,https://music.youtube.com/watch?v=TnGbHlypxIM
Arabian Gold,Modern Talking,Romantic Warriors,https://music.youtube.com/watch?v=BKeyy6CZBmI
We Still Have Dreams,Modern Talking,Romantic Warriors,https://music.youtube.com/watch?v=bHSix9eT8Aw
Operator Gimme 6 0 9,Modern Talking,Romantic Warriors,https://music.youtube.com/watch?v=sRKXeIRB5rs
You And Me,Modern Talking,Romantic Warriors,https://music.youtube.com/watch?v=U3kBCCqtyL4
Charlene,Modern Talking,Romantic Warriors,https://music.youtube.com/watch?v=1o0H3UYa3Vg
Geronimo's Cadillac,Modern Talking,In The Middle Of Nowhere,https://music.youtube.com/watch?v=A5C8AC6V2KQ
Riding On A White Swan,Modern Talking,In The Middle Of Nowhere,https://music.youtube.com/watch?v=oaRax3VlZws
Give Me Peace on Earth,Modern Talking,In The Middle Of Nowhere,https://music.youtube.com/watch?v=i8BHpV1dD4c
Sweet Little Sheila,Modern Talking,In The Middle Of Nowhere,https://music.youtube.com/watch?v=hq4cgR3aybo
Ten Thousand Lonely Drums,Modern Talking,In The Middle Of Nowhere,https://music.youtube.com/watch?v=ZA9Ivgk7Cm8
Lonely Tears in Chinatown,Modern Talking,In The Middle Of Nowhere,https://music.youtube.com/watch?v=PBkqCKNjJlM
In Shaire,Modern Talking,In The Middle Of Nowhere,https://music.youtube.com/watch?v=5Pa6Q-KFmCM
Stranded In The Middle Of Nowhere,Modern Talking,In The Middle Of Nowhere,https://music.youtube.com/watch?v=XYbOgq8XF80
The Angels Sing in New York City,Modern Talking,In The Middle Of Nowhere,https://music.youtube.com/watch?v=4RAG1d0AbyU
Princess of the Night,Modern Talking,In The Middle Of Nowhere,https://music.youtube.com/watch?v=k4Qv2ua1O-s
Win the Race (Radio Edit),Modern Talking,Win The Race,https://music.youtube.com/watch?v=Jxz48jvpTMQ
Win The Race (Instrumental Version),Modern Talking,Win The Race,https://music.youtube.com/watch?v=GrftIXxLcqw
Win The Race (Scooter Remix),Modern Talking,Win The Race,https://music.youtube.com/watch?v=SlQ_yvnwByc
Cinderella Girl (Single Version),Modern Talking,Win The Race,https://music.youtube.com/watch?v=8U_WM0h_qu4
Cinderella Girl (Instrumental Version),Modern Talking,Win The Race,https://music.youtube.com/watch?v=_u0a9Wxz8bA
"You're My Heart, You're My Soul",Modern Talking,"You' re My Heart, You' re My Soul",https://music.youtube.com/watch?v=4kHl4FoK1Ys
One in a Million,Modern Talking,"You' re My Heart, You' re My Soul",https://music.youtube.com/watch?v=bTiFN1L_Cbk
Cheri Cheri Lady,Modern Talking,"You' re My Heart, You' re My Soul",https://music.youtube.com/watch?v=eNvUS-6PTbs
Lucky Guy,Modern Talking,"You' re My Heart, You' re My Soul",https://music.youtube.com/watch?v=d8tL2IPQ76s
Brother Louie,Modern Talking,"You' re My Heart, You' re My Soul",https://music.youtube.com/watch?v=Lp2qcCrdBLA
You Can Win If You Want,Modern Talking,"You' re My Heart, You' re My Soul",https://music.youtube.com/watch?v=zxTsw4kW1Ew
With a Little Love,Modern Talking,"You' re My Heart, You' re My Soul",https://music.youtube.com/watch?v=RUGDnDCStfg
Let' s Talk About Love,Modern Talking,"You' re My Heart, You' re My Soul",https://music.youtube.com/watch?v=iDQT9Se2MaY
Don't Give Up,Modern Talking,"You' re My Heart, You' re My Soul",https://music.youtube.com/watch?v=6CQAhj92R24
Atlantis Is Calling (S.O.S. for Love),Modern Talking,"You' re My Heart, You' re My Soul",https://music.youtube.com/watch?v=CB57CuT4smM
Just Like an Angel,Modern Talking,"You' re My Heart, You' re My Soul",https://music.youtube.com/watch?v=Un5HApplYW8
Bells of Paris,Modern Talking,"You' re My Heart, You' re My Soul",https://music.youtube.com/watch?v=7-aGqZdgzOg
In Shaire,Modern Talking,"You' re My Heart, You' re My Soul",https://music.youtube.com/watch?v=xcJnh1TjtKQ
Riding On A White Swan,Modern Talking,"You' re My Heart, You' re My Soul",https://music.youtube.com/watch?v=XA3cp9QlLx4
Princess of the Night,Modern Talking,"You' re My Heart, You' re My Soul",https://music.youtube.com/watch?v=JejEabbjC2o
Give Me Peace on Earth,Modern Talking,"You' re My Heart, You' re My Soul",https://music.youtube.com/watch?v=i8BHpV1dD4c
"You're My Heart, You're My Soul (Modern Talking Extended Mix '98)",Modern Talking,"You're My Heart, You're My Soul",https://music.youtube.com/watch?v=u6EdMjo8d18
"You're My Heart, You're my Soul (Classic Mix '98)",Modern Talking,"You're My Heart, You're My Soul",https://music.youtube.com/watch?v=u8Afw6i5bHY
"You're My Heart, You're My Soul (Modern Talking Mix '98) (feat. Eric Singleton)",Modern Talking,"You're My Heart, You're My Soul",https://music.youtube.com/watch?v=u6EdMjo8d18
"You're My Heart, You're My Soul (Short Mix '84)",Modern Talking,"You're My Heart, You're My Soul",https://music.youtube.com/watch?v=4kHl4FoK1Ys
"You're My Heart, You're My Soul (Long Mix '84)",Modern Talking,"You're My Heart, You're My Soul",https://music.youtube.com/watch?v=4kHl4FoK1Ys
Last Exit To Brooklyn (Radio Edit),Modern Talking,Last Exit To Brooklyn,https://music.youtube.com/watch?v=Cco3zFAVCvI
Last Exit To Brooklyn (Rap Version),Modern Talking,Last Exit To Brooklyn,https://music.youtube.com/watch?v=eI8WV-Yn0DY
Last Exit To Brooklyn (Extended Version),Modern Talking,Last Exit To Brooklyn,https://music.youtube.com/watch?v=eI8WV-Yn0DY
Last Exit To Brooklyn (Vocal Remix),Modern Talking,Last Exit To Brooklyn,https://music.youtube.com/watch?v=qRS_ta826Bc
Last Exit To Brooklyn (Rap Remix),Modern Talking,Last Exit To Brooklyn,https://music.youtube.com/watch?v=7cDBXe6UU7Y
titulo,artistas,album,url
Bad Moon Rising,Creedence Clearwater Revival,Bad Moon Rising: Shadows on the Bayou,https://music.youtube.com/watch?v=6ikuhSAlUYY
Tombstone Shadow,Creedence Clearwater Revival,Bad Moon Rising: Shadows on the Bayou,https://music.youtube.com/watch?v=IK5NONxWk40
I Put A Spell On You,Creedence Clearwater Revival,Bad Moon Rising: Shadows on the Bayou,https://music.youtube.com/watch?v=KWxDGQm2hKk
Graveyard Train,Creedence Clearwater Revival,Bad Moon Rising: Shadows on the Bayou,https://music.youtube.com/watch?v=NgLu2edkZGM
Pagan Baby,Creedence Clearwater Revival,Bad Moon Rising: Shadows on the Bayou,https://music.youtube.com/watch?v=pTDWCeCtyL0
It Came Out Of The Sky,Creedence Clearwater Revival,Bad Moon Rising: Shadows on the Bayou,https://music.youtube.com/watch?v=zwAcvIZzuM0
Sinister Purpose,Creedence Clearwater Revival,Bad Moon Rising: Shadows on the Bayou,https://music.youtube.com/watch?v=1wyWTol4wk4
Gloomy,Creedence Clearwater Revival,Bad Moon Rising: Shadows on the Bayou,https://music.youtube.com/watch?v=hGrv-gzXQLQ
Born On The Bayou,Creedence Clearwater Revival,Bad Moon Rising: Shadows on the Bayou,https://music.youtube.com/watch?v=fcTQCNntGEs
Effigy,Creedence Clearwater Revival,Bad Moon Rising: Shadows on the Bayou,https://music.youtube.com/watch?v=UcVEcKdMifU
Green River (Live),Creedence Clearwater Revival,Green River,https://music.youtube.com/watch?v=_kcrYSsFk2Q
Travelin' Band (Live),Creedence Clearwater Revival,Green River,https://music.youtube.com/watch?v=-fZO8pZqYDU
Born On The Bayou (Live),Creedence Clearwater Revival,Green River,https://music.youtube.com/watch?v=wRQwSEw1PkU
Lodi (Live),Creedence Clearwater Revival,Green River,https://music.youtube.com/watch?v=Eb3tTHBSa2Y
Keep On Chooglin' (Live),Creedence Clearwater Revival,Green River,https://music.youtube.com/watch?v=Yx0Zylyy0Ao
Up Around The Bend (Live),Creedence Clearwater Revival,Green River,https://music.youtube.com/watch?v=FobEXIpzhUg
Hey Tonight (Live),Creedence Clearwater Revival,Green River,https://music.youtube.com/watch?v=4ObUFDFdf3M
Born On The Bayou (Live 1971),Creedence Clearwater Revival,Keep On Burnin',https://music.youtube.com/watch?v=cziW7DagMbw
Green River (Live 1971),Creedence Clearwater Revival,Keep On Burnin',https://music.youtube.com/watch?v=t4wM-JT4CoE
It Came Out Of The Sky (Live 1971),Creedence Clearwater Revival,Keep On Burnin',https://music.youtube.com/watch?v=zYnZInJKYto
Door To Door (Live 1971),Creedence Clearwater Revival,Keep On Burnin',https://music.youtube.com/watch?v=dJiSyrRXZ3o
Travelin' Band (Live 1971),Creedence Clearwater Revival,Keep On Burnin',https://music.youtube.com/watch?v=tjbYCNYGbZc
Fortunate Son (Live 1971),Creedence Clearwater Revival,Keep On Burnin',https://music.youtube.com/watch?v=BBE8xeB5Pgo
Commotion (Live 1971),Creedence Clearwater Revival,Keep On Burnin',https://music.youtube.com/watch?v=h4WGIHx4em4
Lodi (Live 1971),Creedence Clearwater Revival,Keep On Burnin',https://music.youtube.com/watch?v=MkZvaKhxJDo
Bad Moon Rising (Live 1971),Creedence Clearwater Revival,Keep On Burnin',https://music.youtube.com/watch?v=_POEmfjBESI
Proud Mary (Live 1971),Creedence Clearwater Revival,Keep On Burnin',https://music.youtube.com/watch?v=tFbh2lJCW_c
Up Around The Bend (Live 1971),Creedence Clearwater Revival,Keep On Burnin',https://music.youtube.com/watch?v=1uuPebjXomc
"Hey, Tonight (Live 1971)",Creedence Clearwater Revival,Keep On Burnin',https://music.youtube.com/watch?v=Vi3kjE7camQ
Sweet Hitchhiker (Live 1971),Creedence Clearwater Revival,Keep On Burnin',https://music.youtube.com/watch?v=DNUCP4JN1ik
Keep On Chooglin' (Live 1971),Creedence Clearwater Revival,Keep On Burnin',https://music.youtube.com/watch?v=077D-7GAieA
Travelin' Band (Live),Creedence Clearwater Revival,Travelin' Band: Creedence Clearwater Revival,https://music.youtube.com/watch?v=jNyBsTWR_F0
Lodi (Live),Creedence Clearwater Revival,Travelin' Band: Creedence Clearwater Revival,https://music.youtube.com/watch?v=ep2Q7Ens8VI
Up Around The Bend (Live),Creedence Clearwater Revival,Travelin' Band: Creedence Clearwater Revival,https://music.youtube.com/watch?v=L_E0LtVpxco
Hey Tonight (Live),Creedence Clearwater Revival,Travelin' Band: Creedence Clearwater Revival,https://music.youtube.com/watch?v=QJV0ShyTnag
Keep On Chooglin' (Live),Creedence Clearwater Revival,Travelin' Band: Creedence Clearwater Revival,https://music.youtube.com/watch?v=THG0zjN0IwY
Born On The Bayou (Live),Creedence Clearwater Revival,Travelin' Band: Creedence Clearwater Revival,https://music.youtube.com/watch?v=ZTsImggmRFg
Don't Look Now / Door To Door (Live),Creedence Clearwater Revival,Travelin' Band: Creedence Clearwater Revival,https://music.youtube.com/watch?v=MeMGhH8vp74
Sweet Hitchhiker (Live),Creedence Clearwater Revival,Travelin' Band: Creedence Clearwater Revival,https://music.youtube.com/watch?v=xBRW92dt-Fw
Born On The Bayou (Live),Creedence Clearwater Revival,The Risin' Wind (Live 1971),https://music.youtube.com/watch?v=s77aTMaBifQ
Green River (Live),Creedence Clearwater Revival,The Risin' Wind (Live 1971),https://music.youtube.com/watch?v=X1Ch9zc1REk
It Came Out Of The Sky (Live),Creedence Clearwater Revival,The Risin' Wind (Live 1971),https://music.youtube.com/watch?v=EArmgD1bRtg
Door To Door (Live),Creedence Clearwater Revival,The Risin' Wind (Live 1971),https://music.youtube.com/watch?v=sW_jXyVI5L8
Travelin' Band (Live),Creedence Clearwater Revival,The Risin' Wind (Live 1971),https://music.youtube.com/watch?v=b9w-WWuDqwA
Fortunate Son (Live),Creedence Clearwater Revival,The Risin' Wind (Live 1971),https://music.youtube.com/watch?v=DZaQNaoOaxc
Commotion (Live),Creedence Clearwater Revival,The Risin' Wind (Live 1971),https://music.youtube.com/watch?v=fME4GyGwIl0
Lodi (Live),Creedence Clearwater Revival,The Risin' Wind (Live 1971),https://music.youtube.com/watch?v=u7bgmSXZSys
Bad Moon Rising (Live),Creedence Clearwater Revival,The Risin' Wind (Live 1971),https://music.youtube.com/watch?v=yjt2DdT6V9k
Proud Mary (Live),Creedence Clearwater Revival,The Risin' Wind (Live 1971),https://music.youtube.com/watch?v=zO8cJ5ZjwSE
Up Around The Bend (Live),Creedence Clearwater Revival,The Risin' Wind (Live 1971),https://music.youtube.com/watch?v=0aO4ddDpxug
"Hey, Tonight (Live)",Creedence Clearwater Revival,The Risin' Wind (Live 1971),https://music.youtube.com/watch?v=3celH7ahRXo
Sweet Hitchhiker (Live),Creedence Clearwater Revival,The Risin' Wind (Live 1971),https://music.youtube.com/watch?v=HtSp0peJ8Gg
John Fogerty Talks About Filmore West (Live),Creedence Clearwater Revival,The Risin' Wind (Live 1971),https://music.youtube.com/watch?v=2nnVYkI6qtM
Keep On Chooglin' (Live),Creedence Clearwater Revival,The Risin' Wind (Live 1971),https://music.youtube.com/watch?v=bmNlWCfHOjo
Pagan Baby,Creedence Clearwater Revival,Pendulum,https://music.youtube.com/watch?v=pTDWCeCtyL0
Sailor's Lament,Creedence Clearwater Revival,Pendulum,https://music.youtube.com/watch?v=eE4jzym0n60
Chameleon,Creedence Clearwater Revival,Pendulum,https://music.youtube.com/watch?v=xPKUAA4FYW4
Have You Ever Seen The Rain,Creedence Clearwater Revival,Pendulum,https://music.youtube.com/watch?v=u1V8YRJnr4Q
(Wish I Could) Hideaway,Creedence Clearwater Revival,Pendulum,https://music.youtube.com/watch?v=d7FQJ9VscNE
Born To Move,Creedence Clearwater Revival,Pendulum,https://music.youtube.com/watch?v=mXCJ7hpAGd0
Hey Tonight,Creedence Clearwater Revival,Pendulum,https://music.youtube.com/watch?v=A19My-9sDk8
It's Just A Thought,Creedence Clearwater Revival,Pendulum,https://music.youtube.com/watch?v=3fjZpIsaXs0
Molina,Creedence Clearwater Revival,Pendulum,https://music.youtube.com/watch?v=h5rETfmn-FM
Rude Awakening #2,Creedence Clearwater Revival,Pendulum,https://music.youtube.com/watch?v=72anomthjHE
Proud Mary,Creedence Clearwater Revival,Creedence Gold,https://music.youtube.com/watch?v=5hid10EgMXE
Down On The Corner,Creedence Clearwater Revival,Creedence Gold,https://music.youtube.com/watch?v=vrMvblpZFq0
Bad Moon Rising,Creedence Clearwater Revival,Creedence Gold,https://music.youtube.com/watch?v=wnYteCuvIF8
I Heard It Though The Grapevine,Creedence Clearwater Revival,Creedence Gold,https://music.youtube.com/watch?v=wCCfc2vAuDU
The Midnight Special,Creedence Clearwater Revival,Creedence Gold,https://music.youtube.com/watch?v=kNiUfwHJF6E
Have You Ever Seen The Rain,Creedence Clearwater Revival,Creedence Gold,https://music.youtube.com/watch?v=u1V8YRJnr4Q
Born On The Bayou,Creedence Clearwater Revival,Creedence Gold,https://music.youtube.com/watch?v=fcTQCNntGEs
Suzie Q,Creedence Clearwater Revival,Creedence Gold,https://music.youtube.com/watch?v=18kqUNG9mO4
Pagan Baby,Creedence Clearwater Revival,The Sounds of Creedence Clearwater Revival,https://music.youtube.com/watch?v=pTDWCeCtyL0
Sailor's Lament,Creedence Clearwater Revival,The Sounds of Creedence Clearwater Revival,https://music.youtube.com/watch?v=eE4jzym0n60
Chameleon,Creedence Clearwater Revival,The Sounds of Creedence Clearwater Revival,https://music.youtube.com/watch?v=xPKUAA4FYW4
Have You Ever Seen the Rain,Creedence Clearwater Revival,The Sounds of Creedence Clearwater Revival,https://music.youtube.com/watch?v=u1V8YRJnr4Q
(Wish I Could) Hideaway,Creedence Clearwater Revival,The Sounds of Creedence Clearwater Revival,https://music.youtube.com/watch?v=d7FQJ9VscNE
Born to Move,Creedence Clearwater Revival,The Sounds of Creedence Clearwater Revival,https://music.youtube.com/watch?v=mXCJ7hpAGd0
Hey Tonight,Creedence Clearwater Revival,The Sounds of Creedence Clearwater Revival,https://music.youtube.com/watch?v=tk8ZRq7uzrk
It's Just a Thought,Creedence Clearwater Revival,The Sounds of Creedence Clearwater Revival,https://music.youtube.com/watch?v=3fjZpIsaXs0
Molina,Creedence Clearwater Revival,The Sounds of Creedence Clearwater Revival,https://music.youtube.com/watch?v=h5rETfmn-FM
Rude Awakening #2,Creedence Clearwater Revival,The Sounds of Creedence Clearwater Revival,https://music.youtube.com/watch?v=72anomthjHE
Lookin' For A Reason,Creedence Clearwater Revival,The Sounds of Creedence Clearwater Revival,https://music.youtube.com/watch?v=O7fDzFVOYik
Take It Like A Friend,Creedence Clearwater Revival,The Sounds of Creedence Clearwater Revival,https://music.youtube.com/watch?v=smpCm36RnII
Need Someone To Hold,Creedence Clearwater Revival,The Sounds of Creedence Clearwater Revival,https://music.youtube.com/watch?v=G_ZtATXmDxQ
Tearin' Up The Country,Creedence Clearwater Revival,The Sounds of Creedence Clearwater Revival,https://music.youtube.com/watch?v=pnzLkYa6iiU
Someday Never Comes,Creedence Clearwater Revival,The Sounds of Creedence Clearwater Revival,https://music.youtube.com/watch?v=Igbd3EEOHIs
What Are You Gonna Do?,Creedence Clearwater Revival,The Sounds of Creedence Clearwater Revival,https://music.youtube.com/watch?v=5UzdIMtCIa4
Sail Away,Creedence Clearwater Revival,The Sounds of Creedence Clearwater Revival,https://music.youtube.com/watch?v=NxnRi-UdE8k
Hello Mary Lou,Creedence Clearwater Revival,The Sounds of Creedence Clearwater Revival,https://music.youtube.com/watch?v=A_yaFj0Lysc
Door To Door,Creedence Clearwater Revival,The Sounds of Creedence Clearwater Revival,https://music.youtube.com/watch?v=6EIuUb5kV3M
Sweet Hitch-Hiker,Creedence Clearwater Revival,The Sounds of Creedence Clearwater Revival,https://music.youtube.com/watch?v=rHHEUyWJXhM
Lookin' For A Reason,Creedence Clearwater Revival,Mardi Gras,https://music.youtube.com/watch?v=O7fDzFVOYik
Take It Like A Friend,Creedence Clearwater Revival,Mardi Gras,https://music.youtube.com/watch?v=smpCm36RnII
Need Someone To Hold,Creedence Clearwater Revival,Mardi Gras,https://music.youtube.com/watch?v=G_ZtATXmDxQ
Tearin' Up The Country,Creedence Clearwater Revival,Mardi Gras,https://music.youtube.com/watch?v=pnzLkYa6iiU
Someday Never Comes,Creedence Clearwater Revival,Mardi Gras,https://music.youtube.com/watch?v=xVj7yW8M-tA
What Are You Gonna Do,Creedence Clearwater Revival,Mardi Gras,https://music.youtube.com/watch?v=5UzdIMtCIa4
Sail Away,Creedence Clearwater Revival,Mardi Gras,https://music.youtube.com/watch?v=NxnRi-UdE8k
Hello Mary Lou,Creedence Clearwater Revival,Mardi Gras,https://music.youtube.com/watch?v=A_yaFj0Lysc
Door To Door,Creedence Clearwater Revival,Mardi Gras,https://music.youtube.com/watch?v=6EIuUb5kV3M
Sweet Hitch-Hiker,Creedence Clearwater Revival,Mardi Gras,https://music.youtube.com/watch?v=rHHEUyWJXhM
Ramble Tamble,Creedence Clearwater Revival,Cosmo's Factory,https://music.youtube.com/watch?v=KxOJrSVL8g4
Before You Accuse Me (Take A Look At Yourself),Creedence Clearwater Revival,Cosmo's Factory,https://music.youtube.com/watch?v=7DNacJhyR9s
Travelin' Band,Creedence Clearwater Revival,Cosmo's Factory,https://music.youtube.com/watch?v=ZXLqECpHW2o
Ooby Dooby,Creedence Clearwater Revival,Cosmo's Factory,https://music.youtube.com/watch?v=wyY4nvme_sc
Lookin' Out My Back Door,Creedence Clearwater Revival,Cosmo's Factory,https://music.youtube.com/watch?v=Aae_RHRptRg
Run Through The Jungle,Creedence Clearwater Revival,Cosmo's Factory,https://music.youtube.com/watch?v=akT_CddrZSo
Up Around The Bend,Creedence Clearwater Revival,Cosmo's Factory,https://music.youtube.com/watch?v=7sdGAn1sBfk
My Baby Left Me,Creedence Clearwater Revival,Cosmo's Factory,https://music.youtube.com/watch?v=T0996JsTpDk
Who'll Stop The Rain,Creedence Clearwater Revival,Cosmo's Factory,https://music.youtube.com/watch?v=VMJFWiZ-bOc
I Heard It Through The Grapevine,Creedence Clearwater Revival,Cosmo's Factory,https://music.youtube.com/watch?v=wCCfc2vAuDU
Long As I Can See The Light,Creedence Clearwater Revival,Cosmo's Factory,https://music.youtube.com/watch?v=BDfGblfOsZ4
Have You Ever Seen The Rain,Outliers,Have You Ever Seen The Rain,https://music.youtube.com/watch?v=RzI8yZ8GCOs
"Proud Mary (At The Royal Albert Hall / London, UK / April 14, 1970)",Creedence Clearwater Revival,"Proud Mary (At The Royal Albert Hall / London, UK / April 14, 1970)",https://music.youtube.com/watch?v=7F_ILRVJdes
"Fortunate Son (At The Royal Albert Hall / London, UK / April 14, 1970)",Creedence Clearwater Revival,Fortunate Son,https://music.youtube.com/watch?v=b0Upk41P7aw
"Bad Moon Rising (At The Royal Albert Hall / London, UK / April 14, 1970)",Creedence Clearwater Revival,"Bad Moon Rising (At The Royal Albert Hall / London, UK / April 14, 1970)",https://music.youtube.com/watch?v=wkqfPuQhW9I
Suzie Q (Mose N & MD Dj Remix),Creedence Clearwater Revival,Suzie Q (Mose N & MD Dj Remix),https://music.youtube.com/watch?v=4NC8XORA9wk
titulo,artistas,album,url
Don't Joke with Fire,Dr. Alban,Back to Basics,https://music.youtube.com/watch?v=J12bx2rZwCQ
Push It,Dr. Alban,Back to Basics,https://music.youtube.com/watch?v=91dL-pmKoE8
I Wanna Know (feat. Efti),Dr. Alban,Back to Basics,https://music.youtube.com/watch?v=cYGlNeedCqw
Work Work,Dr. Alban,Back to Basics,https://music.youtube.com/watch?v=fX8tQHs1tkk
Give Me Lovin,Dr. Alban,Back to Basics,https://music.youtube.com/watch?v=tyIdLr71JMg
Single Searching,Dr. Alban,Back to Basics,https://music.youtube.com/watch?v=IV6n96-GtzE
The One,Dr. Alban,Back to Basics,https://music.youtube.com/watch?v=AOjPfNNPFPA
Habibi (feat. Melissa),Dr. Alban,Back to Basics,https://music.youtube.com/watch?v=TjNUBOFapeo
Music in Me,Dr. Alban,Back to Basics,https://music.youtube.com/watch?v=3X-MvY67N3o
Don't Joke with Fire (Alternative Mix),Dr. Alban,Back to Basics,https://music.youtube.com/watch?v=yRzPb35kC6M
Push It (Ragga Dub Mix),Dr. Alban,Back to Basics,https://music.youtube.com/watch?v=bPnNeR9s0VU
Work Work (Africa Recall Mix),Dr. Alban,Back to Basics,https://music.youtube.com/watch?v=AGfBiMxSy-0
Work Work (Moos Power Remix),Dr. Alban,Back to Basics,https://music.youtube.com/watch?v=2Zi_T4k-NO0
Because of You,Dr. Alban,Prescription,https://music.youtube.com/watch?v=4L6K8AYpQgA
What Do I Do,Dr. Alban,Prescription,https://music.youtube.com/watch?v=_tRTH3mavhw
I Like to Know,Dr. Alban,Prescription,https://music.youtube.com/watch?v=iemHFh5tBZs
Looking for Something,Dr. Alban,Prescription,https://music.youtube.com/watch?v=Reo5Laja3Lo
Beautiful Day,Dr. Alban,Prescription,https://music.youtube.com/watch?v=O6a6zzHvVbw
Talk About Love,Dr. Alban,Prescription,https://music.youtube.com/watch?v=C4EmtwYgeDQ
Rebel,Dr. Alban,Prescription,https://music.youtube.com/watch?v=IcTkas-IPKs
Born a Winner,Dr. Alban,Prescription,https://music.youtube.com/watch?v=jKi_VjZg6QI
Telephone Love,Dr. Alban,Prescription,https://music.youtube.com/watch?v=5y3l0GSenok
Get Up,Dr. Alban,Prescription,https://music.youtube.com/watch?v=Mk9bId8oNlE
Fuel 4 Love,Dr. Alban,Prescription,https://music.youtube.com/watch?v=7cEojoPuVpY
The Answer,Dr. Alban,Prescription,https://music.youtube.com/watch?v=GBsSCZ16jQo
It's My Life,Dr. Alban,It's My Life,https://music.youtube.com/watch?v=oW0VovnyjPY
I Feel the Music,Dr. Alban,It's My Life,https://music.youtube.com/watch?v=pk8LUjmq7sw
I Said It Once,Dr. Alban,It's My Life,https://music.youtube.com/watch?v=FUgwZmM2NH0
One Love,Dr. Alban,It's My Life,https://music.youtube.com/watch?v=1awOO_vqb7I
Proud! (To Be Afrikan),Dr. Alban,It's My Life,https://music.youtube.com/watch?v=FXNutqo0NJw
Sweet Little Girl,Dr. Alban,It's My Life,https://music.youtube.com/watch?v=bFLNkAhAQKQ
Away from Home,Dr. Alban,It's My Life,https://music.youtube.com/watch?v=AnXB3Vcj7_A
Cash Money,Dr. Alban,It's My Life,https://music.youtube.com/watch?v=b0In99kd4QM
So Long,Dr. Alban,It's My Life,https://music.youtube.com/watch?v=B8mVpUrV-6g
Rock Steady,Dr. Alban,It's My Life,https://music.youtube.com/watch?v=XaCSZeEQ090
Alabalaba (Woman'a'Sexy),Dr. Alban,It's My Life,https://music.youtube.com/watch?v=4U3OR4rucZA
Let the Beat Go On (Short Version),Dr. Alban,It's My Life,https://music.youtube.com/watch?v=oKs25yuV3_A
Go See the Dentist,Dr. Alban,It's My Life,https://music.youtube.com/watch?v=4_xbuxRq1js
Hard to Choose,Dr. Alban,It's My Life,https://music.youtube.com/watch?v=9nBLktqsdsw
Fire,Dr. Alban,It's My Life,https://music.youtube.com/watch?v=uBF6WpFUB3c
Look Who's Talking (Short Version),Dr. Alban,It's My Life,https://music.youtube.com/watch?v=iM5c0L5nqfs
Intro,Dr. Alban,I Believe,https://music.youtube.com/watch?v=XkM-RfzLEWA
Guess Who's Coming to Dinner (Radio Edit),Dr. Alban,I Believe,https://music.youtube.com/watch?v=yFnvWM3DHbU
Mr DJ (Tokapi Mix),Dr. Alban,I Believe,https://music.youtube.com/watch?v=C80HXNB6Nmc
Soon Come (feat. Freddie McGregor),Dr. Alban,I Believe,https://music.youtube.com/watch?v=KZkWaXh0ZPc
Feel the Rhythm,Dr. Alban,I Believe,https://music.youtube.com/watch?v=t7gP1Dq-Jfs
Enemies,Dr. Alban,I Believe,https://music.youtube.com/watch?v=pjpKbf5XHM8
Long Time Ago,Dr. Alban,I Believe,https://music.youtube.com/watch?v=cE9_2kFsBYs
I Believe,Dr. Alban,I Believe,https://music.youtube.com/watch?v=tTcru33olVw
Oh Baby (feat. Beenie Man),Dr. Alban,I Believe,https://music.youtube.com/watch?v=ubbOzF3qSwc
Show Me,Dr. Alban,I Believe,https://music.youtube.com/watch?v=OXZMJXydOLA
Mountains,Dr. Alban,I Believe,https://music.youtube.com/watch?v=01SRqwPco3U
Humpty Dumpty,Dr. Alban,I Believe,https://music.youtube.com/watch?v=zo8qrZnpT2c
Love Affair,Dr. Alban,I Believe,https://music.youtube.com/watch?v=HdKnvGHS_Ls
Honey Bunny,Dr. Alban,I Believe,https://music.youtube.com/watch?v=64OlNQ73MFE
Ain't No Stopping,Dr. Alban,I Believe,https://music.youtube.com/watch?v=TKIYGL6NTgU
Raggamuffin Girl,Dr. Alban,I Believe,https://music.youtube.com/watch?v=WF1G9WqG0a8
Oh Baby (Sly & Robbie Mix) (feat. Beenie Man),Dr. Alban,I Believe,https://music.youtube.com/watch?v=K5Dk3gj3ls0
Born in Africa (Radio Version),Dr. Alban,Born in Africa,https://music.youtube.com/watch?v=dBLr0PKjXDw
Riddle of Life,Dr. Alban,Born in Africa,https://music.youtube.com/watch?v=zknI1as8djQ
Alabalaba (Woman'a'Sexy),Dr. Alban,Born in Africa,https://music.youtube.com/watch?v=4U3OR4rucZA
Hallelujah Day,Dr. Alban,Born in Africa,https://music.youtube.com/watch?v=D3Wg_3i1qHo
Rock Steady,Dr. Alban,Born in Africa,https://music.youtube.com/watch?v=XaCSZeEQ090
I Feel the Music,Dr. Alban,Born in Africa,https://music.youtube.com/watch?v=pk8LUjmq7sw
Then I Fell in Love,Dr. Alban,Born in Africa,https://music.youtube.com/watch?v=pUPDSxWwbfY
I Said It Once,Dr. Alban,Born in Africa,https://music.youtube.com/watch?v=FUgwZmM2NH0
Rich Man / Poor Man,Dr. Alban,Born in Africa,https://music.youtube.com/watch?v=vCPDqO5xNJk
This Time I'm Free (Credibility Mix),Dr. Alban,Born in Africa,https://music.youtube.com/watch?v=-s8lehsPFDo
So Long,Dr. Alban,Born in Africa,https://music.youtube.com/watch?v=B8mVpUrV-6g
Feel Like Making Love,Dr. Alban,Born in Africa,https://music.youtube.com/watch?v=UKb5BbdK5O8
Rock the Woman / Shake It (Todd Terry Mix),Dr. Alban,Born in Africa,https://music.youtube.com/watch?v=tg0m-0hogAY
This Time I'm Free (Todd Terry Remix Edit),Dr. Alban,Born in Africa,https://music.youtube.com/watch?v=N8lqaSE1aTo
Born in Africa (Pierre J's Radio Remix),Dr. Alban,Born in Africa,https://music.youtube.com/watch?v=qYoxkkJLNFc
Hard Pan Di Drums,Dr. Alban,Look Who's Talking,https://music.youtube.com/watch?v=aj_m8sSMBFk
Look Who's Talking (Short Version),Dr. Alban,Look Who's Talking,https://music.youtube.com/watch?v=iM5c0L5nqfs
Free up Soweto,Dr. Alban,Look Who's Talking,https://music.youtube.com/watch?v=E5sQQCpqsWI
Away from Home,Dr. Alban,Look Who's Talking,https://music.youtube.com/watch?v=AnXB3Vcj7_A
Gimme Dat Lovin,Dr. Alban,Look Who's Talking,https://music.youtube.com/watch?v=s1ogFPjyV0w
Let the Beat Go On (Short Version),Dr. Alban,Look Who's Talking,https://music.youtube.com/watch?v=oKs25yuV3_A
Fire,Dr. Alban,Look Who's Talking,https://music.youtube.com/watch?v=tqtXVdm6q4U
Home Sweet Home,Dr. Alban,Look Who's Talking,https://music.youtube.com/watch?v=3KgVF79mKbA
Go See the Dentist,Dr. Alban,Look Who's Talking,https://music.youtube.com/watch?v=bzEoz6Hwd_g
Sweet Little Girl,Dr. Alban,Look Who's Talking,https://music.youtube.com/watch?v=VjBjCifzY0Y
Plastic Smile,Dr. Alban,Look Who's Talking,https://music.youtube.com/watch?v=ZnruUYj-7zI
Awillawillawillahey,Dr. Alban,Look Who's Talking,https://music.youtube.com/watch?v=acm3R2iUCoI
Look Who's Talking (Stone's Radio),Dr. Alban,Look Who's Talking,https://music.youtube.com/watch?v=zwUxJ6Mf4Rs
Introduction,Dr. Alban,One Love,https://music.youtube.com/watch?v=8oFrqY0qWQg
It's My Life,Dr. Alban,One Love,https://music.youtube.com/watch?v=oW0VovnyjPY
Sing Hallelujah,Dr. Alban,One Love,https://music.youtube.com/watch?v=M8gqaOp65UI
Groove Machine 4,Dr. Alban,One Love,https://music.youtube.com/watch?v=eagzqh6XaLI
Reggae Gone Ragga,Dr. Alban,One Love,https://music.youtube.com/watch?v=-EdoPb7yc9I
Cash Money,Dr. Alban,One Love,https://music.youtube.com/watch?v=b0In99kd4QM
One Love,Dr. Alban,One Love,https://music.youtube.com/watch?v=yqghpxGzyaQ
Om We Rembwe Ike,Dr. Alban,One Love,https://music.youtube.com/watch?v=vO_bb_dzSY4
Groove Machine 5,Dr. Alban,One Love,https://music.youtube.com/watch?v=iFRKIVwQ7u4
Mata Oh a Eh,Dr. Alban,One Love,https://music.youtube.com/watch?v=FFXUNGXDHoY
Roll Down Di Rubber Man,Dr. Alban,One Love,https://music.youtube.com/watch?v=UU54rlzHAlo
It's My Life (Club Edit),Dr. Alban,One Love,https://music.youtube.com/watch?v=_VZL3dJXn00
Introduction,Dr. Alban,One Love,https://music.youtube.com/watch?v=8oFrqY0qWQg
It's My Life,Dr. Alban,One Love,https://music.youtube.com/watch?v=oW0VovnyjPY
One Love,Dr. Alban,One Love,https://music.youtube.com/watch?v=1awOO_vqb7I
Sing Hallelujah!,Dr. Alban,One Love,https://music.youtube.com/watch?v=pKxJca7LLNM
Mata Oh a Eh,Dr. Alban,One Love,https://music.youtube.com/watch?v=FFXUNGXDHoY
Reggae Gone Ragga,Dr. Alban,One Love,https://music.youtube.com/watch?v=-EdoPb7yc9I
Om We Rembwe Ike,Dr. Alban,One Love,https://music.youtube.com/watch?v=vO_bb_dzSY4
Hard to Choose,Dr. Alban,One Love,https://music.youtube.com/watch?v=9nBLktqsdsw
Cash Money,Dr. Alban,One Love,https://music.youtube.com/watch?v=b0In99kd4QM
Roll Down Di Rubber Man,Dr. Alban,One Love,https://music.youtube.com/watch?v=UU54rlzHAlo
It's My Life (Remix),Dr. Alban,One Love,https://music.youtube.com/watch?v=5kwSnFuRGg0
One Love (Remix),Dr. Alban,One Love,https://music.youtube.com/watch?v=OIOf4nuMbgk
The Alban Prelude,Dr. Alban,Hello Afrika,https://music.youtube.com/watch?v=N8OORiLmsA8
U & Mi,Dr. Alban,Hello Afrika,https://music.youtube.com/watch?v=bSu4uboRpf4
No Coke,Dr. Alban,Hello Afrika,https://music.youtube.com/watch?v=4uPDfuC3Jck
Sweet Reggae Music,Dr. Alban,Hello Afrika,https://music.youtube.com/watch?v=pg_gGI8NclE
Hello Afrika,Dr. Alban,Hello Afrika,https://music.youtube.com/watch?v=A3I8BISQfWc
Stop the Pollution,Dr. Alban,Hello Afrika,https://music.youtube.com/watch?v=t-7l46MHJWo
Our Father,Dr. Alban,Hello Afrika,https://music.youtube.com/watch?v=8PTrTFJleHc
Proud! (To Be Afrikan),Dr. Alban,Hello Afrika,https://music.youtube.com/watch?v=FXNutqo0NJw
Groove Machine II,Dr. Alban,Hello Afrika,https://music.youtube.com/watch?v=GQwUnNAKvZ8
U & Mi Rmx 91 (RMX 91),Dr. Alban,Hello Afrika,https://music.youtube.com/watch?v=BX7jtGzKx-s
No Coke (Remix),Dr. Alban,Hello Afrika,https://music.youtube.com/watch?v=tFt3caaOjCc
Loverboy (Promostella Radio Remix),Dr. Alban,Loverboy (Remixes),https://music.youtube.com/watch?v=p-bO3C5aLUs
Loverboy (Promostella Extended Remix),Dr. Alban,Loverboy (Remixes),https://music.youtube.com/watch?v=aa6zX-DxCYc
Loverboy (Andalo Remix),Dr. Alban,Loverboy (Remixes),https://music.youtube.com/watch?v=cJiqcYRwFW0
Loverboy (Dash Remix),Dr. Alban,Loverboy (Remixes),https://music.youtube.com/watch?v=ptHFiaZMO4o
Loverboy (Erick Decks Remix Radio Edit),Dr. Alban,Loverboy (Remixes),https://music.youtube.com/watch?v=K8YN9WpeoNA
Loverboy (Erick Decks Remix),Dr. Alban,Loverboy (Remixes),https://music.youtube.com/watch?v=rWTY6HYqBCk
Loverboy (Erick Decks Remix Instrumental),Dr. Alban,Loverboy (Remixes),https://music.youtube.com/watch?v=mMOXKJpY5TE
Loverboy (Hewie Remix),Dr. Alban,Loverboy (Remixes),https://music.youtube.com/watch?v=gGFtXPhkdQM
Loverboy (Hewie Remix Instrumental),Dr. Alban,Loverboy (Remixes),https://music.youtube.com/watch?v=FRy7N3Xj2vU
Loverboy (Extended Original Mix),Dr. Alban,Loverboy (Remixes),https://music.youtube.com/watch?v=Dp0AYX0WKwg
Loverboy (Instrumental Radio Edit),Dr. Alban,Loverboy (Remixes),https://music.youtube.com/watch?v=URRglRsFJMo
Legender (Fra musicalen: What is Love),Chief 1,Legender (Fra musicalen: What is Love),https://music.youtube.com/watch?v=oMMcWZYl33A
Hello Afrika,Dr. Alban,Roots,https://music.youtube.com/watch?v=A3I8BISQfWc
No Coke,Dr. Alban,Roots,https://music.youtube.com/watch?v=4uPDfuC3Jck
Hallelujah Day,Dr. Alban,Roots,https://music.youtube.com/watch?v=D3Wg_3i1qHo
Born in Africa (Radio Version),Dr. Alban,Roots,https://music.youtube.com/watch?v=dBLr0PKjXDw
No Coke (Sped Up Version),Dr. Alban,Roots,https://music.youtube.com/watch?v=GZBmfHRiyzo
One Love,Dr. Alban,Love Is All,https://music.youtube.com/watch?v=xrCRQofUuIY
Sing Hallelujah,Dr. Alban,Love Is All,https://music.youtube.com/watch?v=Ipvi486WFPs
U & Mi,Dr. Alban,Love Is All,https://music.youtube.com/watch?v=bSu4uboRpf4
Reggae Gone Ragga,Dr. Alban,Love Is All,https://music.youtube.com/watch?v=-EdoPb7yc9I
Sing Hallelujah! (Sped Up Version),Dr. Alban,Love Is All,https://music.youtube.com/watch?v=rc_Z_hoe4Q8
It's My Life,Dr. Alban,It's My Life,https://music.youtube.com/watch?v=oW0VovnyjPY
This Time I'm Free (Credibility Mix),Dr. Alban,It's My Life,https://music.youtube.com/watch?v=-s8lehsPFDo
I Feel the Music,Dr. Alban,It's My Life,https://music.youtube.com/watch?v=pk8LUjmq7sw
Mata Oh a Eh,Dr. Alban,It's My Life,https://music.youtube.com/watch?v=FFXUNGXDHoY
It's My Life (Sped Up Version),Dr. Alban,It's My Life,https://music.youtube.com/watch?v=8PCL3f0ttxk
Holiday,De Vet Du,Holiday,https://music.youtube.com/watch?v=wwmu_5gBttE
‎Sing Hallelujah,Rebecca & Fiona,‎Sing Hallelujah,https://music.youtube.com/watch?v=rklwzeJnLQk
Sing Hallelujah (MC Alban version),Rebecca & Fiona,‎Sing Hallelujah,https://music.youtube.com/watch?v=rklwzeJnLQk
Sing Hallelujah (Das Herz-Style version),Rebecca & Fiona,‎Sing Hallelujah,https://music.youtube.com/watch?v=pTrOpkkO5Fc
Life Is Now (feat. Elize Ryd),Basic Element,Life Is Now (feat. Elize Ryd),https://music.youtube.com/watch?v=9s6wMnRms7E
Life Is Now [Extended Mix] (feat. Elize Ryd),Basic Element,Life Is Now (feat. Elize Ryd),https://music.youtube.com/watch?v=9s6wMnRms7E
CHANGE (I Have a Dream),Dr. Alban,CHANGE (I Have a Dream),https://music.youtube.com/watch?v=CzFYWaMmcLo
Moving On (feat. Admiral C4C & Lian Ross),Dr. Alban,Moving On (feat. Admiral C4C & Lian Ross),https://music.youtube.com/watch?v=I73jv_sL0Qs
Elmoped,Dr. Alban,Elmoped,https://music.youtube.com/watch?v=jAIxBMbS8t8
titulo,artistas,album,url
I Just Want to Celebrate,Rare Earth,"Ontario Motor Speedway, California, April '74",https://music.youtube.com/watch?v=HTbJMO5TX-s
"Hey, Big Brother",Rare Earth,"Ontario Motor Speedway, California, April '74",https://music.youtube.com/watch?v=N-suAW_aXSo
Keep Your Head to the Sky,"Earth, Wind & Fire","Ontario Motor Speedway, California, April '74",https://music.youtube.com/watch?v=HoE2EYu147U
C'mon Children,"Earth, Wind & Fire","Ontario Motor Speedway, California, April '74",https://music.youtube.com/watch?v=j4mDLdBZx74
Time Is on Your Side,"Earth, Wind & Fire","Ontario Motor Speedway, California, April '74",https://music.youtube.com/watch?v=Vx88KD2na1M
James Dean (feat. Jackson Browne),Eagles,"Ontario Motor Speedway, California, April '74",https://music.youtube.com/watch?v=c6vpYhfmu9M
Already Gone (feat. Jackson Browne),Eagles,"Ontario Motor Speedway, California, April '74",https://music.youtube.com/watch?v=PnodRmXmL9A
Take It Easy (feat. Jackson Browne),Eagles,"Ontario Motor Speedway, California, April '74",https://music.youtube.com/watch?v=IIGjgfVS6oU
Blackberry Blossom (feat. Jackson Browne),Eagles,"Ontario Motor Speedway, California, April '74",https://music.youtube.com/watch?v=ugpxdiqktsM
Midnight Flyer (feat. Jackson Browne),Eagles,"Ontario Motor Speedway, California, April '74",https://music.youtube.com/watch?v=12JMmdozrvc
Peaceful Easy Feeling (Live),Eagles,Beneath The Halo Moon (feat. Linda Ronstadt),https://music.youtube.com/watch?v=WI8s-CDpLBU
Already Gone (Live),Eagles,Beneath The Halo Moon (feat. Linda Ronstadt),https://music.youtube.com/watch?v=xTmEpIdkPKk
Good Day In Hell (Live),Eagles,Beneath The Halo Moon (feat. Linda Ronstadt),https://music.youtube.com/watch?v=SYWye5SdCQg
Silver Threads And Golden Needles (Live) (feat. Linda Ronstadt),Eagles,Beneath The Halo Moon (feat. Linda Ronstadt),https://music.youtube.com/watch?v=tFL3NfaZArQ
Desperado (Live) (feat. Linda Ronstadt),Eagles,Beneath The Halo Moon (feat. Linda Ronstadt),https://music.youtube.com/watch?v=31mbbAfBs_w
It Doesn't Matter Anymore (Live) (feat. Linda Ronstadt),Eagles,Beneath The Halo Moon (feat. Linda Ronstadt),https://music.youtube.com/watch?v=ZXauFhjTFi8
Midnight Flyer (Live),Eagles,Beneath The Halo Moon (feat. Linda Ronstadt),https://music.youtube.com/watch?v=e5ihgb_CXAY
Twenty One (Live),Eagles,Beneath The Halo Moon (feat. Linda Ronstadt),https://music.youtube.com/watch?v=Cj93Fhh4vfM
Ol' 55 (Live),Eagles,Beneath The Halo Moon (feat. Linda Ronstadt),https://music.youtube.com/watch?v=HsvQLXDBDCc
Your Bright Baby Blues (Live),Eagles,Beneath The Halo Moon (feat. Linda Ronstadt),https://music.youtube.com/watch?v=lPInGCTEOLI
Looking Into You (Live),Eagles,Beneath The Halo Moon (feat. Linda Ronstadt),https://music.youtube.com/watch?v=numhtQSgHF0
James Dean (Live),Eagles,Beneath The Halo Moon (feat. Linda Ronstadt),https://music.youtube.com/watch?v=qq5mDtpR-kQ
Doolin' Dalton (Live),Eagles,Beneath The Halo Moon (feat. Linda Ronstadt),https://music.youtube.com/watch?v=tSh_uSmg43I
Take It Easy (Live),Eagles,Beneath The Halo Moon (feat. Linda Ronstadt),https://music.youtube.com/watch?v=bFVLEQe8h3U
King Of Hollywood (Live),Eagles,King of Hollywood,https://music.youtube.com/watch?v=i6Ucf0UAgmU
In The City (Live),Eagles,King of Hollywood,https://music.youtube.com/watch?v=RCB59ZvolfU
Hotel California (Live),Eagles,King of Hollywood,https://music.youtube.com/watch?v=j89U-xtula8
Keep On Tryin' (Live),Eagles,King of Hollywood,https://music.youtube.com/watch?v=JzJ1N9calbU
Saturday Night (Live),Eagles,King of Hollywood,https://music.youtube.com/watch?v=8xn7JT0MWqM
I Can't Tell You Why (Live),Eagles,King of Hollywood,https://music.youtube.com/watch?v=jAb2efW2KEM
The Sad Cafe (Live),Eagles,King of Hollywood,https://music.youtube.com/watch?v=kUMmGI9IZCU
Already Gone (Live),Eagles,King of Hollywood,https://music.youtube.com/watch?v=omfZqnUGPVc
Pretty Maids All In A Row (Live),Eagles,King of Hollywood,https://music.youtube.com/watch?v=DeGB548haFA
Funk No. 49 (Live),The Eagles,"The Eagles Live At The Summit, Houston, 1976 vol. 2",https://music.youtube.com/watch?v=Km_47THZyFI
Good Day in Hell (Live),The Eagles,"The Eagles Live At The Summit, Houston, 1976 vol. 2",https://music.youtube.com/watch?v=kM8T4xd_GFE
Rocky Mountain Way (Live),The Eagles,"The Eagles Live At The Summit, Houston, 1976 vol. 2",https://music.youtube.com/watch?v=uRzI0-fHIfQ
Witchy Woman (Live),The Eagles,"The Eagles Live At The Summit, Houston, 1976 vol. 2",https://music.youtube.com/watch?v=RyiVKyV_8oo
James Dean (Live),The Eagles,"The Eagles Live At The Summit, Houston, 1976 vol. 2",https://music.youtube.com/watch?v=ACrerdQ-DQ0
Introductions (Live),The Eagles,"The Eagles Live At The Summit, Houston, 1976 vol. 2",https://music.youtube.com/watch?v=WHJdOswno3c
The Best of My Love (Live),The Eagles,"The Eagles Live At The Summit, Houston, 1976 vol. 2",https://music.youtube.com/watch?v=7csYuFYoc9M
Walk Away (Live),The Eagles,"The Eagles Live At The Summit, Houston, 1976 vol. 2",https://music.youtube.com/watch?v=0t3YRIAjV_A
Tequila Sunrise (Live),The Eagles,"The Eagles Live At The Summit, Houston, 1976 vol. 2",https://music.youtube.com/watch?v=aNAu0YQz7s4
No More Walks in the Wood,Eagles,Long Road out of Eden,https://music.youtube.com/watch?v=rYEk6P0jRho
How Long,Eagles,Long Road out of Eden,https://music.youtube.com/watch?v=PUNv4Mv3lX8
Busy Being Fabulous,Eagles,Long Road out of Eden,https://music.youtube.com/watch?v=hsDX5V1Jw-M
What Do I Do With My Heart,Eagles,Long Road out of Eden,https://music.youtube.com/watch?v=-s_40r-xGf8
Guilty of the Crime,Eagles,Long Road out of Eden,https://music.youtube.com/watch?v=Bk-a6Aoa_Kc
I Don't Want to Hear Any More,Eagles,Long Road out of Eden,https://music.youtube.com/watch?v=Ng1LNeV9Djg
Waiting in the Weeds,Eagles,Long Road out of Eden,https://music.youtube.com/watch?v=grMoITB6L9g
No More Cloudy Days,Eagles,Long Road out of Eden,https://music.youtube.com/watch?v=mzLLSXBnQhU
Fast Company,Eagles,Long Road out of Eden,https://music.youtube.com/watch?v=f7P9sZ5D7Ro
Do Something,Eagles,Long Road out of Eden,https://music.youtube.com/watch?v=aGEbNaoasrQ
You Are Not Alone,Eagles,Long Road out of Eden,https://music.youtube.com/watch?v=ZdiX7te58vA
Long Road Out of Eden,Eagles,Long Road out of Eden,https://music.youtube.com/watch?v=96mNHoaClZw
I Dreamed There Was No War,Eagles,Long Road out of Eden,https://music.youtube.com/watch?v=aGjpcKSl4ec
Somebody,Eagles,Long Road out of Eden,https://music.youtube.com/watch?v=O2bML5na_zQ
Frail Grasp on the Big Picture,Eagles,Long Road out of Eden,https://music.youtube.com/watch?v=4qlCqsE7ZNs
Last Good Time In Town,Eagles,Long Road out of Eden,https://music.youtube.com/watch?v=qKcMSI8zslE
I Love to Watch a Woman Dance,Eagles,Long Road out of Eden,https://music.youtube.com/watch?v=wo3kAroH6Ps
Business As Usual,Eagles,Long Road out of Eden,https://music.youtube.com/watch?v=BJRBkEPNAA4
Center of the Universe,Eagles,Long Road out of Eden,https://music.youtube.com/watch?v=uXyYkDuzg9s
It's Your World Now,Eagles,Long Road out of Eden,https://music.youtube.com/watch?v=TyFJg18RtLc
The Long Run,Eagles,The Long Run,https://music.youtube.com/watch?v=w-XGi32bX0c
I Can't Tell You Why,Eagles,The Long Run,https://music.youtube.com/watch?v=Odcn6qk94bs
In the City,Eagles,The Long Run,https://music.youtube.com/watch?v=J39LK_wDzKw
The Disco Strangler,Eagles,The Long Run,https://music.youtube.com/watch?v=TwCqCUSks0E
King of Hollywood,Eagles,The Long Run,https://music.youtube.com/watch?v=j-V_HKt733k
Heartache Tonight,Eagles,The Long Run,https://music.youtube.com/watch?v=jBte_o5JpJA
Those Shoes,Eagles,The Long Run,https://music.youtube.com/watch?v=UsREsBbDjFA
Teenage Jail,Eagles,The Long Run,https://music.youtube.com/watch?v=P_wNnRi4S_E
The Greeks Don't Want No Freaks,Eagles,The Long Run,https://music.youtube.com/watch?v=mR6Q_Q0v7G4
The Sad Cafe,Eagles,The Long Run,https://music.youtube.com/watch?v=MRG1ziAcIVs
Hotel California,Eagles,Hotel California,https://music.youtube.com/watch?v=dLl4PZtxia8
New Kid in Town,Eagles,Hotel California,https://music.youtube.com/watch?v=_fW2rw8SwoA
Life in the Fast Lane,Eagles,Hotel California,https://music.youtube.com/watch?v=Ybg_uZxdE0c
Wasted Time,Eagles,Hotel California,https://music.youtube.com/watch?v=evxkY964tqk
Wasted Time (Reprise),Eagles,Hotel California,https://music.youtube.com/watch?v=None
Victim of Love,Eagles,Hotel California,https://music.youtube.com/watch?v=eqAzOeDoQwE
Pretty Maids All in a Row,Eagles,Hotel California,https://music.youtube.com/watch?v=ffBPxEO5vHQ
Try and Love Again,Eagles,Hotel California,https://music.youtube.com/watch?v=_0A7UXFPxS8
The Last Resort,Eagles,Hotel California,https://music.youtube.com/watch?v=None
One of These Nights,Eagles,One of These Nights,https://music.youtube.com/watch?v=dkb811y4fkI
Too Many Hands,Eagles,One of These Nights,https://music.youtube.com/watch?v=7JuB7rLH_ew
Hollywood Waltz,Eagles,One of These Nights,https://music.youtube.com/watch?v=13inAzr-vak
Journey of the Sorcerer,Eagles,One of These Nights,https://music.youtube.com/watch?v=wZdZKolMIl0
Lyin' Eyes,Eagles,One of These Nights,https://music.youtube.com/watch?v=1t2upIbBJw4
Take It to the Limit,Eagles,One of These Nights,https://music.youtube.com/watch?v=SloVvZdNuXA
Visions,Eagles,One of These Nights,https://music.youtube.com/watch?v=AiS-8G2XTdM
After the Thrill Is Gone,Eagles,One of These Nights,https://music.youtube.com/watch?v=EaoqonWmEM4
I Wish You Peace,Eagles,One of These Nights,https://music.youtube.com/watch?v=1TlRws5-Z8U
Already Gone,Eagles,On the Border,https://music.youtube.com/watch?v=NkqUMG6uycM
You Never Cry Like a Lover,Eagles,On the Border,https://music.youtube.com/watch?v=ag_ONZypHIM
Midnight Flyer,Eagles,On the Border,https://music.youtube.com/watch?v=DYVITwlx2dM
My Man,Eagles,On the Border,https://music.youtube.com/watch?v=sCqmMKwPqlg
On the Border,Eagles,On the Border,https://music.youtube.com/watch?v=n91_ozQrEmk
James Dean,Eagles,On the Border,https://music.youtube.com/watch?v=tU_rnam0TJk
Ol' 55,Eagles,On the Border,https://music.youtube.com/watch?v=Ul6FX6vw3GE
Is It True?,Eagles,On the Border,https://music.youtube.com/watch?v=9usknDllPD8
Good Day in Hell,Eagles,On the Border,https://music.youtube.com/watch?v=xk10o83tbEY
The Best of My Love,Eagles,On the Border,https://music.youtube.com/watch?v=76ke25oo0kg
Doolin-Dalton,Eagles,Desperado,https://music.youtube.com/watch?v=0L4qBm8LrIc
Twenty-One,Eagles,Desperado,https://music.youtube.com/watch?v=LEodN4vYrO8
Out of Control,Eagles,Desperado,https://music.youtube.com/watch?v=n_8_EzkMoyk
Tequila Sunrise,Eagles,Desperado,https://music.youtube.com/watch?v=le61bGcXlq0
Desperado,Eagles,Desperado,https://music.youtube.com/watch?v=-q93wc3-deU
Certain Kind of Fool,Eagles,Desperado,https://music.youtube.com/watch?v=nV8TyTcQRxI
Doolin-Dalton (Instrumental) (Instrumental; 2013 Remaster),Eagles,Desperado,https://music.youtube.com/watch?v=BG0xZOA2ya4
Outlaw Man,Eagles,Desperado,https://music.youtube.com/watch?v=GV7fY8FbLeY
Saturday Night,Eagles,Desperado,https://music.youtube.com/watch?v=g6YLvPGV-78
Bitter Creek,Eagles,Desperado,https://music.youtube.com/watch?v=4R68eQ6rqV0
Doolin-Dalton / Desperado (Reprise),Eagles,Desperado,https://music.youtube.com/watch?v=None
Lyin' Eyes,Eagles,Lyin' Eyes,https://music.youtube.com/watch?v=1t2upIbBJw4
Take It to the Limit,Eagles,Take It to the Limit,https://music.youtube.com/watch?v=SloVvZdNuXA
One of These Nights (Single Version) (Single Version; 2018 Remaster),Eagles,One of These Nights (Single Version; 2018 Remaster),https://music.youtube.com/watch?v=dkb811y4fkI
Please Come Home for Christmas,Eagles,Please Come Home for Christmas / Funky New Year,https://music.youtube.com/watch?v=7Rv3wfwIVBc
Funky New Year,Eagles,Please Come Home for Christmas / Funky New Year,https://music.youtube.com/watch?v=5dGdrNP-NMk
Take It Easy,Eagles,Take It Easy,https://music.youtube.com/watch?v=5igDtWadYms
"The Best of My Love (Live at the Millennium Concert, Staples Center, Los Angeles, CA, 12/31/1999)",Eagles,"The Best of My Love (Live at the Millennium Concert, Staples Center, Los Angeles, CA, 12/31/1999)",https://music.youtube.com/watch?v=Tl2QS8aW-NA
"Lyin' Eyes (Live From The Forum, Inglewood, CA, 9/12, 14, 15/2018)",Eagles,"Lyin' Eyes (Live From The Forum, Inglewood, CA, 9/12, 14, 15/2018)",https://music.youtube.com/watch?v=UeUFdH5u_yY
Take It Easy,The Eagles,"Live At Ontario Speedway, California, April 6th 1974, KLOS-FM Broadcast",https://music.youtube.com/watch?v=fqr69o2nAYY
James Dean,The Eagles,"Live At Ontario Speedway, California, April 6th 1974, KLOS-FM Broadcast",https://music.youtube.com/watch?v=_nE1TwShrI4
Midnight Flyer,The Eagles,"Live At Ontario Speedway, California, April 6th 1974, KLOS-FM Broadcast",https://music.youtube.com/watch?v=zhwnw-L8rGA
Already Gone,The Eagles,"Live At Ontario Speedway, California, April 6th 1974, KLOS-FM Broadcast",https://music.youtube.com/watch?v=3TRjQNicouc
"Hotel California (Live From The Forum, Inglewood, CA, 9/12, 14, 15/2018)",Eagles,"Hotel California (Live From The Forum, Inglewood, CA, 9/12, 14, 15/2018)",https://music.youtube.com/watch?v=wkAAxeFOj0Y
"New Kid in Town (Live at The Forum, Los Angeles, CA, 10/20-22/1976)",Eagles,"New Kid in Town (Live at Capital Centre, Landover, MD, 3/21-22/1977; 2017 Remaster)",https://music.youtube.com/watch?v=ab62weGHgZ4
titulo,artistas,album,url
The Great Pretender (Special Edition),Freddie Mercury,Never Boring,https://music.youtube.com/watch?v=1ZtwSnrkDiI
I Was Born To Love You (Special Edition),Freddie Mercury,Never Boring,https://music.youtube.com/watch?v=tOTI5oj95Kw
Barcelona (2012 Orchestrated Version),"Freddie Mercury, Montserrat Caballé",Never Boring,https://music.youtube.com/watch?v=Y1fiOJDXA-E
Love Kills (Special Edition),Freddie Mercury,Never Boring,https://music.youtube.com/watch?v=YcgBgJCaC-M
How Can I Go On (2012 Orchestrated Version / Single Version),"Freddie Mercury, Montserrat Caballé",Never Boring,https://music.youtube.com/watch?v=ksNoe8W2jTc
Love Me Like There's No Tomorrow (Special Edition),Freddie Mercury,Never Boring,https://music.youtube.com/watch?v=H1Wbu_AF2e4
Living On My Own (No More Brothers Radio Mix),Freddie Mercury,Never Boring,https://music.youtube.com/watch?v=HTdd8QxifbY
The Golden Boy (2012 Orchestrated Version / Single Edit),"Freddie Mercury, Montserrat Caballé",Never Boring,https://music.youtube.com/watch?v=aUEpKzMaZPY
She Blows Hot And Cold (Special Edition),Freddie Mercury,Never Boring,https://music.youtube.com/watch?v=5s-3I4fm2Is
Made In Heaven (Special Edition),Freddie Mercury,Never Boring,https://music.youtube.com/watch?v=vBCTasRgFqo
Barcelona (New Orchestrated Version),"Freddie Mercury, Montserrat Caballé",Barcelona (Special Edition - Deluxe),https://music.youtube.com/watch?v=Y1fiOJDXA-E
La Japonaise (New Orchestrated Version),"Freddie Mercury, Montserrat Caballé",Barcelona (Special Edition - Deluxe),https://music.youtube.com/watch?v=THDBBvjOc4M
The Fallen Priest (New Orchestrated Version),"Freddie Mercury, Montserrat Caballé",Barcelona (Special Edition - Deluxe),https://music.youtube.com/watch?v=0gQW7b5TT_I
Ensueño (New Orchestrated Version),"Freddie Mercury, Montserrat Caballé",Barcelona (Special Edition - Deluxe),https://music.youtube.com/watch?v=lQtwK3P8Cto
The Golden Boy (New Orchestrated Version),"Freddie Mercury, Montserrat Caballé",Barcelona (Special Edition - Deluxe),https://music.youtube.com/watch?v=OPizyP4x30I
Guide Me Home (New Orchestrated Version),"Freddie Mercury, Montserrat Caballé",Barcelona (Special Edition - Deluxe),https://music.youtube.com/watch?v=1VmNHQGtzHE
How Can I Go On (New Orchestrated Version),"Freddie Mercury, Montserrat Caballé",Barcelona (Special Edition - Deluxe),https://music.youtube.com/watch?v=ksNoe8W2jTc
Exercises In Free Love (New Orchestrated Version),"Freddie Mercury, Montserrat Caballé",Barcelona (Special Edition - Deluxe),https://music.youtube.com/watch?v=QI5Hf5MDrbY
Overture Piccante (New Orchestrated Version),"Freddie Mercury, Montserrat Caballé",Barcelona (Special Edition - Deluxe),https://music.youtube.com/watch?v=ZzYkbKcPnuI
How Can I Go On (New Orchestrated Version),Freddie Mercury & Montserrat Caballé,Barcelona (Special Edition - Deluxe),https://music.youtube.com/watch?v=None
Exercises In Free Love (1987 B-Side),"Freddie Mercury, Montserrat Caballé",Barcelona (Special Edition - Deluxe),https://music.youtube.com/watch?v=JAO_XHisG_0
Barcelona (Early Version: Freddie's Demo Vocal),Freddie Mercury,Barcelona (Special Edition - Deluxe),https://music.youtube.com/watch?v=JCmcs5GEjKA
La Japonaise (Early Version: Freddie's Demo Vocal),Freddie Mercury,Barcelona (Special Edition - Deluxe),https://music.youtube.com/watch?v=9kP8tuCISZg
Rachmaninov's Revenge (The Fallen Priest) (Later Version: Freddie's Demo Vocal),Freddie Mercury,Barcelona (Special Edition - Deluxe),https://music.youtube.com/watch?v=QBxlJTaGl8c
Ensueño (Monsterrat's Live Takes),Montserrat Caballé,Barcelona (Special Edition - Deluxe),https://music.youtube.com/watch?v=pmKh8Rt2w2A
The Golden Boy (Early Version: Freddie's Demo Vocal),Freddie Mercury,Barcelona (Special Edition - Deluxe),https://music.youtube.com/watch?v=SaJ0ajUDdTQ
Guide Me Home (Alternative Version),"Freddie Mercury, Montserrat Caballé",Barcelona (Special Edition - Deluxe),https://music.youtube.com/watch?v=FPDutrCVF9A
How Can I Go On (Alternative Version),"Freddie Mercury, Montserrat Caballé",Barcelona (Special Edition - Deluxe),https://music.youtube.com/watch?v=P8BJwHbGRyo
How Can I Go On (Alternative Piano Version),"Freddie Mercury, Montserrat Caballé",Barcelona (Special Edition - Deluxe),https://music.youtube.com/watch?v=lMPknOAvzFY
Barcelona (Orchestral Version),"Freddie Mercury, Montserrat Caballé",Barcelona (Special Edition - Deluxe),https://music.youtube.com/watch?v=3ROX7ww5Exo
La Japonaise (Orchestral Version),"Freddie Mercury, Montserrat Caballé",Barcelona (Special Edition - Deluxe),https://music.youtube.com/watch?v=oVgQrO-7Evk
The Fallen Priest (Orchestral Version),"Freddie Mercury, Montserrat Caballé",Barcelona (Special Edition - Deluxe),https://music.youtube.com/watch?v=9SYwWSRAq6E
Ensueño (Orchestral Version),"Freddie Mercury, Montserrat Caballé",Barcelona (Special Edition - Deluxe),https://music.youtube.com/watch?v=OxvWgbqx03M
The Golden Boy (Orchestral Version),"Freddie Mercury, Montserrat Caballé",Barcelona (Special Edition - Deluxe),https://music.youtube.com/watch?v=W--jm8CB-ls
Guide Me Home (Orchestral Version),"Freddie Mercury, Montserrat Caballé",Barcelona (Special Edition - Deluxe),https://music.youtube.com/watch?v=TYvIWDd5T2g
How Can I Go On (Orchestral Version),"Freddie Mercury, Montserrat Caballé",Barcelona (Special Edition - Deluxe),https://music.youtube.com/watch?v=_uRQkz3YSC4
Exercises In Free Love (Orchestral Version),"Freddie Mercury, Montserrat Caballé",Barcelona (Special Edition - Deluxe),https://music.youtube.com/watch?v=3V_k5jJVYSs
Overture Piccante (Orchestral Version),"Freddie Mercury, Montserrat Caballé",Barcelona (Special Edition - Deluxe),https://music.youtube.com/watch?v=rRvp0KCmrxw
Barcelona (New Orchestrated Version),Freddie Mercury,Barcelona (Special Edition),https://music.youtube.com/watch?v=Y1fiOJDXA-E
La Japonaise (New Orchestrated Version),Freddie Mercury,Barcelona (Special Edition),https://music.youtube.com/watch?v=DYIp-7-4MUk
The Fallen Priest (New Orchestrated Version),Freddie Mercury,Barcelona (Special Edition),https://music.youtube.com/watch?v=QR_xn-c35ko
Ensueño (New Orchestrated Version),Freddie Mercury,Barcelona (Special Edition),https://music.youtube.com/watch?v=yn436vcTJl8
The Golden Boy (New Orchestrated Version),Freddie Mercury,Barcelona (Special Edition),https://music.youtube.com/watch?v=OPizyP4x30I
Guide Me Home (New Orchestrated Version),Freddie Mercury,Barcelona (Special Edition),https://music.youtube.com/watch?v=JYb2yHjFBF8
How Can I Go On (New Orchestrated Version),Freddie Mercury,Barcelona (Special Edition),https://music.youtube.com/watch?v=ksNoe8W2jTc
Exercises In Free Love (New Orchestrated Version),Freddie Mercury,Barcelona (Special Edition),https://music.youtube.com/watch?v=4oIbEv-kiFE
Overture Piccante (New Orchestrated Version),Freddie Mercury,Barcelona (Special Edition),https://music.youtube.com/watch?v=4u4P7uaqhNs
Let's Turn It On (Special Edition),Freddie Mercury,Mr Bad Guy (Special Edition),https://music.youtube.com/watch?v=6Wkapjs5_30
Made In Heaven (Special Edition),Freddie Mercury,Mr Bad Guy (Special Edition),https://music.youtube.com/watch?v=vBCTasRgFqo
I Was Born To Love You (Special Edition),Freddie Mercury,Mr Bad Guy (Special Edition),https://music.youtube.com/watch?v=cASCgdP6PdM
Foolin' Around (Special Edition),Freddie Mercury,Mr Bad Guy (Special Edition),https://music.youtube.com/watch?v=iu0rJyUMlTo
Your Kind Of Lover (Special Edition),Freddie Mercury,Mr Bad Guy (Special Edition),https://music.youtube.com/watch?v=jtBgdiYR-mk
Mr. Bad Guy (Special Edition),Freddie Mercury,Mr Bad Guy (Special Edition),https://music.youtube.com/watch?v=v_Mb25ASCr8
Man Made Paradise (Special Edition),Freddie Mercury,Mr Bad Guy (Special Edition),https://music.youtube.com/watch?v=yI4PJ0TSgyE
There Must Be More To Life Than This (Special Edition),Freddie Mercury,Mr Bad Guy (Special Edition),https://music.youtube.com/watch?v=WsURKnXOvXo
Living On My Own (Special Edition),Freddie Mercury,Mr Bad Guy (Special Edition),https://music.youtube.com/watch?v=DedaEVIbTkY
My Love Is Dangerous (Special Edition),Freddie Mercury,Mr Bad Guy (Special Edition),https://music.youtube.com/watch?v=eaEvflC-d00
Love Me Like There's No Tomorrow (Special Edition),Freddie Mercury,Mr Bad Guy (Special Edition),https://music.youtube.com/watch?v=H1Wbu_AF2e4
Living on My Own (Single Edit),Freddie Mercury,Messenger Of The Gods: The Singles Collection,https://music.youtube.com/watch?v=eTL2G7xyKcw
The Great Pretender,Freddie Mercury,Messenger Of The Gods: The Singles Collection,https://music.youtube.com/watch?v=mLRjFWDGs1g
Love Kills,Freddie Mercury,Messenger Of The Gods: The Singles Collection,https://music.youtube.com/watch?v=FhBkrlUiE7U
Barcelona,"Freddie Mercury, Montserrat Caballé",Messenger Of The Gods: The Singles Collection,https://music.youtube.com/watch?v=3bh7rYcpeAY
Made in Heaven (Single Remix),Freddie Mercury,Messenger Of The Gods: The Singles Collection,https://music.youtube.com/watch?v=-joxVT9O0XY
Love Me Like There's No Tomorrow,Freddie Mercury,Messenger Of The Gods: The Singles Collection,https://music.youtube.com/watch?v=H1Wbu_AF2e4
I Was Born to Love You,Freddie Mercury,Messenger Of The Gods: The Singles Collection,https://music.youtube.com/watch?v=rtDTPZkUBpc
The Golden Boy (Single Edit),"Freddie Mercury, Montserrat Caballé",Messenger Of The Gods: The Singles Collection,https://music.youtube.com/watch?v=Ohl6hjJJKoI
I Can Hear Music,Larry Lurex,Messenger Of The Gods: The Singles Collection,https://music.youtube.com/watch?v=WzA4OyalTuI
How Can I Go On (Single Version),"Freddie Mercury, Montserrat Caballé",Messenger Of The Gods: The Singles Collection,https://music.youtube.com/watch?v=Zp1NTxsPJZc
Living On My Own (No More Brothers Radio Mix),Freddie Mercury,Messenger Of The Gods: The Singles Collection,https://music.youtube.com/watch?v=HTdd8QxifbY
Goin' Back,Larry Lurex,Messenger Of The Gods: The Singles Collection,https://music.youtube.com/watch?v=3epki8NAbWg
Let's Turn It On,Freddie Mercury,Messenger Of The Gods: The Singles Collection,https://music.youtube.com/watch?v=6Wkapjs5_30
My Love Is Dangerous,Freddie Mercury,Messenger Of The Gods: The Singles Collection,https://music.youtube.com/watch?v=WsbKPgAxxXQ
She Blows Hot and Cold,Freddie Mercury,Messenger Of The Gods: The Singles Collection,https://music.youtube.com/watch?v=t-Tbr581YlY
Living on My Own (Julian Raymond Album Mix),Freddie Mercury,Messenger Of The Gods: The Singles Collection,https://music.youtube.com/watch?v=lgeJWnZnzcQ
Stop All the Fighting,Freddie Mercury,Messenger Of The Gods: The Singles Collection,https://music.youtube.com/watch?v=xc6-3iHCHF0
Exercises in Free Love (Freddie Vocal),Freddie Mercury,Messenger Of The Gods: The Singles Collection,https://music.youtube.com/watch?v=n890RSSOeV8
Exercises in Free Love (Montserrat Vocal),Montserrat Caballé,Messenger Of The Gods: The Singles Collection,https://music.youtube.com/watch?v=p1AXvGpQMq0
The Fallen Priest (B-Side Edit),"Freddie Mercury, Montserrat Caballé",Messenger Of The Gods: The Singles Collection,https://music.youtube.com/watch?v=dT4mzOkHkRw
Overture Piccante,"Freddie Mercury, Montserrat Caballé",Messenger Of The Gods: The Singles Collection,https://music.youtube.com/watch?v=8rsCdQATImM
Love Kills (Wolf Euro Mix),Freddie Mercury,Messenger Of The Gods: The Singles Collection,https://music.youtube.com/watch?v=-8YJohCtNk8
Little Freddie Goes to School (Single Mix),Freddie Mercury,Little Freddie Goes to School (2021 Mix),https://music.youtube.com/watch?v=uuARAQSkLdI
Little Freddie Goes to School,Freddie Mercury,Little Freddie Goes to School (2021 Mix),https://music.youtube.com/watch?v=6EQphEnKACo
Little Freddie Goes to School (Instrumental Mix),Freddie Mercury,Little Freddie Goes to School (2021 Mix),https://music.youtube.com/watch?v=euXUMulsGYk
Time Waits For No One,Freddie Mercury,Time Waits For No One,https://music.youtube.com/watch?v=CvUG-ET21UY
Love Me Like There's No Tomorrow (Special Edition),Freddie Mercury,Love Me Like There's No Tomorrow,https://music.youtube.com/watch?v=H1Wbu_AF2e4
Living On My Own (Special Edition),Freddie Mercury,Living On My Own,https://music.youtube.com/watch?v=DedaEVIbTkY
titulo,artistas,album,url
Respect,Aretha Franklin,Aretha Franklin & Gloria Gaynor: Respect,https://music.youtube.com/watch?v=U0yIf9Tkgu4
Rock Steady,Aretha Franklin,Aretha Franklin & Gloria Gaynor: Respect,https://music.youtube.com/watch?v=7yzXrnZ1TXI
See Saw,Aretha Franklin,Aretha Franklin & Gloria Gaynor: Respect,https://music.youtube.com/watch?v=O6CwIH6Ogxo
Don’t play that Song,Aretha Franklin,Aretha Franklin & Gloria Gaynor: Respect,https://music.youtube.com/watch?v=lvVYZnnQVag
You make Me Feel like a Natural Woman,Aretha Franklin,Aretha Franklin & Gloria Gaynor: Respect,https://music.youtube.com/watch?v=8jCFzreP1ng
Think,Aretha Franklin,Aretha Franklin & Gloria Gaynor: Respect,https://music.youtube.com/watch?v=P9yIoSpWWNE
I Say A Little Prayer,Aretha Franklin,Aretha Franklin & Gloria Gaynor: Respect,https://music.youtube.com/watch?v=dQ6idhIpCck
Ain´t no Way,Aretha Franklin,Aretha Franklin & Gloria Gaynor: Respect,https://music.youtube.com/watch?v=MB1FPOuSVeM
"Baby, I Love You",Aretha Franklin,Aretha Franklin & Gloria Gaynor: Respect,https://music.youtube.com/watch?v=TAfsYY1kM8g
Call Me,Aretha Franklin,Aretha Franklin & Gloria Gaynor: Respect,https://music.youtube.com/watch?v=LE2Qm8GpR6U
Share Your Love With Me,Aretha Franklin,Aretha Franklin & Gloria Gaynor: Respect,https://music.youtube.com/watch?v=Jsi1mMjdLIU
The Weight,Aretha Franklin,Aretha Franklin & Gloria Gaynor: Respect,https://music.youtube.com/watch?v=DHDovAXJcr0
While The Blood Runs Warm,Aretha Franklin,Aretha Franklin & Gloria Gaynor: Respect,https://music.youtube.com/watch?v=kX4j2tc8wuY
Chain Of Fools,Aretha Franklin,Aretha Franklin & Gloria Gaynor: Respect,https://music.youtube.com/watch?v=IiKnsR5swRM
Eleanor Rigby,Aretha Franklin,Aretha Franklin & Gloria Gaynor: Respect,https://music.youtube.com/watch?v=ufXwygqGMbM
I Will Survive,Gloria Gaynor,Aretha Franklin & Gloria Gaynor: Respect,https://music.youtube.com/watch?v=ymsS0GJo1bg
Never Can Say Goodbye,Gloria Gaynor,Aretha Franklin & Gloria Gaynor: Respect,https://music.youtube.com/watch?v=HC4jaKaed1I
The Eye of the Tiger,Gloria Gaynor,Aretha Franklin & Gloria Gaynor: Respect,https://music.youtube.com/watch?v=t0C8ay5n1X8
I am what I am,Gloria Gaynor,Aretha Franklin & Gloria Gaynor: Respect,https://music.youtube.com/watch?v=Yfvu9PKCFoU
Can’t take My Eyes off You,Gloria Gaynor,Aretha Franklin & Gloria Gaynor: Respect,https://music.youtube.com/watch?v=7dkaFHaNxXg
Every Breath You Take,Gloria Gaynor,Aretha Franklin & Gloria Gaynor: Respect,https://music.youtube.com/watch?v=qrfqb2F9A70
Reach Out I'll Be There,Gloria Gaynor,Aretha Franklin & Gloria Gaynor: Respect,https://music.youtube.com/watch?v=3smbbUeRGhs
Suddenly,Gloria Gaynor,Aretha Franklin & Gloria Gaynor: Respect,https://music.youtube.com/watch?v=KTSxh7387g0
Every Time You Go Away,Gloria Gaynor,Aretha Franklin & Gloria Gaynor: Respect,https://music.youtube.com/watch?v=jhRG3UYApY0
The Power of Love,Gloria Gaynor,Aretha Franklin & Gloria Gaynor: Respect,https://music.youtube.com/watch?v=UaF4WMUXcP0
Amazing Grace,Gloria Gaynor,Testimony,https://music.youtube.com/watch?v=61JS0Y74Yzk
Back On Top,Gloria Gaynor,Testimony,https://music.youtube.com/watch?v=REb7GUawQWM
He Won't Let Go (feat. Bart Millard),Gloria Gaynor,Testimony,https://music.youtube.com/watch?v=OXp82wLUY6Y
Joy Comes In The Morning,Gloria Gaynor,Testimony,https://music.youtube.com/watch?v=nJPY8xhOyxE
Only You Can Do,Gloria Gaynor,Testimony,https://music.youtube.com/watch?v=RAWSxj6YPeM
Singin' Over Me (feat. Jason Crabb),Gloria Gaynor,Testimony,https://music.youtube.com/watch?v=cJyIrtELn5s
Talkin' 'Bout Jesus (feat. Yolanda Adams),Gloria Gaynor,Testimony,https://music.youtube.com/watch?v=U4iAF8zzgbk
"Take My Hand, Precious Lord (feat. Jason Crabb, Mike Farris & Bart Millard)",Gloria Gaynor,Testimony,https://music.youtube.com/watch?v=KIKb-46fBqE
Man Of Peace (feat. Mike Farris),Gloria Gaynor,Testimony,https://music.youtube.com/watch?v=E4Wxdz51Hko
Day One,Gloria Gaynor,Testimony,https://music.youtube.com/watch?v=BCV7Oi_7yfs
I Will Survive (Rerecorded Club Mix),葛洛莉亞 蓋諾,最好的收藏,https://music.youtube.com/watch?v=5A2AdLSXfUk
I Am What I Am,葛洛莉亞 蓋諾,最好的收藏,https://music.youtube.com/watch?v=siDgkLdFvXg
The Power of Love,葛洛莉亞 蓋諾,最好的收藏,https://music.youtube.com/watch?v=ZLhQ4ypuD6U
Every Breath You Take,葛洛莉亞 蓋諾,最好的收藏,https://music.youtube.com/watch?v=fR7YM24EFpc
The Heat Is On,葛洛莉亞 蓋諾,最好的收藏,https://music.youtube.com/watch?v=esN1szhja8A
Broken Wings,葛洛莉亞 蓋諾,最好的收藏,https://music.youtube.com/watch?v=tSsNdcwp99E
Feel So Real,葛洛莉亞 蓋諾,最好的收藏,https://music.youtube.com/watch?v=HmtXnJ0zDhw
Every Time You Go Away,葛洛莉亞 蓋諾,最好的收藏,https://music.youtube.com/watch?v=C-YnuAlyerk
Suddenly,葛洛莉亞 蓋諾,最好的收藏,https://music.youtube.com/watch?v=kZDDew7M1LQ
The Eye of the Tiger,葛洛莉亞 蓋諾,最好的收藏,https://music.youtube.com/watch?v=w1BU3j16KQ8
I Want To Know What Love Is,葛洛莉亞 蓋諾,最好的收藏,https://music.youtube.com/watch?v=ao69Uhw4UFU
Everybody Wants to Rule the World,葛洛莉亞 蓋諾,最好的收藏,https://music.youtube.com/watch?v=r7mJLi6dDpc
What a Wonderful World,葛洛莉亞 蓋諾,最好的收藏,https://music.youtube.com/watch?v=OrYGNKY9V6c
He's Out of My Life,葛洛莉亞 蓋諾,最好的收藏,https://music.youtube.com/watch?v=5-8NuxNpI1M
Careless Whisper,葛洛莉亞 蓋諾,最好的收藏,https://music.youtube.com/watch?v=rvf1IoFdb1o
Don't You Dare Call It Love,葛洛莉亞 蓋諾,最好的收藏,https://music.youtube.com/watch?v=QEImcTFZ2Mw
Top Shelf,葛洛莉亞 蓋諾,最好的收藏,https://music.youtube.com/watch?v=Y1Z4d1DZ2gc
Greatest Hits Medley,葛洛莉亞 蓋諾,最好的收藏,https://music.youtube.com/watch?v=LzmiXwWAeLo
I Am What I Am (Rerecorded Extended Version),葛洛莉亞 蓋諾,最好的收藏,https://music.youtube.com/watch?v=flAkjiowqbk
I Am What I Am (Radio Version),Gloria Gaynor,I Am Gloria Gaynor,https://music.youtube.com/watch?v=vSGNhZOGxE8
Strive (Short Version),Gloria Gaynor,I Am Gloria Gaynor,https://music.youtube.com/watch?v=c-BfSGmMnqY
After The Lovin',Gloria Gaynor,I Am Gloria Gaynor,https://music.youtube.com/watch?v=AiAUJGgVsj0
More Than Enough,Gloria Gaynor,I Am Gloria Gaynor,https://music.youtube.com/watch?v=DUl7brqH0r8
You're All I Need To Get By,Gloria Gaynor,I Am Gloria Gaynor,https://music.youtube.com/watch?v=70-pZrWqCYQ
Love Is The Reason (feat. Engelbert Humperdinck),"Gloria Gaynor, Engelbert Humperdinck",I Am Gloria Gaynor,https://music.youtube.com/watch?v=FtTGR95Mqy0
Strive (Long Version),Gloria Gaynor,I Am Gloria Gaynor,https://music.youtube.com/watch?v=DKTFa8fyI-0
I've Been Watching You,Gloria Gaynor,I Am Gloria Gaynor,https://music.youtube.com/watch?v=vgLlfO-ohyM
Only In A Love Song,Gloria Gaynor,I Am Gloria Gaynor,https://music.youtube.com/watch?v=QvCG7e1ajSk
I Am What I Am (Long Version),Gloria Gaynor,I Am Gloria Gaynor,https://music.youtube.com/watch?v=kVzlQW-ygzw
The Heat Is On,Gloria Gaynor,The Fabulous Voice Of Gloria Gaynor,https://music.youtube.com/watch?v=qneO4KEWuSw
Feel So Real,Gloria Gaynor,The Fabulous Voice Of Gloria Gaynor,https://music.youtube.com/watch?v=jjcDu7WLuDY
Everytime You Go Away,Gloria Gaynor,The Fabulous Voice Of Gloria Gaynor,https://music.youtube.com/watch?v=k00sZbu2R2E
Broken Wings,Gloria Gaynor,The Fabulous Voice Of Gloria Gaynor,https://music.youtube.com/watch?v=md_nKVwY26w
Suddenly,Gloria Gaynor,The Fabulous Voice Of Gloria Gaynor,https://music.youtube.com/watch?v=rO6euOYemk4
Hits Medley: I Will Survive; Never Can Say Goodbye; Reach Out I'll Be There; I Am What I Am,Gloria Gaynor,The Fabulous Voice Of Gloria Gaynor,https://music.youtube.com/watch?v=_AvRAdmy4WA
The Power Of Love,Gloria Gaynor,The Fabulous Voice Of Gloria Gaynor,https://music.youtube.com/watch?v=NKEENvup0_M
Every Breath You Take,Gloria Gaynor,The Fabulous Voice Of Gloria Gaynor,https://music.youtube.com/watch?v=TncCu7vFjQQ
I Want To Know What Love Is,Gloria Gaynor,The Fabulous Voice Of Gloria Gaynor,https://music.youtube.com/watch?v=5j8iczrIH4c
Never Gonna Give You Up,Barry White,Barry White & Gloria Gaynor - CD 2,https://music.youtube.com/watch?v=lcQXfVBlOk8
Come on in Love,Barry White,Barry White & Gloria Gaynor - CD 2,https://music.youtube.com/watch?v=WSEbzxCVKjc
Let the Music Play,Barry White,Barry White & Gloria Gaynor - CD 2,https://music.youtube.com/watch?v=tfFjm-6cbu8
"You're the First, the Last, my Everything",Barry White,Barry White & Gloria Gaynor - CD 2,https://music.youtube.com/watch?v=efWZYk8DwFs
Can’t get Enough of your Love Baby,Barry White,Barry White & Gloria Gaynor - CD 2,https://music.youtube.com/watch?v=zUKAm1cB1wg
I´ve Got So Much To Give,Barry White,Barry White & Gloria Gaynor - CD 2,https://music.youtube.com/watch?v=HCHw1yG7Svk
What am i gonna do with you,Barry White,Barry White & Gloria Gaynor - CD 2,https://music.youtube.com/watch?v=zWF0G0Q8qvY
Honey Please can't you See,Barry White,Barry White & Gloria Gaynor - CD 2,https://music.youtube.com/watch?v=ubYL6lUgUEA
I'm gonna Love You Just a Little,Barry White,Barry White & Gloria Gaynor - CD 2,https://music.youtube.com/watch?v=i1DZTi5PCu4
I Found Someone,Barry White,Barry White & Gloria Gaynor - CD 2,https://music.youtube.com/watch?v=FPTJRHPFb4I
Love Serenade,Barry White,Barry White & Gloria Gaynor - CD 2,https://music.youtube.com/watch?v=aK8rtdcOp0s
Love Theme,Barry White,Barry White & Gloria Gaynor - CD 2,https://music.youtube.com/watch?v=rvpUllv8pMo
Reach Out I'll Be There,Gloria Gaynor,Barry White & Gloria Gaynor - CD 2,https://music.youtube.com/watch?v=B94uBLIswD8
I Will Survive,Gloria Gaynor,Barry White & Gloria Gaynor - CD 2,https://music.youtube.com/watch?v=3uGdDHeawyo
The Power Of Love,Gloria Gaynor,Barry White & Gloria Gaynor - CD 2,https://music.youtube.com/watch?v=ilG7n2N-DFU
I Am What I Am,Gloria Gaynor,Barry White & Gloria Gaynor - CD 2,https://music.youtube.com/watch?v=UTXDQjDHbo4
The Eye Of The Tiger,Gloria Gaynor,Barry White & Gloria Gaynor - CD 2,https://music.youtube.com/watch?v=y1yd5WBOz0Y
Can't Take My Eyes From You,Gloria Gaynor,Barry White & Gloria Gaynor - CD 2,https://music.youtube.com/watch?v=CT1N41Q_UOU
Suddenly,Gloria Gaynor,Barry White & Gloria Gaynor - CD 2,https://music.youtube.com/watch?v=u4WdgaHCJqA
Every Breath You Take,Gloria Gaynor,Barry White & Gloria Gaynor - CD 2,https://music.youtube.com/watch?v=DQ90rlAm4Bg
Every Time You Go Away,Gloria Gaynor,Barry White & Gloria Gaynor - CD 2,https://music.youtube.com/watch?v=A53rvpQMr74
Never Can Say Goodbye,Gloria Gaynor,Barry White & Gloria Gaynor - CD 2,https://music.youtube.com/watch?v=UfyNFN9XtuM
Reach Out I'll Be There,Gloria Gaynor,Never Can Say Goodbye,https://music.youtube.com/watch?v=ar6iYxabo0k
Every Breath You Take,Gloria Gaynor,Never Can Say Goodbye,https://music.youtube.com/watch?v=krJbA0cFS68
The Power Of Love,Gloria Gaynor,Never Can Say Goodbye,https://music.youtube.com/watch?v=LhLM-z7C2mk
The Heat Is On,Gloria Gaynor,Never Can Say Goodbye,https://music.youtube.com/watch?v=-l6nKXKTelY
I Will Survive,Gloria Gaynor,Never Can Say Goodbye,https://music.youtube.com/watch?v=25VQbPp_Uic
Suddenly,Gloria Gaynor,Never Can Say Goodbye,https://music.youtube.com/watch?v=w0gk2XC8uEo
Can't Take My Eyes From You,Gloria Gaynor,Never Can Say Goodbye,https://music.youtube.com/watch?v=TZY1eL7OL8A
The Eye Of The Tiger,Gloria Gaynor,Never Can Say Goodbye,https://music.youtube.com/watch?v=m2m3AK7fNU8
I Am What I Am,Gloria Gaynor,Never Can Say Goodbye,https://music.youtube.com/watch?v=wBPpPMq1jMI
The Reason For The Season,Gloria Gaynor,Never Can Say Goodbye,https://music.youtube.com/watch?v=RszebmJc_oE
Never Can Say Goodbye,Gloria Gaynor,Never Can Say Goodbye,https://music.youtube.com/watch?v=H3yd5hHCkvM
Never Be Lonely,Gloria Gaynor,Love Affair,https://music.youtube.com/watch?v=rfext4eOpxI
Top Shelf,Gloria Gaynor,Love Affair,https://music.youtube.com/watch?v=cuPCN2hYKYg
First Be a Woman,Gloria Gaynor,Love Affair,https://music.youtube.com/watch?v=nMb4lOLqDhk
Together We Can,Gloria Gaynor,Love Affair,https://music.youtube.com/watch?v=mc0i5CvWBC8
The Answer,Gloria Gaynor,Love Affair,https://music.youtube.com/watch?v=fchK757jqbI
He Gave Me Life (I Will Survive),Gloria Gaynor,Love Affair,https://music.youtube.com/watch?v=Z-W3gBQhXCQ
I'll Apologize,Gloria Gaynor,Love Affair,https://music.youtube.com/watch?v=dCXYLwaVRHY
Guess Who,Gloria Gaynor,Love Affair,https://music.youtube.com/watch?v=Imn0fAj-LrU
Shine On Silver Moon,Gloria Gaynor,Love Affair,https://music.youtube.com/watch?v=9pZOu12JiLk
Love Affair,Gloria Gaynor,Love Affair,https://music.youtube.com/watch?v=Kr50JSBmsw4
Stoplight,Gloria Gaynor,Love Tracks,https://music.youtube.com/watch?v=oySck2g2XUo
Anybody Wanna Party?,Gloria Gaynor,Love Tracks,https://music.youtube.com/watch?v=UiSAcAukz0E
Please Be There,Gloria Gaynor,Love Tracks,https://music.youtube.com/watch?v=ZhOW6oomoXY
Goin Out Of My Head,Gloria Gaynor,Love Tracks,https://music.youtube.com/watch?v=-WURfpZdaww
I Will Survive,Gloria Gaynor,Love Tracks,https://music.youtube.com/watch?v=6dYWe1c3OyU
You Can Exit,Gloria Gaynor,Love Tracks,https://music.youtube.com/watch?v=bd5mKGDW02Y
I Said Yes,Gloria Gaynor,Love Tracks,https://music.youtube.com/watch?v=mDqLCi-ZZRk
Substitute,Gloria Gaynor,Love Tracks,https://music.youtube.com/watch?v=rtojUgPX5OQ
Why Should I Pay,Gloria Gaynor,Glorious (Expanded Edition),https://music.youtube.com/watch?v=Vlgw2YD8L44
As Time Goes By/The Hands Of Time,Gloria Gaynor,Glorious (Expanded Edition),https://music.youtube.com/watch?v=rMzA6kUcG6s
Most Of All,Gloria Gaynor,Glorious (Expanded Edition),https://music.youtube.com/watch?v=l58py6GldJg
We Can Start All Over Again,Gloria Gaynor,Glorious (Expanded Edition),https://music.youtube.com/watch?v=6pRddZ2Jy8c
Sweet Sweet Melody,Gloria Gaynor,Glorious (Expanded Edition),https://music.youtube.com/watch?v=BdTt3fYg6nQ
Life Ain't Worth Living,Gloria Gaynor,Glorious (Expanded Edition),https://music.youtube.com/watch?v=NLoplU38p_I
This Side Of The Pain,Gloria Gaynor,Glorious (Expanded Edition),https://music.youtube.com/watch?v=3SmbRJ5GNP8
So Much Love,Gloria Gaynor,Glorious (Expanded Edition),https://music.youtube.com/watch?v=eJBTG0o3Quw
"Most Of All (7"" Version)",Gloria Gaynor,Glorious (Expanded Edition),https://music.youtube.com/watch?v=N1RIiRbCclI
Fida Known,Gloria Gaynor,Happy Tears,https://music.youtube.com/watch?v=2Ep-WcKwBn0
When I See You,Gloria Gaynor,Happy Tears,https://music.youtube.com/watch?v=HUABeOyDRzY
Happy Tears,Gloria Gaynor,Happy Tears,https://music.youtube.com/watch?v=whaI2XJt6lA
Invincible,"Gloria Gaynor, Sam Tinnesz",Happy Tears,https://music.youtube.com/watch?v=Wc_ja-1-ZXw
Reaching for the Gold,Gloria Gaynor,Happy Tears,https://music.youtube.com/watch?v=f96L579l_-M
When I See You,Gloria Gaynor,When I See You,https://music.youtube.com/watch?v=Ds9l81Y1UYc
Fida Known,Gloria Gaynor,Fida Known,https://music.youtube.com/watch?v=2Ep-WcKwBn0
I AM WHAT I AM (Marco Fratty Edit Version),Gloria Gaynor,I AM WHAT I AM (Marco Fratty Version),https://music.youtube.com/watch?v=RUah0fxsw7U
I AM WHAT I AM (Marco Fratty Extended Version),Gloria Gaynor,I AM WHAT I AM (Marco Fratty Version),https://music.youtube.com/watch?v=RqjgTnjN2kM
Can't Take My Eyes Off Of You (New Edit Version),Gloria Gaynor,Can't Take My Eyes Off Of You,https://music.youtube.com/watch?v=BEu_piE1C2c
Can't Take My Eyes Off Of You (New Extended Version),Gloria Gaynor,Can't Take My Eyes Off Of You,https://music.youtube.com/watch?v=kfIMJL7YTmQ
I Will Survive (Garage Mix),Gloria Gaynor,I Will Survive (Garage Mix),https://music.youtube.com/watch?v=DTrPfnrxd-M
I will survive (Extended Funky Latin House Mix),Gloria Gaynor,I will survive (Extended Funky Latin House Mix),https://music.youtube.com/watch?v=cvEOYm2gqzM
I Will Survive (Remastered 2024),Gloria Gaynor,I Will Survive (Remastered 2024),https://music.youtube.com/watch?v=AyoCJulEbGY
Reach out (I'll Be There),Zetaphunk,Reach out (I'll Be There),https://music.youtube.com/watch?v=Y33eVBlaxt8
Reach out (I'll Be There) (Extended Mix),Zetaphunk,Reach out (I'll Be There),https://music.youtube.com/watch?v=l65u7yMC5ns
Reach Out I'll Be There (Slowed 10 %),Gloria Gaynor,Reach Out I'll Be There (Slowed 10 %),https://music.youtube.com/watch?v=_lcL1HmBNhk
titulo,artistas,album,url
Woke (Demo),Imagine Dragons,Reflections (From The Vault Of Smoke + Mirrors),https://music.youtube.com/watch?v=00BpRESPJpg
The Ghost Intervention (Demo),Imagine Dragons,Reflections (From The Vault Of Smoke + Mirrors),https://music.youtube.com/watch?v=pShuY-daffI
Monica (Demo),Imagine Dragons,Reflections (From The Vault Of Smoke + Mirrors),https://music.youtube.com/watch?v=dT40gXAxZnA
Black (Demo),Imagine Dragons,Reflections (From The Vault Of Smoke + Mirrors),https://music.youtube.com/watch?v=Z2DSV6BOMXo
Strange Ways (Demo),Imagine Dragons,Reflections (From The Vault Of Smoke + Mirrors),https://music.youtube.com/watch?v=RXLX8AgeFrY
I Get Carried Away (Demo),Imagine Dragons,Reflections (From The Vault Of Smoke + Mirrors),https://music.youtube.com/watch?v=uvGt0svH1SU
A-OK (Demo),Imagine Dragons,Reflections (From The Vault Of Smoke + Mirrors),https://music.youtube.com/watch?v=3m0WCMnCflw
Destroyed (Demo),Imagine Dragons,Reflections (From The Vault Of Smoke + Mirrors),https://music.youtube.com/watch?v=XTpBPvXatRU
Playin' Me (Demo),Imagine Dragons,Reflections (From The Vault Of Smoke + Mirrors),https://music.youtube.com/watch?v=5rn0FmTeIoI
My Car (Demo),Imagine Dragons,Reflections (From The Vault Of Smoke + Mirrors),https://music.youtube.com/watch?v=vwf5DEKeUSI
Cowboy (Demo),Imagine Dragons,Reflections (From The Vault Of Smoke + Mirrors),https://music.youtube.com/watch?v=tV2RVJh5B7E
Mayday (Demo),Imagine Dragons,Reflections (From The Vault Of Smoke + Mirrors),https://music.youtube.com/watch?v=ZdBzrryoE5Q
The Journey (Demo),Imagine Dragons,Reflections (From The Vault Of Smoke + Mirrors),https://music.youtube.com/watch?v=KS0CY606d90
I Bet My Life (Demo),Imagine Dragons,Reflections (From The Vault Of Smoke + Mirrors),https://music.youtube.com/watch?v=kJXNseMwfwA
Wake Up,Imagine Dragons,LOOM,https://music.youtube.com/watch?v=q392mSz4VeY
Nice to Meet You,Imagine Dragons,LOOM,https://music.youtube.com/watch?v=NeUfmyu5t8Q
Eyes Closed,Imagine Dragons,LOOM,https://music.youtube.com/watch?v=v08qmr8m_-w
Take Me to the Beach,Imagine Dragons,LOOM,https://music.youtube.com/watch?v=5Duje_sZko8
In Your Corner,Imagine Dragons,LOOM,https://music.youtube.com/watch?v=wnz2eZ4fffM
Gods Don’t Pray,Imagine Dragons,LOOM,https://music.youtube.com/watch?v=NKcWKS2MW1M
Don’t Forget Me,Imagine Dragons,LOOM,https://music.youtube.com/watch?v=fiBcK6RJp68
Kid,Imagine Dragons,LOOM,https://music.youtube.com/watch?v=8wETGJ91oY0
Fire in These Hills,Imagine Dragons,LOOM,https://music.youtube.com/watch?v=baYqOdpsqbg
Eyes Closed,"Imagine Dragons, J Balvin",LOOM,https://music.youtube.com/watch?v=v08qmr8m_-w
My Life (Live in Vegas),Imagine Dragons,Imagine Dragons (Live in Vegas),https://music.youtube.com/watch?v=u0RCpcV7SI8
Believer (Live in Vegas),Imagine Dragons,Imagine Dragons (Live in Vegas),https://music.youtube.com/watch?v=4xqo7D2k8HM
"Las Vegas, Our Home (Live in Vegas)",Imagine Dragons,Imagine Dragons (Live in Vegas),https://music.youtube.com/watch?v=A7tCjXEOukQ
It's Time (Live in Vegas),Imagine Dragons,Imagine Dragons (Live in Vegas),https://music.youtube.com/watch?v=tNAsZMcer3E
I'm So Sorry (Live in Vegas),Imagine Dragons,Imagine Dragons (Live in Vegas),https://music.youtube.com/watch?v=MxpFsBz92aw
Thunder (Live in Vegas),Imagine Dragons,Imagine Dragons (Live in Vegas),https://music.youtube.com/watch?v=p5TGgp8t440
Birds (Live in Vegas),Imagine Dragons,Imagine Dragons (Live in Vegas),https://music.youtube.com/watch?v=8CqKw8-i4Iw
Follow You (Live in Vegas),Imagine Dragons,Imagine Dragons (Live in Vegas),https://music.youtube.com/watch?v=Aro7NTjou_Y
Lonely (Live in Vegas),Imagine Dragons,Imagine Dragons (Live in Vegas),https://music.youtube.com/watch?v=HkO8YahUMCg
Natural (Live in Vegas),Imagine Dragons,Imagine Dragons (Live in Vegas),https://music.youtube.com/watch?v=vl9l7beHneg
Next to Me (Acoustic) (Live in Vegas),Imagine Dragons,Imagine Dragons (Live in Vegas),https://music.youtube.com/watch?v=3EYJcvtrSIg
I Bet My Life (Acoustic) (Live in Vegas),Imagine Dragons,Imagine Dragons (Live in Vegas),https://music.youtube.com/watch?v=CFVxK9mY1S4
One Day (Acoustic) (Live in Vegas),Imagine Dragons,Imagine Dragons (Live in Vegas),https://music.youtube.com/watch?v=KO8ieIpqUNE
Whatever It Takes (Live in Vegas),Imagine Dragons,Imagine Dragons (Live in Vegas),https://music.youtube.com/watch?v=H3LUNbP0QoU
Younger (Live in Vegas),Imagine Dragons,Imagine Dragons (Live in Vegas),https://music.youtube.com/watch?v=3cGXpSnAWOI
Sharks (Live in Vegas),Imagine Dragons,Imagine Dragons (Live in Vegas),https://music.youtube.com/watch?v=Z6qovMMsiqc
Enemy (Live in Vegas),Imagine Dragons,Imagine Dragons (Live in Vegas),https://music.youtube.com/watch?v=hcGuIQcJ69Y
I'm Happy (Live in Vegas),Imagine Dragons,Imagine Dragons (Live in Vegas),https://music.youtube.com/watch?v=ZCYFphlHfxo
Demons (Live in Vegas),Imagine Dragons,Imagine Dragons (Live in Vegas),https://music.youtube.com/watch?v=BrJP9SiUB9k
On Top of the World (Live in Vegas),Imagine Dragons,Imagine Dragons (Live in Vegas),https://music.youtube.com/watch?v=0WR2WGPdxfk
Bones (Live in Vegas),Imagine Dragons,Imagine Dragons (Live in Vegas),https://music.youtube.com/watch?v=HQEhYwo6KOw
Radioactive (Live in Vegas),Imagine Dragons,Imagine Dragons (Live in Vegas),https://music.youtube.com/watch?v=sVhF7ebx0Mg
Walking the Wire / My Life (Live in Vegas),Imagine Dragons,Imagine Dragons (Live in Vegas),https://music.youtube.com/watch?v=NsSw3av755Y
Radioactive,Imagine Dragons,Night Visions (Expanded Edition / Super Deluxe),https://music.youtube.com/watch?v=ktvTqknDobU
Tiptoe,Imagine Dragons,Night Visions (Expanded Edition / Super Deluxe),https://music.youtube.com/watch?v=C0IeIXVMDBI
It's Time,Imagine Dragons,Night Visions (Expanded Edition / Super Deluxe),https://music.youtube.com/watch?v=sENM2wA_FTg
Demons,Imagine Dragons,Night Visions (Expanded Edition / Super Deluxe),https://music.youtube.com/watch?v=mWRsgZuwf_8
On Top Of The World,Imagine Dragons,Night Visions (Expanded Edition / Super Deluxe),https://music.youtube.com/watch?v=w5tWYmIOWGk
Amsterdam,Imagine Dragons,Night Visions (Expanded Edition / Super Deluxe),https://music.youtube.com/watch?v=s6Nc4qEI3k4
Hear Me,Imagine Dragons,Night Visions (Expanded Edition / Super Deluxe),https://music.youtube.com/watch?v=yg8lwoGx_mM
Every Night,Imagine Dragons,Night Visions (Expanded Edition / Super Deluxe),https://music.youtube.com/watch?v=jrAqWeOGiaE
Bleeding Out,Imagine Dragons,Night Visions (Expanded Edition / Super Deluxe),https://music.youtube.com/watch?v=QFKHScAStsU
Underdog,Imagine Dragons,Night Visions (Expanded Edition / Super Deluxe),https://music.youtube.com/watch?v=p5sy3w29b-w
Nothing Left To Say / Rocks (Medley),Imagine Dragons,Night Visions (Expanded Edition / Super Deluxe),https://music.youtube.com/watch?v=mGv0ze0lHKA
Cha-Ching (Till We Grow Older),Imagine Dragons,Night Visions (Expanded Edition / Super Deluxe),https://music.youtube.com/watch?v=7FzPqvjxjas
Working Man,Imagine Dragons,Night Visions (Expanded Edition / Super Deluxe),https://music.youtube.com/watch?v=vi2vBDVEYyY
My Fault,Imagine Dragons,Night Visions (Expanded Edition / Super Deluxe),https://music.youtube.com/watch?v=XQF5fw7Copw
Round And Round,Imagine Dragons,Night Visions (Expanded Edition / Super Deluxe),https://music.youtube.com/watch?v=iEU68sIps9g
The River,Imagine Dragons,Night Visions (Expanded Edition / Super Deluxe),https://music.youtube.com/watch?v=OxxNSG1GM7M
America,Imagine Dragons,Night Visions (Expanded Edition / Super Deluxe),https://music.youtube.com/watch?v=KiO2-R8yKjE
Selene,Imagine Dragons,Night Visions (Expanded Edition / Super Deluxe),https://music.youtube.com/watch?v=vn887iVsvVc
Fallen,Imagine Dragons,Night Visions (Expanded Edition / Super Deluxe),https://music.youtube.com/watch?v=dl7W3uXc1tI
Cover Up,Imagine Dragons,Night Visions (Expanded Edition / Super Deluxe),https://music.youtube.com/watch?v=VcJ8BTjk8fM
I Don't Mind,Imagine Dragons,Night Visions (Expanded Edition / Super Deluxe),https://music.youtube.com/watch?v=SIJsIaAOPQY
Tokyo,Imagine Dragons,Night Visions (Expanded Edition / Super Deluxe),https://music.youtube.com/watch?v=gFs3GAMmWtE
Love Of Mine (Night Visions Demo),Imagine Dragons,Night Visions (Expanded Edition / Super Deluxe),https://music.youtube.com/watch?v=USxRQ9qQZ4s
Bubble (Night Visions Demo),Imagine Dragons,Night Visions (Expanded Edition / Super Deluxe),https://music.youtube.com/watch?v=0ktP6ZacKGg
Radioactive (Live From Red Rocks / 2014),Imagine Dragons,Night Visions (Expanded Edition / Super Deluxe),https://music.youtube.com/watch?v=bJEaCAWyZ6s
Hear Me (Live From Red Rocks / 2014),Imagine Dragons,Night Visions (Expanded Edition / Super Deluxe),https://music.youtube.com/watch?v=OLKGAsaFnmA
On Top Of The World (Live From Red Rocks / 2014),Imagine Dragons,Night Visions (Expanded Edition / Super Deluxe),https://music.youtube.com/watch?v=wBb_nAc4TPM
Round And Round (Live From Red Rocks / 2014),Imagine Dragons,Night Visions (Expanded Edition / Super Deluxe),https://music.youtube.com/watch?v=WeiDs4QHsaE
Amsterdam (Live From Red Rocks / 2014),Imagine Dragons,Night Visions (Expanded Edition / Super Deluxe),https://music.youtube.com/watch?v=zOtK5lFhvYo
Tiptoe (Live From Red Rocks / 2014),Imagine Dragons,Night Visions (Expanded Edition / Super Deluxe),https://music.youtube.com/watch?v=-sJJ8_ksy0w
Cha-Ching (Till We Grow Older) (Live From Red Rocks / 2014),Imagine Dragons,Night Visions (Expanded Edition / Super Deluxe),https://music.youtube.com/watch?v=sglPBaJZCoo
Rocks (Live From Red Rocks / 2014),Imagine Dragons,Night Visions (Expanded Edition / Super Deluxe),https://music.youtube.com/watch?v=gvdQns-sNDA
Demons (Live From Red Rocks / 2014),Imagine Dragons,Night Visions (Expanded Edition / Super Deluxe),https://music.youtube.com/watch?v=tdjHWmA9_xA
Underdog (Live From Red Rocks / 2014),Imagine Dragons,Night Visions (Expanded Edition / Super Deluxe),https://music.youtube.com/watch?v=h_rEyoatPKY
It's Time (Live From Red Rocks / 2014),Imagine Dragons,Night Visions (Expanded Edition / Super Deluxe),https://music.youtube.com/watch?v=ecN_C6mnC68
It's Time (Live London Sessions / 2013),Imagine Dragons,Night Visions (Expanded Edition / Super Deluxe),https://music.youtube.com/watch?v=YY1Up8IRZQM
Radioactive (Live London Sessions / 2013),Imagine Dragons,Night Visions (Expanded Edition / Super Deluxe),https://music.youtube.com/watch?v=wsVFmCoykZ4
Demons (Live London Sessions / 2013),Imagine Dragons,Night Visions (Expanded Edition / Super Deluxe),https://music.youtube.com/watch?v=xnAYyBvnvhg
Radioactive (Grouplove & Captain Cuts Remix),Imagine Dragons,Night Visions (Expanded Edition / Super Deluxe),https://music.youtube.com/watch?v=H7ZP8moWJuU
It's Time (Passion Pit Remix),Imagine Dragons,Night Visions (Expanded Edition / Super Deluxe),https://music.youtube.com/watch?v=pDQNTOGTLkk
Demons (TELYKast Remix),Imagine Dragons,Night Visions (Expanded Edition / Super Deluxe),https://music.youtube.com/watch?v=lNyrNZcqIDg
On Top Of The World (RAC Remix),Imagine Dragons,Night Visions (Expanded Edition / Super Deluxe),https://music.youtube.com/watch?v=U73cYOaAKCo
Hear Me (Spector Remix),Imagine Dragons,Night Visions (Expanded Edition / Super Deluxe),https://music.youtube.com/watch?v=CF2Mp_tPEn8
Radioactive (The Dirty Tees Mix),Imagine Dragons,Night Visions (Expanded Edition / Super Deluxe),https://music.youtube.com/watch?v=JJ_f3tpU14o
Demons (Imagine Dragons Remix),Imagine Dragons,Night Visions (Expanded Edition / Super Deluxe),https://music.youtube.com/watch?v=xEsGcO-2GJQ
It's Time (Cherry Cherry Boom Boom Remix),Imagine Dragons,Night Visions (Expanded Edition / Super Deluxe),https://music.youtube.com/watch?v=poAw4UVa0_c
Demons (Politik Remix),Imagine Dragons,Night Visions (Expanded Edition / Super Deluxe),https://music.youtube.com/watch?v=6DkcrqrXYWI
Demons (KIDinaKORNER Remix),Imagine Dragons,Night Visions (Expanded Edition / Super Deluxe),https://music.youtube.com/watch?v=wn2MG4kREh4
It's Time (Penguin Prison Remix),Imagine Dragons,Night Visions (Expanded Edition / Super Deluxe),https://music.youtube.com/watch?v=3aHCjeXfcFQ
It's Time (Kat Krazy Remix),Imagine Dragons,Night Visions (Expanded Edition / Super Deluxe),https://music.youtube.com/watch?v=4Jq2eh46rV8
It's Time (JailBreaks Remix),Imagine Dragons,Night Visions (Expanded Edition / Super Deluxe),https://music.youtube.com/watch?v=h2zQH2ewIyA
It's Time (StunGun & JailBreaks Remix),Imagine Dragons,Night Visions (Expanded Edition / Super Deluxe),https://music.youtube.com/watch?v=GDDnKLM1Ip0
It's Time (Bastille Remix),Imagine Dragons,Night Visions (Expanded Edition / Super Deluxe),https://music.youtube.com/watch?v=IgSXFn272cg
It's Time (White Sea Remix),Imagine Dragons,Night Visions (Expanded Edition / Super Deluxe),https://music.youtube.com/watch?v=UdUWvlCaz-8
Enemy (from the series Arcane League of Legends),"Imagine Dragons, JID, Arcane, League Of Legends",Mercury : Acts 1 & 2,https://music.youtube.com/watch?v=D9G1VOjN_84
My Life,Imagine Dragons,Mercury : Acts 1 & 2,https://music.youtube.com/watch?v=CBDT9LkrrVc
Lonely,Imagine Dragons,Mercury : Acts 1 & 2,https://music.youtube.com/watch?v=yUbTU1ojKho
Wrecked,Imagine Dragons,Mercury : Acts 1 & 2,https://music.youtube.com/watch?v=Y2NkuFIlLEo
Monday,Imagine Dragons,Mercury : Acts 1 & 2,https://music.youtube.com/watch?v=suHvGQYTAG0
#1,Imagine Dragons,Mercury : Acts 1 & 2,https://music.youtube.com/watch?v=ywhcvOy16_E
Easy Come Easy Go,Imagine Dragons,Mercury : Acts 1 & 2,https://music.youtube.com/watch?v=7CgQEvO4DDk
Giants,Imagine Dragons,Mercury : Acts 1 & 2,https://music.youtube.com/watch?v=zCEA-tm0tmQ
It's Ok,Imagine Dragons,Mercury : Acts 1 & 2,https://music.youtube.com/watch?v=W_yRODJ6kfc
Dull Knives,Imagine Dragons,Mercury : Acts 1 & 2,https://music.youtube.com/watch?v=7mr8go10ICQ
Follow You,Imagine Dragons,Mercury : Acts 1 & 2,https://music.youtube.com/watch?v=k3zimSRKqNw
Cutthroat,Imagine Dragons,Mercury : Acts 1 & 2,https://music.youtube.com/watch?v=89xtgEk9jTo
No Time For Toxic People,Imagine Dragons,Mercury : Acts 1 & 2,https://music.youtube.com/watch?v=wJt2qKPZpsk
One Day,Imagine Dragons,Mercury : Acts 1 & 2,https://music.youtube.com/watch?v=NzImKCeQnX0
Bones,Imagine Dragons,Mercury : Acts 1 & 2,https://music.youtube.com/watch?v=TO-_3tck2tg
Symphony,Imagine Dragons,Mercury : Acts 1 & 2,https://music.youtube.com/watch?v=K0x-P5xmBHs
Sharks,Imagine Dragons,Mercury : Acts 1 & 2,https://music.youtube.com/watch?v=Te3_VlimRw0
I Don't Like Myself,Imagine Dragons,Mercury : Acts 1 & 2,https://music.youtube.com/watch?v=iH1YfDu19KM
Blur,Imagine Dragons,Mercury : Acts 1 & 2,https://music.youtube.com/watch?v=so23_c7lXno
Higher Ground,Imagine Dragons,Mercury : Acts 1 & 2,https://music.youtube.com/watch?v=ZQNSke_9EJ8
Crushed,Imagine Dragons,Mercury : Acts 1 & 2,https://music.youtube.com/watch?v=KSav7HayxtI
Take It Easy,Imagine Dragons,Mercury : Acts 1 & 2,https://music.youtube.com/watch?v=mt-qhy4ItfM
Waves,Imagine Dragons,Mercury : Acts 1 & 2,https://music.youtube.com/watch?v=anLxLPzgIG4
I'm Happy,Imagine Dragons,Mercury : Acts 1 & 2,https://music.youtube.com/watch?v=-hyfscXeOHY
Ferris Wheel,Imagine Dragons,Mercury : Acts 1 & 2,https://music.youtube.com/watch?v=5UwEq-OELmY
Peace Of Mind,Imagine Dragons,Mercury : Acts 1 & 2,https://music.youtube.com/watch?v=3CjIx9K3snI
Sirens,Imagine Dragons,Mercury : Acts 1 & 2,https://music.youtube.com/watch?v=ogEhe_v3UwM
Tied,Imagine Dragons,Mercury : Acts 1 & 2,https://music.youtube.com/watch?v=3pyFAx7k-dc
Younger,Imagine Dragons,Mercury : Acts 1 & 2,https://music.youtube.com/watch?v=FIhonBl-_pM
I Wish,Imagine Dragons,Mercury : Acts 1 & 2,https://music.youtube.com/watch?v=2uQtt5fdmxU
Continual (feat. Cory Henry),Imagine Dragons,Mercury : Acts 1 & 2,https://music.youtube.com/watch?v=2U4Naul7CLg
They Don't Know You Like I Do,Imagine Dragons,Mercury : Acts 1 & 2,https://music.youtube.com/watch?v=XedldcMKJO0
Natural,Imagine Dragons,Origins,https://music.youtube.com/watch?v=0I647GU3Jsc
Boomerang,Imagine Dragons,Origins,https://music.youtube.com/watch?v=Ycemuc7Fk_U
Machine,Imagine Dragons,Origins,https://music.youtube.com/watch?v=BahtnT13vH8
Cool Out,Imagine Dragons,Origins,https://music.youtube.com/watch?v=x0ZxutzmFUU
Bad Liar,Imagine Dragons,Origins,https://music.youtube.com/watch?v=I-QfPUz1es8
West Coast,Imagine Dragons,Origins,https://music.youtube.com/watch?v=lgsyzQD-wBY
"Zero (From the Original Motion Picture ""Ralph Breaks The Internet"")",Imagine Dragons,Origins,https://music.youtube.com/watch?v=j60ClcNYWu4
Bullet In A Gun,Imagine Dragons,Origins,https://music.youtube.com/watch?v=LHWYaV6WLQo
Digital,Imagine Dragons,Origins,https://music.youtube.com/watch?v=tcbWjCYkQuE
Only,Imagine Dragons,Origins,https://music.youtube.com/watch?v=xAn9O9oZG7U
Stuck,Imagine Dragons,Origins,https://music.youtube.com/watch?v=dhcj6PoarrA
Love,Imagine Dragons,Origins,https://music.youtube.com/watch?v=cQbAm4dIDKA
Next To Me,Imagine Dragons,Evolve,https://music.youtube.com/watch?v=-C_rvt0SwLE
I Don’t Know Why,Imagine Dragons,Evolve,https://music.youtube.com/watch?v=TGXlWQQthFg
Whatever It Takes,Imagine Dragons,Evolve,https://music.youtube.com/watch?v=gOsM-DYAEhY
Believer,Imagine Dragons,Evolve,https://music.youtube.com/watch?v=7wtfhZwyrcc
Walking The Wire,Imagine Dragons,Evolve,https://music.youtube.com/watch?v=1nv9br7P7g0
Rise Up,Imagine Dragons,Evolve,https://music.youtube.com/watch?v=x12CWu3V0lg
I’ll Make It Up To You,Imagine Dragons,Evolve,https://music.youtube.com/watch?v=q6KvD4kZv94
Yesterday,Imagine Dragons,Evolve,https://music.youtube.com/watch?v=dJfYS0rVrbk
Mouth Of The River,Imagine Dragons,Evolve,https://music.youtube.com/watch?v=YiZCzG4RF1M
Thunder,Imagine Dragons,Evolve,https://music.youtube.com/watch?v=fKopy74weus
Start Over,Imagine Dragons,Evolve,https://music.youtube.com/watch?v=2SD2e0TDb4A
Dancing In The Dark,Imagine Dragons,Evolve,https://music.youtube.com/watch?v=WFlSIPdYBpE
Shots,Imagine Dragons,Smoke + Mirrors,https://music.youtube.com/watch?v=qQrgto184Tk
Gold,Imagine Dragons,Smoke + Mirrors,https://music.youtube.com/watch?v=Rl3ELiPXFRo
Smoke And Mirrors,Imagine Dragons,Smoke + Mirrors,https://music.youtube.com/watch?v=gzDRhd2gDIo
I’m So Sorry,Imagine Dragons,Smoke + Mirrors,https://music.youtube.com/watch?v=78El9Q-_WzU
I Bet My Life,Imagine Dragons,Smoke + Mirrors,https://music.youtube.com/watch?v=4ht80uzIhNs
Polaroid,Imagine Dragons,Smoke + Mirrors,https://music.youtube.com/watch?v=-D8Ykb6FvoU
Friction,Imagine Dragons,Smoke + Mirrors,https://music.youtube.com/watch?v=qzNGoiVrXNk
It Comes Back To You,Imagine Dragons,Smoke + Mirrors,https://music.youtube.com/watch?v=pPTHwg9F4ks
Dream,Imagine Dragons,Smoke + Mirrors,https://music.youtube.com/watch?v=I95DK4rUpMw
Trouble,Imagine Dragons,Smoke + Mirrors,https://music.youtube.com/watch?v=NrHfHdyjcJs
Summer,Imagine Dragons,Smoke + Mirrors,https://music.youtube.com/watch?v=HBnww_0ljMM
Hopeless Opus,Imagine Dragons,Smoke + Mirrors,https://music.youtube.com/watch?v=6o-4KoSNMac
The Fall,Imagine Dragons,Smoke + Mirrors,https://music.youtube.com/watch?v=VP2WqqsIXuo
It's Time,Imagine Dragons,It’s Time,https://music.youtube.com/watch?v=sENM2wA_FTg
Amsterdam,Imagine Dragons,It’s Time,https://music.youtube.com/watch?v=s6Nc4qEI3k4
Tokyo,Imagine Dragons,It’s Time,https://music.youtube.com/watch?v=gFs3GAMmWtE
The River,Imagine Dragons,It’s Time,https://music.youtube.com/watch?v=OxxNSG1GM7M
Leave Me,Imagine Dragons,It’s Time,https://music.youtube.com/watch?v=ogsxHQEorIc
Pantomime,Imagine Dragons,It’s Time,https://music.youtube.com/watch?v=5icCzd506Lk
Look How Far We've Come,Imagine Dragons,It’s Time,https://music.youtube.com/watch?v=HD5biGaQpsU
America,Imagine Dragons,It’s Time,https://music.youtube.com/watch?v=KiO2-R8yKjE
Dolphins,Imagine Dragons,It’s Time,https://music.youtube.com/watch?v=hcEkPLNNSJo
Intro (Live),Imagine Dragons,Smoke + Mirrors Live (Live At The Air Canada Centre),https://music.youtube.com/watch?v=PeUe0wszm04
Shots (Live),Imagine Dragons,Smoke + Mirrors Live (Live At The Air Canada Centre),https://music.youtube.com/watch?v=SYPyoaGdUuE
Trouble (Live),Imagine Dragons,Smoke + Mirrors Live (Live At The Air Canada Centre),https://music.youtube.com/watch?v=nd6R5mG6zVg
It's Time (Live),Imagine Dragons,Smoke + Mirrors Live (Live At The Air Canada Centre),https://music.youtube.com/watch?v=3w0gNY6FyZo
Forever Young / Smoke And Mirrors (Live),Imagine Dragons,Smoke + Mirrors Live (Live At The Air Canada Centre),https://music.youtube.com/watch?v=tupmz-RREVQ
Polaroid (Live),Imagine Dragons,Smoke + Mirrors Live (Live At The Air Canada Centre),https://music.youtube.com/watch?v=EFzugVWmbNU
I'm So Sorry (Live),Imagine Dragons,Smoke + Mirrors Live (Live At The Air Canada Centre),https://music.youtube.com/watch?v=EwFSAtxo7HA
Thief (Live),Imagine Dragons,Smoke + Mirrors Live (Live At The Air Canada Centre),https://music.youtube.com/watch?v=puj9WC4gDFA
Gold (Live),Imagine Dragons,Smoke + Mirrors Live (Live At The Air Canada Centre),https://music.youtube.com/watch?v=Z33wRKlUpqg
Demons / Bleeding Out / Warriors (Live),Imagine Dragons,Smoke + Mirrors Live (Live At The Air Canada Centre),https://music.youtube.com/watch?v=OQPfg8y05iM
Amsterdam (Live),Imagine Dragons,Smoke + Mirrors Live (Live At The Air Canada Centre),https://music.youtube.com/watch?v=D0yCXd-I7-E
Hopeless Opus (Live),Imagine Dragons,Smoke + Mirrors Live (Live At The Air Canada Centre),https://music.youtube.com/watch?v=nLWf0kutFEM
On Top Of The World (Live),Imagine Dragons,Smoke + Mirrors Live (Live At The Air Canada Centre),https://music.youtube.com/watch?v=xWguPuFjBog
Friction (Live),Imagine Dragons,Smoke + Mirrors Live (Live At The Air Canada Centre),https://music.youtube.com/watch?v=X-LcnF3v7VI
Release (Live),Imagine Dragons,Smoke + Mirrors Live (Live At The Air Canada Centre),https://music.youtube.com/watch?v=fxY0nHD1kC0
I Bet My Life (Live),Imagine Dragons,Smoke + Mirrors Live (Live At The Air Canada Centre),https://music.youtube.com/watch?v=nY6smugkTQY
Radioactive (Live),Imagine Dragons,Smoke + Mirrors Live (Live At The Air Canada Centre),https://music.youtube.com/watch?v=vcGhQFBh7bo
The Fall (Live),Imagine Dragons,Smoke + Mirrors Live (Live At The Air Canada Centre),https://music.youtube.com/watch?v=R4v8Ch-loio
Monica (Demo),Imagine Dragons,Monica (Demo),https://music.youtube.com/watch?v=dT40gXAxZnA
Dare U,NLE Choppa,Dare U,https://music.youtube.com/watch?v=NObExZCktuM
Take Me to the Beach (feat. Ado),Imagine Dragons,Take Me to the Beach (feat. Ado),https://music.youtube.com/watch?v=5Duje_sZko8
Take Me to the Beach (feat. Jungeli),Imagine Dragons,Take Me to the Beach (feat. Jungeli),https://music.youtube.com/watch?v=5Duje_sZko8
Take Me to the Beach (feat. Ernia),Imagine Dragons,Take Me to the Beach (feat. Ernia),https://music.youtube.com/watch?v=5Duje_sZko8
Take Me to the Beach (feat. Baker Boy),Imagine Dragons,Take Me to the Beach (feat. Baker Boy),https://music.youtube.com/watch?v=8e0162dRcB4
Stars Will Align,Kygo,Stars Will Align,https://music.youtube.com/watch?v=TM5ZtMP4OCQ
Eyes Closed,Imagine Dragons,Eyes Closed,https://music.youtube.com/watch?v=v08qmr8m_-w
Children of the Sky (a Starfield song),Imagine Dragons,Children of the Sky (a Starfield song),https://music.youtube.com/watch?v=zHfIkyLh-Ew
Symphony (Inner City Youth Orchestra of Los Angeles Version),Imagine Dragons,Symphony (Inner City Youth Orchestra of Los Angeles Version),https://music.youtube.com/watch?v=NqYbrnGUAws
titulo,artistas,album,url
The Industrial Revolution (Death of the Macho Man),La Bouche,Step Time,https://music.youtube.com/watch?v=s8CbIyCrInE
La Bouche (The Power of the Word),La Bouche,Step Time,https://music.youtube.com/watch?v=LcwmpT9EX84
Chop It Down (A Tyrolean Extravaganza),La Bouche,Step Time,https://music.youtube.com/watch?v=XKTsMg0pR_E
Frightened of the Future (Chicken),La Bouche,Step Time,https://music.youtube.com/watch?v=cZXMWrKyKAs
"In the Garden (Imagine a Garden, a Beautiful Garden, and a False Sense of Security)",La Bouche,Step Time,https://music.youtube.com/watch?v=KiB5admt0pI
The Winter (The Mourning After),La Bouche,Step Time,https://music.youtube.com/watch?v=aeA21Avan8Y
Natural Selection (It’s the Little Things That Matter),La Bouche,Step Time,https://music.youtube.com/watch?v=J81FtX-HSUM
"Um (Oh No, Not again!)",La Bouche,Step Time,https://music.youtube.com/watch?v=sIqsbHb-Qw8
Ownership (Invest in Property This Is a Limited Edition of 5000 and This Is Number 243/5000),La Bouche,Step Time,https://music.youtube.com/watch?v=KhkA5F84ZEY
Romantic Love (Possession v. Attraction),La Bouche,Step Time,https://music.youtube.com/watch?v=HRDzwtPg514
Romantic Love (Bonus Track) [12” Mix],La Bouche,Step Time,https://music.youtube.com/watch?v=Ki5YwVIgZus
John Cage (Bonus Track),La Bouche,Step Time,https://music.youtube.com/watch?v=-qC6Cm3jrcY
You Won't Forget Me (Radio Version),La Bouche,A Moment Of Love,https://music.youtube.com/watch?v=rrdKJ_m_9Ek
Unexpected Lovers,La Bouche,A Moment Of Love,https://music.youtube.com/watch?v=uAmqW9tVWVQ
SOS,La Bouche,A Moment Of Love,https://music.youtube.com/watch?v=U8hBvkRITzE
A Moment Of Love,La Bouche,A Moment Of Love,https://music.youtube.com/watch?v=BBSVGH0YJx0
Whenever You Want,La Bouche,A Moment Of Love,https://music.youtube.com/watch?v=b5CtCewJC9s
I Can't Stand The Rain,La Bouche,A Moment Of Love,https://music.youtube.com/watch?v=k_NKlzW7-Bk
On A Night Like This,La Bouche,A Moment Of Love,https://music.youtube.com/watch?v=OHWheMKceAo
Body & Soul,La Bouche,A Moment Of Love,https://music.youtube.com/watch?v=PYfYnL9Jz4g
Say You'll Be Mine,La Bouche,A Moment Of Love,https://music.youtube.com/watch?v=Ap6fL5DrPEw
Don't Let The Rain,La Bouche,A Moment Of Love,https://music.youtube.com/watch?v=SjiZnPhX_jY
Sweet Little Persuader,La Bouche,A Moment Of Love,https://music.youtube.com/watch?v=awrfGA384Tk
Say It With Love,La Bouche,A Moment Of Love,https://music.youtube.com/watch?v=BOzLlG_CkWE
You Won't Forget Me (House Mix),La Bouche,A Moment Of Love,https://music.youtube.com/watch?v=r4qqBAkyQps
Forget Me Nots,La Bouche,Sweet Dreams,https://music.youtube.com/watch?v=k3PlqWB0g5s
Sweet Dreams (Radio Version),La Bouche,Sweet Dreams,https://music.youtube.com/watch?v=dz9a_KuuD8g
Be My Lover,La Bouche,Sweet Dreams,https://music.youtube.com/watch?v=ViP87WipSm0
Fallin' In Love,La Bouche,Sweet Dreams,https://music.youtube.com/watch?v=Tu3T6q68A2k
I'll Be There,La Bouche,Sweet Dreams,https://music.youtube.com/watch?v=LEpcnW8n03M
Nice 'N' Slow,La Bouche,Sweet Dreams,https://music.youtube.com/watch?v=PhKWAQCbWoY
Where Do You Go,La Bouche,Sweet Dreams,https://music.youtube.com/watch?v=yRNDO9IS-J4
I Love To Love,La Bouche,Sweet Dreams,https://music.youtube.com/watch?v=6bmGSqq5v2M
Do You Still Need Me,La Bouche,Sweet Dreams,https://music.youtube.com/watch?v=ovL-L5mdcBk
Poetry In Motion,La Bouche,Sweet Dreams,https://music.youtube.com/watch?v=tu8ysxH056s
Shoo Bee Do Bee Do (I Like That Way),La Bouche,Sweet Dreams,https://music.youtube.com/watch?v=vVxpJMEz8kM
The Heat Is On,La Bouche,Sweet Dreams,https://music.youtube.com/watch?v=F_joK2ToNgk
Mama Look (I Love Him),La Bouche,Sweet Dreams,https://music.youtube.com/watch?v=eoNOVdIvsC8
Be My Lover (House Mix),La Bouche,Sweet Dreams,https://music.youtube.com/watch?v=u8fUZ2fejfo
Be My Lover (Club Mix),La Bouche,All Mixed Up,https://music.youtube.com/watch?v=ViP87WipSm0
Fallin' In Love (Soul Solution Vocal Dub),La Bouche,All Mixed Up,https://music.youtube.com/watch?v=uVwj31euuGQ
Sweet Dreams (Spike Mix),La Bouche,All Mixed Up,https://music.youtube.com/watch?v=UHDH1BJxAbg
Forget Me Nots (Club Mix),La Bouche,All Mixed Up,https://music.youtube.com/watch?v=4dxiRAbMmP4
Be My Lover (Spike Mix),La Bouche,All Mixed Up,https://music.youtube.com/watch?v=H9bNkpomP7I
Fallin' In Love (Full Harmony Club Mix),La Bouche,All Mixed Up,https://music.youtube.com/watch?v=NkWxI6VFZk4
I love To Love (Club Mix),La Bouche,All Mixed Up,https://music.youtube.com/watch?v=BXRhWzTbLx8
Tonight Is The Night (Le Click - Dance Mix -),La Bouche,All Mixed Up,https://music.youtube.com/watch?v=y7T5SCF-Z_0
Sweet Dreams (Stylin' Free Mix),La Bouche,All Mixed Up,https://music.youtube.com/watch?v=65gJkj9nQCI
Mega Mix,La Bouche,All Mixed Up,https://music.youtube.com/watch?v=jLDGXqlWKgE
Sweet Dreams,La Bouche,Greatest Hits,https://music.youtube.com/watch?v=dz9a_KuuD8g
Be My Lover,La Bouche,Greatest Hits,https://music.youtube.com/watch?v=ViP87WipSm0
In Your Life,La Bouche,Greatest Hits,https://music.youtube.com/watch?v=t5_H8q5fWL4
Take Me 2 Heaven 2 Night,La Bouche,Greatest Hits,https://music.youtube.com/watch?v=6IHQibt4rLo
Fallin' in Love,La Bouche,Greatest Hits,https://music.youtube.com/watch?v=Tu3T6q68A2k
Say You'll Be Mine,La Bouche,Greatest Hits,https://music.youtube.com/watch?v=-TaaHmWuwsw
Bolingo (Love Is in the Air),La Bouche,Greatest Hits,https://music.youtube.com/watch?v=fUP_dzRiyQw
Unexpected Lovers,La Bouche,Greatest Hits,https://music.youtube.com/watch?v=94BIKuAjXM4
A Moment of Love,La Bouche,Greatest Hits,https://music.youtube.com/watch?v=BBSVGH0YJx0
Shoo Bee Do Bee (I Like That Way),La Bouche,Greatest Hits,https://music.youtube.com/watch?v=RW8_yP-bOJw
Where Do You Go,La Bouche,Greatest Hits,https://music.youtube.com/watch?v=8iJav5Wv1jo
Do You Still Need Me,La Bouche,Greatest Hits,https://music.youtube.com/watch?v=q8woUXlc1_k
Forget Me Nots,La Bouche,Greatest Hits,https://music.youtube.com/watch?v=grIrLEhhoo4
SOS,La Bouche,Greatest Hits,https://music.youtube.com/watch?v=U8hBvkRITzE
Whenever You Want,La Bouche,Greatest Hits,https://music.youtube.com/watch?v=BHB3M_oRApU
You Won't Forget Me,La Bouche,Greatest Hits,https://music.youtube.com/watch?v=rrdKJ_m_9Ek
Sweet Dreams,La Bouche,Best Of La Bouche feat. Melanie Thornton (feat. Melanie Thornton),https://music.youtube.com/watch?v=dz9a_KuuD8g
Be My Lover,La Bouche,Best Of La Bouche feat. Melanie Thornton (feat. Melanie Thornton),https://music.youtube.com/watch?v=ViP87WipSm0
In Your Life,La Bouche,Best Of La Bouche feat. Melanie Thornton (feat. Melanie Thornton),https://music.youtube.com/watch?v=oXINy3k151M
Love How You Love Me (Radio Version),Melanie Thornton,Best Of La Bouche feat. Melanie Thornton (feat. Melanie Thornton),https://music.youtube.com/watch?v=Y2TUUQiNBOE
Makin' Oooh Oooh (Talking About Love) (Brand New Radio Version),Melanie Thornton,Best Of La Bouche feat. Melanie Thornton (feat. Melanie Thornton),https://music.youtube.com/watch?v=ifSFLdp0AjY
Take Me 2 Heaven 2 Night,La Bouche,Best Of La Bouche feat. Melanie Thornton (feat. Melanie Thornton),https://music.youtube.com/watch?v=jZco4_hynww
Fallin' in Love,La Bouche,Best Of La Bouche feat. Melanie Thornton (feat. Melanie Thornton),https://music.youtube.com/watch?v=Tu3T6q68A2k
Say You'll Be Mine,La Bouche,Best Of La Bouche feat. Melanie Thornton (feat. Melanie Thornton),https://music.youtube.com/watch?v=Ltf2cO62B20
Bolingo (Love Is in the Air),La Bouche,Best Of La Bouche feat. Melanie Thornton (feat. Melanie Thornton),https://music.youtube.com/watch?v=fUP_dzRiyQw
Unexpected Lovers,La Bouche,Best Of La Bouche feat. Melanie Thornton (feat. Melanie Thornton),https://music.youtube.com/watch?v=EqRoTlshnaU
A Moment of Love,La Bouche,Best Of La Bouche feat. Melanie Thornton (feat. Melanie Thornton),https://music.youtube.com/watch?v=BBSVGH0YJx0
Heartbeat (Radio Version),Melanie Thornton,Best Of La Bouche feat. Melanie Thornton (feat. Melanie Thornton),https://music.youtube.com/watch?v=LYubBt_DpMU
Shoo Bee Do Bee (I Like That Way),La Bouche,Best Of La Bouche feat. Melanie Thornton (feat. Melanie Thornton),https://music.youtube.com/watch?v=bTvhIDd6VCQ
Where Do You Go,La Bouche,Best Of La Bouche feat. Melanie Thornton (feat. Melanie Thornton),https://music.youtube.com/watch?v=qnVf1swLrt4
Do You Still Need Me,La Bouche,Best Of La Bouche feat. Melanie Thornton (feat. Melanie Thornton),https://music.youtube.com/watch?v=ZwwpMxXBLRo
Forget Me Nots,La Bouche,Best Of La Bouche feat. Melanie Thornton (feat. Melanie Thornton),https://music.youtube.com/watch?v=msHsej0qldA
SOS,La Bouche,Best Of La Bouche feat. Melanie Thornton (feat. Melanie Thornton),https://music.youtube.com/watch?v=U8hBvkRITzE
Whenever You Want,La Bouche,Best Of La Bouche feat. Melanie Thornton (feat. Melanie Thornton),https://music.youtube.com/watch?v=G5_BVk7-gCg
No Tears,Melanie Thornton,Best Of La Bouche feat. Melanie Thornton (feat. Melanie Thornton),https://music.youtube.com/watch?v=-gr4A6FtOAk
You Won't Forget Me,La Bouche,Best Of La Bouche feat. Melanie Thornton (feat. Melanie Thornton),https://music.youtube.com/watch?v=rrdKJ_m_9Ek
Sweet Dreams,La Bouche,Sweet Dreams,https://music.youtube.com/watch?v=rXgfj6g1hL4
Sweet Dreams,La Bouche,Sweet Dreams,https://music.youtube.com/watch?v=G-deC4HAVZY
Be My Lover (feat. Bandido),La Bouche,Be My Lover (feat. Bandido),https://music.youtube.com/watch?v=iimE9Mcp0Es
Ringing the Bells of Christmas,S-Project,Ringing the Bells of Christmas,https://music.youtube.com/watch?v=yG2ucBu3J24
One Night in Heaven,La Bouche,One Night in Heaven,https://music.youtube.com/watch?v=AaVkeQenHP8
One Night in Heaven (Instrumental),La Bouche,One Night in Heaven,https://music.youtube.com/watch?v=EXFqkQ5iA9E
One Night in Heaven (Extended),La Bouche,One Night in Heaven,https://music.youtube.com/watch?v=JThxZa0PSgs
One Night in Heaven (Extended Instrumental) (Instrumental),La Bouche,One Night in Heaven,https://music.youtube.com/watch?v=kSbz3homP1Y
In Your Life,La Bouche,In Your Life,https://music.youtube.com/watch?v=n8PRiLyAcNM
Be My Lover (DJ Kica 2022 Remix),La Bouche,"Be My Lover: The Remixes, Pt. 2",https://music.youtube.com/watch?v=KIY8in-VVjE
Be My Lover (Lost Voice Remix),La Bouche,"Be My Lover: The Remixes, Pt. 2",https://music.youtube.com/watch?v=HvMlwzLmvPA
Be My Lover (Jtorres Remix),La Bouche,"Be My Lover: The Remixes, Pt. 2",https://music.youtube.com/watch?v=W2CWvvLqmm0
Be My Lover (House 2k22 Randy Norton Remix Edit),La Bouche,"Be My Lover: The Remixes, Pt. 2",https://music.youtube.com/watch?v=oiCw3Bz20UQ
Be My Lover (Armency Remix),La Bouche,"Be My Lover: The Remixes, Pt. 1",https://music.youtube.com/watch?v=D4AgfdOgKoM
Be My Lover (Guztavo Mx & Rickber Serrano Remix),La Bouche,"Be My Lover: The Remixes, Pt. 1",https://music.youtube.com/watch?v=IHN0Rm15mHc
Be My Lover (Calder Remix),La Bouche,"Be My Lover: The Remixes, Pt. 1",https://music.youtube.com/watch?v=u7IKgp_RDdI
Be My Lover (Funky 2k22 Randy Norton Remix),La Bouche,"Be My Lover: The Remixes, Pt. 1",https://music.youtube.com/watch?v=l6WJyv3_qxw
One Night in Heaven (Lost Voice Radio Edit),La Bouche,One Night in Heaven Remixes,https://music.youtube.com/watch?v=Zh7kxWaLHNc
One Night in Heaven (Lost Voice Remix Extended),La Bouche,One Night in Heaven Remixes,https://music.youtube.com/watch?v=AGhfrE-9caw
One Night in Heaven (Charlie Babie of Tune~Adiks Remix),La Bouche,One Night in Heaven Remixes,https://music.youtube.com/watch?v=oobRnQ4ryS0
One Night in Heaven (Dolls Ukg Mix),La Bouche,One Night in Heaven Remixes,https://music.youtube.com/watch?v=MqpbPJCO3VQ
One Night in Heaven (Manny Mo of 20 Fingers Tune~Adiks Mix),La Bouche,One Night in Heaven Remixes,https://music.youtube.com/watch?v=Eqwft_hvqEs
One Night in Heaven (DJ Rooster's Heavenly Mix),La Bouche,One Night in Heaven Remixes,https://music.youtube.com/watch?v=6kW4hwuBnqY
One Night in Heaven (Mirko's Midnight Confession Full Mix),La Bouche,One Night in Heaven Remixes,https://music.youtube.com/watch?v=0rTdfhe8PV4
One Night in Heaven (Mirko's Midnight Confession Instrumental),La Bouche,One Night in Heaven Remixes,https://music.youtube.com/watch?v=txVQxELXEr8
One Night in Heaven (Moonchannel Remix),La Bouche,One Night in Heaven Remixes,https://music.youtube.com/watch?v=pocFPl6Br-U
One Night in Heaven (Real Thing Radio Mix),La Bouche,One Night in Heaven Remixes,https://music.youtube.com/watch?v=K2T61hENjZg
One Night in Heaven (Real Thing Extended Mix),La Bouche,One Night in Heaven Remixes,https://music.youtube.com/watch?v=ma8wH-HOWnM
Night After Night,La Bouche,Night After Night,https://music.youtube.com/watch?v=rA3ZwXOc4fc
Night After Night (Dub Mix),La Bouche,Night After Night,https://music.youtube.com/watch?v=DB_mjvYqp0E
Night After Night (StoneBridge & Damien Hall Classic Radio Short),La Bouche,Night After Night,https://music.youtube.com/watch?v=2SGQHSHADOA
Night After Night (StoneBridge & Damien Hall Classic Radio Long),La Bouche,Night After Night,https://music.youtube.com/watch?v=wN-kux8c4ps
Night After Night (StoneBridge & Damien Hall Classic Mix),La Bouche,Night After Night,https://music.youtube.com/watch?v=gIwMvufKVao
Night After Night (StoneBridge & Damien Hall Classic Instrumental Mix),La Bouche,Night After Night,https://music.youtube.com/watch?v=WC8opzzwfxA
Night After Night (Jerry Ropero Latin House Remix),La Bouche,Night After Night,https://music.youtube.com/watch?v=UsbBY6E2aao
Night After Night (Sck Boy Remix),La Bouche,Night After Night,https://music.youtube.com/watch?v=lxT_Ky-5pPU
Night After Night (Mr. Mig & Gino Caporale Remix),La Bouche,Night After Night,https://music.youtube.com/watch?v=c6CMflmukzs
Night After Night (Chrizz Morisson Radio Mix),La Bouche,Night After Night,https://music.youtube.com/watch?v=Rtxmaydol1U
Night After Night (Chrizz Morisson Extended Mix,La Bouche,Night After Night,https://music.youtube.com/watch?v=mdtIfoDTfqE
Night After Night (Jw Freestyle Club Mix),La Bouche,Night After Night,https://music.youtube.com/watch?v=vy7HzUn4OkY
Night After Night (Zhou Remix),La Bouche,Night After Night,https://music.youtube.com/watch?v=B4Lnsi3co-4
titulo,artistas,album,url
The Lucky One,Laura Branigan,Self Control (Expanded),https://music.youtube.com/watch?v=wNdpN6FAN8I
Self Control,Laura Branigan,Self Control (Expanded),https://music.youtube.com/watch?v=rT02EwjBmAk
Ti Amo,Laura Branigan,Self Control (Expanded),https://music.youtube.com/watch?v=cfwtajAEQE4
Heart,Laura Branigan,Self Control (Expanded),https://music.youtube.com/watch?v=dqISTI079q8
Will You Still Love Me Tomorrow,Laura Branigan,Self Control (Expanded),https://music.youtube.com/watch?v=1QDlIpi0V9Q
Satisfaction,Laura Branigan,Self Control (Expanded),https://music.youtube.com/watch?v=zEpG8HFJJLA
Silent Partners,Laura Branigan,Self Control (Expanded),https://music.youtube.com/watch?v=PDCjHQBzqIc
Breaking Out,Laura Branigan,Self Control (Expanded),https://music.youtube.com/watch?v=lpHfYR1EdTM
Take Me,Laura Branigan,Self Control (Expanded),https://music.youtube.com/watch?v=0Fd3pfZ8hSw
With Every Beat of My Heart,Laura Branigan,Self Control (Expanded),https://music.youtube.com/watch?v=jEO2-edNjpI
Self Control (Extended Version),Laura Branigan,Self Control (Expanded),https://music.youtube.com/watch?v=8foyktslOFY
Self Control (Edit),Laura Branigan,Self Control (Expanded),https://music.youtube.com/watch?v=f8Uwtm30uhc
Self Control (Classic Summer Mix),Laura Branigan,Self Control (Expanded),https://music.youtube.com/watch?v=UXC24B4Wr1Y
Self Control (117 BPM Club Mix 1992),Laura Branigan,Self Control (Expanded),https://music.youtube.com/watch?v=FZI_j6H2nFs
The Lucky One (Single Version),Laura Branigan,Self Control (Expanded),https://music.youtube.com/watch?v=OJc5wcKYXik
The Lucky One (Jack White Mix),Laura Branigan,Self Control (Expanded),https://music.youtube.com/watch?v=-HBAgkzOJcY
The Lucky One (John Robie Mix),Laura Branigan,Self Control (Expanded),https://music.youtube.com/watch?v=f8UuFOGQMu8
Satisfaction (Single Version),Laura Branigan,Self Control (Expanded),https://music.youtube.com/watch?v=DV9-YEjDrpY
Satisfaction (Special Dance Mix),Laura Branigan,Self Control (Expanded),https://music.youtube.com/watch?v=pIkgmModDi4
When (Single Version),Laura Branigan,Self Control (Expanded),https://music.youtube.com/watch?v=mpvolqlbg1I
Hot Night,Laura Branigan,Self Control (Expanded),https://music.youtube.com/watch?v=7m17k3cymSk
How Can I Help You Say Goodbye?,Laura Branigan,Over My Heart,https://music.youtube.com/watch?v=L9MBxMY_ISM
"The Sweet Hello, the Sad Goodbye",Laura Branigan,Over My Heart,https://music.youtube.com/watch?v=QYhJGBq60tI
Over My Heart,Laura Branigan,Over My Heart,https://music.youtube.com/watch?v=Iz8NBFJhkBQ
It's Been Hard Enough Getting over You,Laura Branigan,Over My Heart,https://music.youtube.com/watch?v=pJt5YceRHEo
Is There Anyone Here but Me?,Laura Branigan,Over My Heart,https://music.youtube.com/watch?v=37KByt2zCm0
Love Your Girl,Laura Branigan,Over My Heart,https://music.youtube.com/watch?v=urdgw-DU1TY
Didn't We Almost Win It All,Laura Branigan,Over My Heart,https://music.youtube.com/watch?v=ZI_luUs1yuc
Only Time Will Tell,Laura Branigan,Over My Heart,https://music.youtube.com/watch?v=M1Gjk_uArSw
I'll Wait for You,Laura Branigan,Over My Heart,https://music.youtube.com/watch?v=W1KWblYSMkw
Mujer Contra Mujer,Laura Branigan,Over My Heart,https://music.youtube.com/watch?v=fzj7fo0CXZ4
Over You,Laura Branigan,Over My Heart,https://music.youtube.com/watch?v=vee1_U4s0v4
Mangwane (The Wedding Song),Laura Branigan,Over My Heart,https://music.youtube.com/watch?v=Xs89d1AV3uc
Moonlight on Water,Laura Branigan,Laura Branigan,https://music.youtube.com/watch?v=1lFQRA9I2kk
Bad Attitude,Laura Branigan,Laura Branigan,https://music.youtube.com/watch?v=p04q3u1xVBQ
Never in a Million Years,Laura Branigan,Laura Branigan,https://music.youtube.com/watch?v=XNCQ78ahF8I
Smoke Screen,Laura Branigan,Laura Branigan,https://music.youtube.com/watch?v=B66jPobEnM0
Let Me In,Laura Branigan,Laura Branigan,https://music.youtube.com/watch?v=7YU-_9RjZNU
Turn the Beat Around,Laura Branigan,Laura Branigan,https://music.youtube.com/watch?v=SmDzrlEs3Lk
Unison,Laura Branigan,Laura Branigan,https://music.youtube.com/watch?v=9lhPwRdvAQo
No Promise-No Guarantee,Laura Branigan,Laura Branigan,https://music.youtube.com/watch?v=K_ZZ4qSiexY
Reverse Psychology,Laura Branigan,Laura Branigan,https://music.youtube.com/watch?v=IVl9ev50UUU
The Best Was Yet to Come,Laura Branigan,Laura Branigan,https://music.youtube.com/watch?v=ZE8VpgiLfkA
Over Love,Laura Branigan,Touch,https://music.youtube.com/watch?v=pmVQ_G6fIM0
Shadow of Love,Laura Branigan,Touch,https://music.youtube.com/watch?v=NWNOxVWH4sA
Angels Calling,Laura Branigan,Touch,https://music.youtube.com/watch?v=5L9tZPauon8
Meaning of the Word,Laura Branigan,Touch,https://music.youtube.com/watch?v=6qPfQ8mqPBA
Power of Love,Laura Branigan,Touch,https://music.youtube.com/watch?v=BD65PhiNzEw
Shattered Glass,Laura Branigan,Touch,https://music.youtube.com/watch?v=GiLEeD2uzow
Whatever I Do,Laura Branigan,Touch,https://music.youtube.com/watch?v=lweZs6w6G1A
Spirit of Love,Laura Branigan,Touch,https://music.youtube.com/watch?v=41Lo7zPde0o
Name Game,Laura Branigan,Touch,https://music.youtube.com/watch?v=kk_kTEQPPPk
Touch,Laura Branigan,Touch,https://music.youtube.com/watch?v=2amIvv7gE_c
Cry Wolf,Laura Branigan,Touch,https://music.youtube.com/watch?v=FLG_QDIDrjI
Statue in the Rain,Laura Branigan,Touch,https://music.youtube.com/watch?v=YriwK8ETKqg
Hold Me,Laura Branigan,Hold Me,https://music.youtube.com/watch?v=XsPvdYUtfuc
Maybe Tonight,Laura Branigan,Hold Me,https://music.youtube.com/watch?v=Yf0eIo3dl0o
Foolish Lullaby,Laura Branigan,Hold Me,https://music.youtube.com/watch?v=0QzNJbbyMZ8
Spanish Eddie,Laura Branigan,Hold Me,https://music.youtube.com/watch?v=nvcIm13KBno
Forever Young,Laura Branigan,Hold Me,https://music.youtube.com/watch?v=xkXbvWtytGg
When I'm with You,Laura Branigan,Hold Me,https://music.youtube.com/watch?v=uHdJCaOtgpM
I Found Someone,Laura Branigan,Hold Me,https://music.youtube.com/watch?v=uW7LrV7iLiM
Sanctuary,Laura Branigan,Hold Me,https://music.youtube.com/watch?v=PoXvGJyfdYQ
Tenderness,Laura Branigan,Hold Me,https://music.youtube.com/watch?v=CtCu4rjL388
When the Heat Hits the Streets,Laura Branigan,Hold Me,https://music.youtube.com/watch?v=jDoswUsZb3g
The Lucky One,Laura Branigan,Self Control,https://music.youtube.com/watch?v=59P-3ddZY6k
Self Control,Laura Branigan,Self Control,https://music.youtube.com/watch?v=Ucmo6hDZRSY
Ti Amo,Laura Branigan,Self Control,https://music.youtube.com/watch?v=lpMZDk3lX9I
Heart,Laura Branigan,Self Control,https://music.youtube.com/watch?v=RPbnGVsQhds
Will You Still Love Me Tomorrow,Laura Branigan,Self Control,https://music.youtube.com/watch?v=RBk3Eo00xog
Satisfaction,Laura Branigan,Self Control,https://music.youtube.com/watch?v=yfuWEuCZGXg
Silent Partners,Laura Branigan,Self Control,https://music.youtube.com/watch?v=nDr2l4vpjEU
Breaking Out,Laura Branigan,Self Control,https://music.youtube.com/watch?v=lbA5MSnwosk
Take Me,Laura Branigan,Self Control,https://music.youtube.com/watch?v=mQrKXO9EziE
With Every Beat of My Heart,Laura Branigan,Self Control,https://music.youtube.com/watch?v=lZg6F7zxoUU
Solitaire,Laura Branigan,Branigan 2,https://music.youtube.com/watch?v=Y_EPGSE5PJI
Deep in the Dark,Laura Branigan,Branigan 2,https://music.youtube.com/watch?v=hVNdjglcRvk
Close Enough,Laura Branigan,Branigan 2,https://music.youtube.com/watch?v=qi_v9Tivovw
Lucky,Laura Branigan,Branigan 2,https://music.youtube.com/watch?v=aRmUuyb35Ww
Squeeze Box,Laura Branigan,Branigan 2,https://music.youtube.com/watch?v=8VetzSlRNjQ
How Am I Supposed to Live without You,Laura Branigan,Branigan 2,https://music.youtube.com/watch?v=8G8J4UbTf3Y
I'm Not the Only One,Laura Branigan,Branigan 2,https://music.youtube.com/watch?v=IRFf7I9PcmU
Mama,Laura Branigan,Branigan 2,https://music.youtube.com/watch?v=g77mOoA1mPE
Find Me,Laura Branigan,Branigan 2,https://music.youtube.com/watch?v=GuQ9NduxC_0
Don't Show Your Love,Laura Branigan,Branigan 2,https://music.youtube.com/watch?v=sY_UMUyT1h4
All Night with Me,Laura Branigan,Branigan,https://music.youtube.com/watch?v=XnEplzIr4So
Gloria,Laura Branigan,Branigan,https://music.youtube.com/watch?v=fxf2y8Tl9Ts
Lovin' You Baby,Laura Branigan,Branigan,https://music.youtube.com/watch?v=zVkp3kI9OgA
Living a Lie,Laura Branigan,Branigan,https://music.youtube.com/watch?v=mb__oVI9klY
If You Loved Me,Laura Branigan,Branigan,https://music.youtube.com/watch?v=yODZJ3D_khQ
"Please Stay, Go Away",Laura Branigan,Branigan,https://music.youtube.com/watch?v=8rr3_4Wa9eY
I Wish We Could Be Alone,Laura Branigan,Branigan,https://music.youtube.com/watch?v=VEy8YQskxz8
Down Like a Rock,Laura Branigan,Branigan,https://music.youtube.com/watch?v=JVGjnrVe2SI
Maybe I Love You,Laura Branigan,Branigan,https://music.youtube.com/watch?v=5cpsyN6s6wo
All Night with Me (Single Version),Laura Branigan,The Complete Atlantic Albums,https://music.youtube.com/watch?v=PwiSRumgFtI
Gloria,Laura Branigan,The Complete Atlantic Albums,https://music.youtube.com/watch?v=oHlNMojXQrk
Lovin' You Baby,Laura Branigan,The Complete Atlantic Albums,https://music.youtube.com/watch?v=wqwLlDz5WBA
Living a Lie,Laura Branigan,The Complete Atlantic Albums,https://music.youtube.com/watch?v=TA-wp-IO7BU
If You Loved Me,Laura Branigan,The Complete Atlantic Albums,https://music.youtube.com/watch?v=7B7f34IOcuY
"Please Stay, Go Away",Laura Branigan,The Complete Atlantic Albums,https://music.youtube.com/watch?v=sTEaUCrJ3zY
I Wish We Could Be Alone,Laura Branigan,The Complete Atlantic Albums,https://music.youtube.com/watch?v=XxkTujWveMs
Down Like a Rock,Laura Branigan,The Complete Atlantic Albums,https://music.youtube.com/watch?v=lQjpiP3ryjQ
Maybe I Love You,Laura Branigan,The Complete Atlantic Albums,https://music.youtube.com/watch?v=dv0oZyegL7U
Solitaire,Laura Branigan,The Complete Atlantic Albums,https://music.youtube.com/watch?v=4VFZ_y5Yrlg
Deep In the Dark,Laura Branigan,The Complete Atlantic Albums,https://music.youtube.com/watch?v=kvdvrl-Fom4
Close Enough,Laura Branigan,The Complete Atlantic Albums,https://music.youtube.com/watch?v=KyRLJKklbUo
Lucky,Laura Branigan,The Complete Atlantic Albums,https://music.youtube.com/watch?v=MoUlxyFyLgk
Squeeze Box,Laura Branigan,The Complete Atlantic Albums,https://music.youtube.com/watch?v=YGiI7sfxFRk
How Am I Supposed to Live Without You,Laura Branigan,The Complete Atlantic Albums,https://music.youtube.com/watch?v=-i4B9YSgJDI
I'm Not the Only One,Laura Branigan,The Complete Atlantic Albums,https://music.youtube.com/watch?v=JcB0u-NwJlw
Mama,Laura Branigan,The Complete Atlantic Albums,https://music.youtube.com/watch?v=jbWEu4zf3Bk
Find Me,Laura Branigan,The Complete Atlantic Albums,https://music.youtube.com/watch?v=h3kLJ35gdxs
Don't Show Your Love,Laura Branigan,The Complete Atlantic Albums,https://music.youtube.com/watch?v=8IAAwcYvRYs
The Lucky One,Laura Branigan,The Complete Atlantic Albums,https://music.youtube.com/watch?v=uALNtdBQk3o
Self Control,Laura Branigan,The Complete Atlantic Albums,https://music.youtube.com/watch?v=xQF2X41faAY
Ti Amo,Laura Branigan,The Complete Atlantic Albums,https://music.youtube.com/watch?v=Aw3SHqT2aIQ
Heart,Laura Branigan,The Complete Atlantic Albums,https://music.youtube.com/watch?v=ndzorkqVsxo
Will You Still Love Me Tomorrow,Laura Branigan,The Complete Atlantic Albums,https://music.youtube.com/watch?v=7X1iE8jNR9c
Satisfaction,Laura Branigan,The Complete Atlantic Albums,https://music.youtube.com/watch?v=oWAx-YDA-q0
Silent Partners,Laura Branigan,The Complete Atlantic Albums,https://music.youtube.com/watch?v=bYUjwRrubq8
Breaking Out,Laura Branigan,The Complete Atlantic Albums,https://music.youtube.com/watch?v=hiWMpgFqKKI
Take Me,Laura Branigan,The Complete Atlantic Albums,https://music.youtube.com/watch?v=cucgmu9wHlI
With Every Beat of My Heart,Laura Branigan,The Complete Atlantic Albums,https://music.youtube.com/watch?v=rVHfSwtuci4
Hold Me,Laura Branigan,The Complete Atlantic Albums,https://music.youtube.com/watch?v=qM43kBLKH1s
Maybe Tonight,Laura Branigan,The Complete Atlantic Albums,https://music.youtube.com/watch?v=ti_9J4LD7f4
Foolish Lullaby,Laura Branigan,The Complete Atlantic Albums,https://music.youtube.com/watch?v=3UlPBUhCJjg
Spanish Eddie,Laura Branigan,The Complete Atlantic Albums,https://music.youtube.com/watch?v=wtrJoy-ff4U
Forever Young,Laura Branigan,The Complete Atlantic Albums,https://music.youtube.com/watch?v=l6Z2NAoOyRI
When I'm with You,Laura Branigan,The Complete Atlantic Albums,https://music.youtube.com/watch?v=2tuU8_fFNLo
I Found Someone,Laura Branigan,The Complete Atlantic Albums,https://music.youtube.com/watch?v=G0P_2R34vrU
Sanctuary,Laura Branigan,The Complete Atlantic Albums,https://music.youtube.com/watch?v=BJ3Bc4yv1bA
Tenderness,Laura Branigan,The Complete Atlantic Albums,https://music.youtube.com/watch?v=mTOqD-NmvuQ
When the Heat Hits the Streets,Laura Branigan,The Complete Atlantic Albums,https://music.youtube.com/watch?v=eN1dkN8fG8s
Over Love,Laura Branigan,The Complete Atlantic Albums,https://music.youtube.com/watch?v=jtueQW7LBqc
Shadow of Love,Laura Branigan,The Complete Atlantic Albums,https://music.youtube.com/watch?v=tazxuA6M8L8
Angels Calling,Laura Branigan,The Complete Atlantic Albums,https://music.youtube.com/watch?v=dDEJMobf_30
Meaning of the Word,Laura Branigan,The Complete Atlantic Albums,https://music.youtube.com/watch?v=hnQbmmRtMjA
Power of Love,Laura Branigan,The Complete Atlantic Albums,https://music.youtube.com/watch?v=-T9BORYrcHw
Shattered Glass,Laura Branigan,The Complete Atlantic Albums,https://music.youtube.com/watch?v=T0OLqNlQr6k
Whatever I Do,Laura Branigan,The Complete Atlantic Albums,https://music.youtube.com/watch?v=Z_x_K-vxFS0
Spirit of Love,Laura Branigan,The Complete Atlantic Albums,https://music.youtube.com/watch?v=YsNHCpyVHns
Name Game,Laura Branigan,The Complete Atlantic Albums,https://music.youtube.com/watch?v=AyZ6219U0Sk
Touch,Laura Branigan,The Complete Atlantic Albums,https://music.youtube.com/watch?v=L_YGEKjzoJw
Cry Wolf,Laura Branigan,The Complete Atlantic Albums,https://music.youtube.com/watch?v=CeAbnn0jF1o
Statue In the Rain,Laura Branigan,The Complete Atlantic Albums,https://music.youtube.com/watch?v=PAig1i9_-xs
Moonlight On Water,Laura Branigan,The Complete Atlantic Albums,https://music.youtube.com/watch?v=QILA3kLLYIU
Bad Attitude,Laura Branigan,The Complete Atlantic Albums,https://music.youtube.com/watch?v=NrCVaPFi3Fg
Never In a Million Years,Laura Branigan,The Complete Atlantic Albums,https://music.youtube.com/watch?v=J0JksoDZW6E
Smoke Screen,Laura Branigan,The Complete Atlantic Albums,https://music.youtube.com/watch?v=FYduWzzBd9E
Let Me In,Laura Branigan,The Complete Atlantic Albums,https://music.youtube.com/watch?v=GtiRYgbo_RE
Turn the Beat Around,Laura Branigan,The Complete Atlantic Albums,https://music.youtube.com/watch?v=SAyYqk197Ek
Unison,Laura Branigan,The Complete Atlantic Albums,https://music.youtube.com/watch?v=k5VUzew4XPI
No Promise-No Guarantee,Laura Branigan,The Complete Atlantic Albums,https://music.youtube.com/watch?v=EGA73diYI-Y
Reverse Pyschology,Laura Branigan,The Complete Atlantic Albums,https://music.youtube.com/watch?v=vgViXtk38UA
The Best Was yet to Come,Laura Branigan,The Complete Atlantic Albums,https://music.youtube.com/watch?v=JW8zEc3Yv6I
How Can I Help You Say Goodbye?,Laura Branigan,The Complete Atlantic Albums,https://music.youtube.com/watch?v=U_MQkRu3zo4
"The Sweet Hello, the Sad Goodbye",Laura Branigan,The Complete Atlantic Albums,https://music.youtube.com/watch?v=eRSpn4VhDX4
Over My Heart,Laura Branigan,The Complete Atlantic Albums,https://music.youtube.com/watch?v=LKrkHgj89qQ
It's Been Hard Enough Getting Over You,Laura Branigan,The Complete Atlantic Albums,https://music.youtube.com/watch?v=RgQGjDUmaKc
Is There Anybody Here but Me?,Laura Branigan,The Complete Atlantic Albums,https://music.youtube.com/watch?v=gS5-F9K8dak
Love Your Girl,Laura Branigan,The Complete Atlantic Albums,https://music.youtube.com/watch?v=x_HUePckQ6E
Didn't We Almost Win It All,Laura Branigan,The Complete Atlantic Albums,https://music.youtube.com/watch?v=okriZo5VuO0
Only Time Will Tell,Laura Branigan,The Complete Atlantic Albums,https://music.youtube.com/watch?v=FcK7r7xxfrs
I'll Wait for You,Laura Branigan,The Complete Atlantic Albums,https://music.youtube.com/watch?v=_h5XeLGR560
Mujer Contra Mujer,Laura Branigan,The Complete Atlantic Albums,https://music.youtube.com/watch?v=5j8jsqmMK00
Over You,Laura Branigan,The Complete Atlantic Albums,https://music.youtube.com/watch?v=jdOIrwOLQWE
Mangwane (The Wedding Song),Laura Branigan,The Complete Atlantic Albums,https://music.youtube.com/watch?v=k6zQnIP8jQ8
Solitaire,Laura Branigan,The Best of Branigan,https://music.youtube.com/watch?v=ct2yNGE203M
Show Me Heaven,Laura Branigan,The Best of Branigan,https://music.youtube.com/watch?v=vgPIJBW8lvo
Ti Amo,Laura Branigan,The Best of Branigan,https://music.youtube.com/watch?v=MhSA5TEEENo
Spanish Eddie,Laura Branigan,The Best of Branigan,https://music.youtube.com/watch?v=fnC6LK1LUlw
Power of Love,Laura Branigan,The Best of Branigan,https://music.youtube.com/watch?v=rgIEd5yjhUQ
Is There Anyone Here but Me?,Laura Branigan,The Best of Branigan,https://music.youtube.com/watch?v=SW-t8PYbf-4
Dim All the Lights,Laura Branigan,The Best of Branigan,https://music.youtube.com/watch?v=lAJDjVKkeUg
How Am I Supposed to Live without You,Laura Branigan,The Best of Branigan,https://music.youtube.com/watch?v=sYpjz1kFkWk
Over You,Laura Branigan,The Best of Branigan,https://music.youtube.com/watch?v=llQHoX8P3L4
The Lucky One,Laura Branigan,The Best of Branigan,https://music.youtube.com/watch?v=GJOkeRIDVS8
How Can I Help You Say Goodbye?,Laura Branigan,The Best of Branigan,https://music.youtube.com/watch?v=7O-ivfslR7U
Self Control,Laura Branigan,The Best of Branigan,https://music.youtube.com/watch?v=FQD0yGuZ2N8
Gloria,Laura Branigan,The Best of Branigan,https://music.youtube.com/watch?v=bY2tXZKJcT0
Hot Night,Laura Branigan,Hot Night,https://music.youtube.com/watch?v=7m17k3cymSk
The Winner Takes It All,Laura Branigan,The Winner Takes It All,https://music.youtube.com/watch?v=G0tE6ZJ3Z38
"A Much, Much Greater Love",Laura Branigan,"A Much, Much Greater Love",https://music.youtube.com/watch?v=r5QT8ilTJP4
Memories,Laura Branigan,Memories,https://music.youtube.com/watch?v=bgdn__TcbSw
titulo,artistas,album,url
Beautiful Mistakes,"Maroon 5, Megan Thee Stallion",JORDI (Deluxe),https://music.youtube.com/watch?v=BSzSn-PRdtI
Lost,Maroon 5,JORDI (Deluxe),https://music.youtube.com/watch?v=U05fwua9-D4
Echo (feat. blackbear),Maroon 5,JORDI (Deluxe),https://music.youtube.com/watch?v=cOwlU2W3WiM
Lovesick,Maroon 5,JORDI (Deluxe),https://music.youtube.com/watch?v=zAVqPCuYN4k
Remedy (feat. Stevie Nicks),Maroon 5,JORDI (Deluxe),https://music.youtube.com/watch?v=Nfrz2UpI3jk
Seasons,Maroon 5,JORDI (Deluxe),https://music.youtube.com/watch?v=NoXU44cqetE
One Light (feat. Bantu),Maroon 5,JORDI (Deluxe),https://music.youtube.com/watch?v=F98qJgAzQpA
Convince Me Otherwise,"Maroon 5, H.E.R.",JORDI (Deluxe),https://music.youtube.com/watch?v=uzQB8X6jx9M
Nobody's Love,Maroon 5,JORDI (Deluxe),https://music.youtube.com/watch?v=7ghhRHRP6t4
Can't Leave You Alone (feat. Juice WRLD),Maroon 5,JORDI (Deluxe),https://music.youtube.com/watch?v=jWBN39Uwv7g
Memories,Maroon 5,JORDI (Deluxe),https://music.youtube.com/watch?v=SlPhMPnQ58k
Memories Remix (feat. Nipsey Hussle & YG),Maroon 5,JORDI (Deluxe),https://music.youtube.com/watch?v=RZnIz96LK6U
Button (feat. Anuel AA & Tainy),Maroon 5,JORDI (Deluxe),https://music.youtube.com/watch?v=ZyYTak2uoj0
Lifestyle (feat. Adam Levine),Jason Derulo,JORDI (Deluxe),https://music.youtube.com/watch?v=gTOYhxubOmk
Best 4 U,Maroon 5,Red Pill Blues,https://music.youtube.com/watch?v=AS9mspIw2RE
What Lovers Do (feat. SZA),Maroon 5,Red Pill Blues,https://music.youtube.com/watch?v=5Wiio4KoGe8
Wait,Maroon 5,Red Pill Blues,https://music.youtube.com/watch?v=4uTNVumfm84
Lips on You,Maroon 5,Red Pill Blues,https://music.youtube.com/watch?v=1orovF_Gqrk
Bet My Heart,Maroon 5,Red Pill Blues,https://music.youtube.com/watch?v=0DdObOQ3pZE
Help Me Out,"Maroon 5, Julia Michaels",Red Pill Blues,https://music.youtube.com/watch?v=JA2JdSP7wyg
Who I Am (feat. LunchMoney Lewis),Maroon 5,Red Pill Blues,https://music.youtube.com/watch?v=ZtNsV27EYw0
Whiskey (feat. A$AP Rocky),Maroon 5,Red Pill Blues,https://music.youtube.com/watch?v=B9zTaNZ_n5s
Girls Like You,Maroon 5,Red Pill Blues,https://music.youtube.com/watch?v=aJOTlE1K90k
Closure,Maroon 5,Red Pill Blues,https://music.youtube.com/watch?v=eRfQfej1DhY
Maps,Maroon 5,V,https://music.youtube.com/watch?v=NmugSMBh_iI
Animals,Maroon 5,V,https://music.youtube.com/watch?v=qpgTC9MDx1o
It Was Always You,Maroon 5,V,https://music.youtube.com/watch?v=IIhsT0pu8qM
Unkiss Me,Maroon 5,V,https://music.youtube.com/watch?v=Lr6p4V4B2BU
Sugar,Maroon 5,V,https://music.youtube.com/watch?v=09R8_2nJtjg
Leaving California,Maroon 5,V,https://music.youtube.com/watch?v=m4HvYhLVlDE
In Your Pocket,Maroon 5,V,https://music.youtube.com/watch?v=NGZ1lQkJwT0
New Love,Maroon 5,V,https://music.youtube.com/watch?v=DlZTFxRTjtc
Coming Back For You,Maroon 5,V,https://music.youtube.com/watch?v=RIMbJhaMMzA
Feelings,Maroon 5,V,https://music.youtube.com/watch?v=ncSwBduXiBE
My Heart Is Open (feat. Gwen Stefani),Maroon 5,V,https://music.youtube.com/watch?v=ku43Ue_Wv-U
This Summer,Maroon 5,V,https://music.youtube.com/watch?v=Wa64gOwuIyE
One More Night,Maroon 5,Overexposed,https://music.youtube.com/watch?v=fwK7ggA3-bU
Payphone (feat. Wiz Khalifa),Maroon 5,Overexposed,https://music.youtube.com/watch?v=KRaWnd3LJfs
Daylight,Maroon 5,Overexposed,https://music.youtube.com/watch?v=N17FXwRWEZs
Lucky Strike,Maroon 5,Overexposed,https://music.youtube.com/watch?v=zxhSyrjdnw8
The Man Who Never Lied,Maroon 5,Overexposed,https://music.youtube.com/watch?v=AODkykIHuF4
Love Somebody,Maroon 5,Overexposed,https://music.youtube.com/watch?v=MU8B4XDI3Uw
Ladykiller,Maroon 5,Overexposed,https://music.youtube.com/watch?v=y0VcjHiQCdQ
Fortune Teller,Maroon 5,Overexposed,https://music.youtube.com/watch?v=Ies0AZbI7N4
Sad,Maroon 5,Overexposed,https://music.youtube.com/watch?v=ZEm7lvo1UI0
Tickets,Maroon 5,Overexposed,https://music.youtube.com/watch?v=dA5Vna7ZYCI
Doin’ Dirt,Maroon 5,Overexposed,https://music.youtube.com/watch?v=24Cq8U-WaWY
Beautiful Goodbye,Maroon 5,Overexposed,https://music.youtube.com/watch?v=zPM364zqxWU
One More Night (Commentary),Maroon 5,Overexposed (Commentary),https://music.youtube.com/watch?v=CxI2yqObZwc
Payphone (Commentary),Maroon 5,Overexposed (Commentary),https://music.youtube.com/watch?v=X7fWGDFvhIs
Day Light (Commentary),Maroon 5,Overexposed (Commentary),https://music.youtube.com/watch?v=KBD1E9zx2VQ
Lucky Strike (Commentary),Maroon 5,Overexposed (Commentary),https://music.youtube.com/watch?v=8Oakgrg0xc0
The Man Who Never Lied (Commentary),Maroon 5,Overexposed (Commentary),https://music.youtube.com/watch?v=ovP3Mx95IsM
Love Somebody (Commentary),Maroon 5,Overexposed (Commentary),https://music.youtube.com/watch?v=jibH-LzQspQ
Lady Killer (Commentary),Maroon 5,Overexposed (Commentary),https://music.youtube.com/watch?v=d1AEFhQT5f4
Fortune Teller (Commentary),Maroon 5,Overexposed (Commentary),https://music.youtube.com/watch?v=uHzo0PSSizw
Sad (Commentary),Maroon 5,Overexposed (Commentary),https://music.youtube.com/watch?v=SCE-jGysKv4
Tickets (Commentary),Maroon 5,Overexposed (Commentary),https://music.youtube.com/watch?v=TVLNPSB2ewI
Doin' Dirt (Commentary),Maroon 5,Overexposed (Commentary),https://music.youtube.com/watch?v=CUqy3UKq-dY
Beautiful Goodbye (Commentary),Maroon 5,Overexposed (Commentary),https://music.youtube.com/watch?v=aU1Eq4MkczM
Wipe Your Eyes (Commentary),Maroon 5,Overexposed (Commentary),https://music.youtube.com/watch?v=FltIVVnmpec
Wasted Years (Commentary),Maroon 5,Overexposed (Commentary),https://music.youtube.com/watch?v=X5SENUtVUmQ
Let's Stay Together (Commentary),Maroon 5,Overexposed (Commentary),https://music.youtube.com/watch?v=QbCx4Huq1dc
Misery,Maroon 5,Hands All Over,https://music.youtube.com/watch?v=6g6g2mvItp4
Give a Little More,Maroon 5,Hands All Over,https://music.youtube.com/watch?v=BP1PsqBmbvM
Stutter,Maroon 5,Hands All Over,https://music.youtube.com/watch?v=o_m8Z0z6-DI
Don't Know Nothing,Maroon 5,Hands All Over,https://music.youtube.com/watch?v=tH23Ew8cntE
Never Gonna Leave This Bed,Maroon 5,Hands All Over,https://music.youtube.com/watch?v=ADmCFmYLns4
I Can't Lie,Maroon 5,Hands All Over,https://music.youtube.com/watch?v=i0inYedGfeg
Hands All Over,Maroon 5,Hands All Over,https://music.youtube.com/watch?v=HQEZ-RiW7X0
How,Maroon 5,Hands All Over,https://music.youtube.com/watch?v=sOtLB5lkfHY
Get Back in My Life,Maroon 5,Hands All Over,https://music.youtube.com/watch?v=Z04GbdoC6ZM
Just a Feeling,Maroon 5,Hands All Over,https://music.youtube.com/watch?v=IJ8rBYZtQIs
Runaway,Maroon 5,Hands All Over,https://music.youtube.com/watch?v=UzCcgwtvOf0
Out of Goodbyes (feat. Lady Antebellum),Maroon 5,Hands All Over,https://music.youtube.com/watch?v=umtlAZQ4mmk
If I Never See Your Face Again,Maroon 5,It Won't Be Soon Before Long (International Version),https://music.youtube.com/watch?v=19uoaAVBLto
Makes Me Wonder,Maroon 5,It Won't Be Soon Before Long (International Version),https://music.youtube.com/watch?v=sAebYQgy4n4
Little of Your Time,Maroon 5,It Won't Be Soon Before Long (International Version),https://music.youtube.com/watch?v=U_KnMbBHRTo
Wake Up Call,Maroon 5,It Won't Be Soon Before Long (International Version),https://music.youtube.com/watch?v=dkQ0OJ5Byls
Won't Go Home Without You,Maroon 5,It Won't Be Soon Before Long (International Version),https://music.youtube.com/watch?v=VlMEGBsw6j8
Nothing Lasts Forever,Maroon 5,It Won't Be Soon Before Long (International Version),https://music.youtube.com/watch?v=6ySRE_H-tJs
Can't Stop,Maroon 5,It Won't Be Soon Before Long (International Version),https://music.youtube.com/watch?v=DEPS91vhUjo
Goodnight Goodnight,Maroon 5,It Won't Be Soon Before Long (International Version),https://music.youtube.com/watch?v=uNSBq6hvU1s
Not Falling Apart,Maroon 5,It Won't Be Soon Before Long (International Version),https://music.youtube.com/watch?v=AQ3HTdWBphY
Kiwi,Maroon 5,It Won't Be Soon Before Long (International Version),https://music.youtube.com/watch?v=Oe-R_FcxtVU
Better That We Break,Maroon 5,It Won't Be Soon Before Long (International Version),https://music.youtube.com/watch?v=Q8Za78CY_qE
Back at Your Door,Maroon 5,It Won't Be Soon Before Long (International Version),https://music.youtube.com/watch?v=1uviHjK4PRQ
Until You're Over Me,Maroon 5,It Won't Be Soon Before Long (International Version),https://music.youtube.com/watch?v=n9Mv-PCzHm4
Infatuation,Maroon 5,It Won't Be Soon Before Long (International Version),https://music.youtube.com/watch?v=tT5hPLhSFKs
Losing My Mind,Maroon 5,It Won't Be Soon Before Long (International Version),https://music.youtube.com/watch?v=UP6sEtRGEkM
Harder to Breathe,Maroon 5,Songs About Jane,https://music.youtube.com/watch?v=rV8NHsmVMPE
This Love,Maroon 5,Songs About Jane,https://music.youtube.com/watch?v=XPpTgCho5ZA
Shiver,Maroon 5,Songs About Jane,https://music.youtube.com/watch?v=x0BQUVzcguU
She Will Be Loved,Maroon 5,Songs About Jane,https://music.youtube.com/watch?v=nIjVuRTm-dc
Tangled,Maroon 5,Songs About Jane,https://music.youtube.com/watch?v=RGwXUCEEJHs
The Sun,Maroon 5,Songs About Jane,https://music.youtube.com/watch?v=cnXVKlebQqc
Must Get Out,Maroon 5,Songs About Jane,https://music.youtube.com/watch?v=kSsFN8g9FBM
Sunday Morning,Maroon 5,Songs About Jane,https://music.youtube.com/watch?v=S2Cti12XBw4
Secret,Maroon 5,Songs About Jane,https://music.youtube.com/watch?v=_h8rbnZ2sKQ
Through with You,Maroon 5,Songs About Jane,https://music.youtube.com/watch?v=ZBqqfiAVol4
Not Coming Home,Maroon 5,Songs About Jane,https://music.youtube.com/watch?v=mJ8kStDAb1Y
Sweetest Goodbye,Maroon 5,Songs About Jane,https://music.youtube.com/watch?v=bHbAsss2GU8
Shiver (Live),Maroon 5,Live – Friday the 13th,https://music.youtube.com/watch?v=AqFlr4GE3wo
Through with You (Live),Maroon 5,Live – Friday the 13th,https://music.youtube.com/watch?v=5QoNPx0L3zc
Tangled (Live),Maroon 5,Live – Friday the 13th,https://music.youtube.com/watch?v=oyJPJqXTDlo
Harder to Breathe (Live),Maroon 5,Live – Friday the 13th,https://music.youtube.com/watch?v=cfocYmGEcHY
The Sun (Live),Maroon 5,Live – Friday the 13th,https://music.youtube.com/watch?v=XK8f_aXTR3g
Wasted Years (Live),Maroon 5,Live – Friday the 13th,https://music.youtube.com/watch?v=oxdAdGt0MC4
Secret / Ain't No Sunshine (Live),Maroon 5,Live – Friday the 13th,https://music.youtube.com/watch?v=eVlGHzKVrws
Not Coming Home (Live),Maroon 5,Live – Friday the 13th,https://music.youtube.com/watch?v=gapUC_Ht4u4
This Love (Live),Maroon 5,Live – Friday the 13th,https://music.youtube.com/watch?v=-1D4qEmka6w
Must Get Out (Live),Maroon 5,Live – Friday the 13th,https://music.youtube.com/watch?v=pCv3XFfGdQs
Sunday Morning (Live),Maroon 5,Live – Friday the 13th,https://music.youtube.com/watch?v=sywAmXOLaMw
Sweetest Goodbye (Live),Maroon 5,Live – Friday the 13th,https://music.youtube.com/watch?v=VHI9Ma5gaAY
Hello (Live),Maroon 5,Live – Friday the 13th,https://music.youtube.com/watch?v=vI-RDFslBx0
She Will Be Loved (Live),Maroon 5,Live – Friday the 13th,https://music.youtube.com/watch?v=_T86Fu6Uta4
This Love (Acoustic),Maroon 5,1.22.03. (Acoustic),https://music.youtube.com/watch?v=omgaFSs6f3E
Sunday Morning (Acoustic),Maroon 5,1.22.03. (Acoustic),https://music.youtube.com/watch?v=1rx8jq3QivI
She Will Be Loved (Acoustic),Maroon 5,1.22.03. (Acoustic),https://music.youtube.com/watch?v=evNYtPFGqgI
Harder To Breathe (Acoustic),Maroon 5,1.22.03. (Acoustic),https://music.youtube.com/watch?v=BglRNs12c6k
The Sun (Acoustic),Maroon 5,1.22.03. (Acoustic),https://music.youtube.com/watch?v=xXYQFFM6qj4
"If I Fell (Acoustic) [Live, The Hit Factory, NYC, 2003]",Maroon 5,1.22.03. (Acoustic),https://music.youtube.com/watch?v=JUwTodVG0DI
"Highway to Hell (Acoustic) [Live, Hamburg, Germany]",Maroon 5,1.22.03. (Acoustic),https://music.youtube.com/watch?v=REdrA3lb1Ew
California,Maroon 5,California,https://music.youtube.com/watch?v=NkDIkzI5730
All Night,Maroon 5,All Night,https://music.youtube.com/watch?v=2HCThr-qbPw
Priceless,Maroon 5,Priceless,https://music.youtube.com/watch?v=vaGf8fmtBr4
This Love,Maroon 5,Will Be Loved EP,https://music.youtube.com/watch?v=XPpTgCho5ZA
Sunday Morning,Maroon 5,Will Be Loved EP,https://music.youtube.com/watch?v=S2Cti12XBw4
It Was Always You,Maroon 5,Will Be Loved EP,https://music.youtube.com/watch?v=UzAleAoBubQ
Girls Like You,Maroon 5,Will Be Loved EP,https://music.youtube.com/watch?v=aJOTlE1K90k
She Will Be Loved,Maroon 5,Will Be Loved EP,https://music.youtube.com/watch?v=nIjVuRTm-dc
Love Somebody,Maroon 5,Will Be Loved EP,https://music.youtube.com/watch?v=MU8B4XDI3Uw
Sugar,Maroon 5,Will Be Loved EP,https://music.youtube.com/watch?v=09R8_2nJtjg
Middle Ground (feat. Mickey Guyton),Maroon 5,Middle Ground (feat. Mickey Guyton),https://music.youtube.com/watch?v=Ntc2XNAGGMQ
Middle Ground,Maroon 5,Middle Ground,https://music.youtube.com/watch?v=Ntc2XNAGGMQ
Three Little Birds,Maroon 5,Three Little Birds,https://music.youtube.com/watch?v=mUYsp5baMXo
Girls Like You (Cardi B Version) (feat. Cardi B),Maroon 5,Girls Like You (feat. Cardi B),https://music.youtube.com/watch?v=aJOTlE1K90k
Wait (feat. A Boogie wit da Hoodie),Maroon 5,Wait (feat. A Boogie wit da Hoodie),https://music.youtube.com/watch?v=4uTNVumfm84
This Summer,Maroon 5,This Summer,https://music.youtube.com/watch?v=_OMJvOPHYkE
titulo,artistas,album,url
Can't You Feel My Love,Milli Vanilli,All Or Nothing,https://music.youtube.com/watch?v=2wkN6LK2IPM
Boy in the Tree,Milli Vanilli,All Or Nothing,https://music.youtube.com/watch?v=pXXMDNe83pE
Money,Milli Vanilli,All Or Nothing,https://music.youtube.com/watch?v=C2pw8YJupY0
Dance with a Devil,Milli Vanilli,All Or Nothing,https://music.youtube.com/watch?v=r8J5X_sRlH8
I'm Gonna Miss You,Milli Vanilli,All Or Nothing,https://music.youtube.com/watch?v=ZbUENJ5FjBk
All or Nothing,Milli Vanilli,All Or Nothing,https://music.youtube.com/watch?v=s0rC_VGocII
Baby Don't Forget My Number,Milli Vanilli,All Or Nothing,https://music.youtube.com/watch?v=aINm4hITBy4
Dream to Remember,Milli Vanilli,All Or Nothing,https://music.youtube.com/watch?v=f92_huqxt-Y
Is It Love,Milli Vanilli,All Or Nothing,https://music.youtube.com/watch?v=LkOvZGpAXRo
Ma Baker,Milli Vanilli,All Or Nothing,https://music.youtube.com/watch?v=JyWIsmSaezw
Girl You Know It's True (Long Maxi Version),Milli Vanilli,All Or Nothing,https://music.youtube.com/watch?v=RdSmokR0Enk
Hush,Milli Vanilli,All Or Nothing,https://music.youtube.com/watch?v=-bmr6ziA4FA
Too Much Monkey Business (Maxi Mix),Milli Vanilli,All Or Nothing,https://music.youtube.com/watch?v=uvwGT9TsGs0
Blame It On The Rain (Super Club Mix),Milli Vanilli,All Or Nothing US Remix Album,https://music.youtube.com/watch?v=None
More Than You'll Ever Know,Milli Vanilli,All Or Nothing US Remix Album,https://music.youtube.com/watch?v=C51SKV-bSIY
Take It as It Comes,Milli Vanilli,All Or Nothing US Remix Album,https://music.youtube.com/watch?v=cIWnROdQGDA
It's Your Thing,Milli Vanilli,All Or Nothing US Remix Album,https://music.youtube.com/watch?v=eSLxc5ufsSg
Dreams To Remember (Remix),Milli Vanilli,All Or Nothing US Remix Album,https://music.youtube.com/watch?v=7ivep1d8VhM
All or Nothing (US Club Mix),Milli Vanilli,All Or Nothing US Remix Album,https://music.youtube.com/watch?v=JACmavZZQFE
Baby Don't Forget My Number (Subway Mix),Milli Vanilli,All Or Nothing US Remix Album,https://music.youtube.com/watch?v=CYELaAcIu-Q
I'm Gonna Miss You (Long Version/Remix),Milli Vanilli,All Or Nothing US Remix Album,https://music.youtube.com/watch?v=rJnu1w8WMzc
Girl You Know It's True (Maxi Version) (Super Club Mix),Milli Vanilli,All Or Nothing US Remix Album,https://music.youtube.com/watch?v=RdSmokR0Enk
Girl You Know It's True,Milli Vanilli,The Best of Milli Vanilli (35th Anniversary),https://music.youtube.com/watch?v=RdSmokR0Enk
Baby Don't Forget My Number,Milli Vanilli,The Best of Milli Vanilli (35th Anniversary),https://music.youtube.com/watch?v=YwN7nMOJZWQ
Blame It on the Rain,Milli Vanilli,The Best of Milli Vanilli (35th Anniversary),https://music.youtube.com/watch?v=SiZVrTaC9Pg
I'm Gonna Miss You,Milli Vanilli,The Best of Milli Vanilli (35th Anniversary),https://music.youtube.com/watch?v=ZbUENJ5FjBk
Keep On Running,Milli Vanilli,The Best of Milli Vanilli (35th Anniversary),https://music.youtube.com/watch?v=a4apyYG5My0
All or Nothing,Milli Vanilli,The Best of Milli Vanilli (35th Anniversary),https://music.youtube.com/watch?v=br468I4K56o
Can't You Feel My Love,Milli Vanilli,The Best of Milli Vanilli (35th Anniversary),https://music.youtube.com/watch?v=_vmPTYu4W5Q
Dream to Remember,Milli Vanilli,The Best of Milli Vanilli (35th Anniversary),https://music.youtube.com/watch?v=hRwfAyLZBa8
Ma Baker,Milli Vanilli,The Best of Milli Vanilli (35th Anniversary),https://music.youtube.com/watch?v=LeP19mcRkFM
Hush,Milli Vanilli,The Best of Milli Vanilli (35th Anniversary),https://music.youtube.com/watch?v=62oMptaP1pk
Money,Milli Vanilli,The Best of Milli Vanilli (35th Anniversary),https://music.youtube.com/watch?v=jihJsYypOeo
Is It Love,Milli Vanilli,The Best of Milli Vanilli (35th Anniversary),https://music.youtube.com/watch?v=F-v_DUsyr2o
More Than You'll Ever Know,Milli Vanilli,The Best of Milli Vanilli (35th Anniversary),https://music.youtube.com/watch?v=-GacLpiTqTE
Take It as It Comes,Milli Vanilli,The Best of Milli Vanilli (35th Anniversary),https://music.youtube.com/watch?v=ly-lTqEDQjY
Girl I'm Gonna Miss You (US Single Version),Milli Vanilli,The Best of Milli Vanilli (35th Anniversary),https://music.youtube.com/watch?v=ZbUENJ5FjBk
Girl You Know It's True (US Single Version),Milli Vanilli,The Best of Milli Vanilli (35th Anniversary),https://music.youtube.com/watch?v=RdSmokR0Enk
Baby Don't Forget My Number (Radio Mix),Milli Vanilli,The Best of Milli Vanilli (35th Anniversary),https://music.youtube.com/watch?v=cLaMwCmf-dg
All or Nothing,Milli Vanilli,Greatest Hits,https://music.youtube.com/watch?v=x0ToDz_aw4k
Baby Don't Forget My Number,Milli Vanilli,Greatest Hits,https://music.youtube.com/watch?v=1travdQUi7I
Blame It on the Rain,Milli Vanilli,Greatest Hits,https://music.youtube.com/watch?v=SiZVrTaC9Pg
Boy in the Tree,Milli Vanilli,Greatest Hits,https://music.youtube.com/watch?v=HngWYW4UfEg
Can't You Feel My Love,Milli Vanilli,Greatest Hits,https://music.youtube.com/watch?v=Wa173Emn3Js
Dance with a Devil,Milli Vanilli,Greatest Hits,https://music.youtube.com/watch?v=qFGKHYkXasE
Dream to Remember,Milli Vanilli,Greatest Hits,https://music.youtube.com/watch?v=kRB7ot1_gR8
Girl You Know It's True (N.Y.C.Subway Remix),Milli Vanilli,Greatest Hits,https://music.youtube.com/watch?v=2K-loPaW7pQ
I'm Gonna Miss You,Milli Vanilli,Greatest Hits,https://music.youtube.com/watch?v=ZbUENJ5FjBk
Is It Love,Milli Vanilli,Greatest Hits,https://music.youtube.com/watch?v=Nsbpk5io-3A
Ma Baker,Milli Vanilli,Greatest Hits,https://music.youtube.com/watch?v=-LKGsELePtw
Money,Milli Vanilli,Greatest Hits,https://music.youtube.com/watch?v=sQ7i7vlh970
Too Much Monkey Business (Maxi Mix),Milli Vanilli,Greatest Hits,https://music.youtube.com/watch?v=h66-A9-Y8RE
More Than You'll Ever Know,Milli Vanilli,Greatest Hits,https://music.youtube.com/watch?v=aUrntbIt3XM
Take It as It Comes,Milli Vanilli,Greatest Hits,https://music.youtube.com/watch?v=VA1T9nxT88U
It's Your Thing,Milli Vanilli,Greatest Hits,https://music.youtube.com/watch?v=woNfMUHR9j0
Girl You Know It's True,Milli Vanilli,Girl You Know It's True - The Best Of Milli Vanilli,https://music.youtube.com/watch?v=RdSmokR0Enk
All or Nothing,Milli Vanilli,Girl You Know It's True - The Best Of Milli Vanilli,https://music.youtube.com/watch?v=7URjVTsWxlY
Baby Don't Forget My Number,Milli Vanilli,Girl You Know It's True - The Best Of Milli Vanilli,https://music.youtube.com/watch?v=JPquP1bi4do
I'm Gonna Miss You,Milli Vanilli,Girl You Know It's True - The Best Of Milli Vanilli,https://music.youtube.com/watch?v=ZbUENJ5FjBk
Ma Baker,Milli Vanilli,Girl You Know It's True - The Best Of Milli Vanilli,https://music.youtube.com/watch?v=oAQcil0VXCQ
Boy in the Tree,Milli Vanilli,Girl You Know It's True - The Best Of Milli Vanilli,https://music.youtube.com/watch?v=Q1xMak29dZ4
Can't You Feel My Love,Milli Vanilli,Girl You Know It's True - The Best Of Milli Vanilli,https://music.youtube.com/watch?v=S5OS2M4hKzA
Dance with a Devil,Milli Vanilli,Girl You Know It's True - The Best Of Milli Vanilli,https://music.youtube.com/watch?v=T2yTH95N5kc
Is It Love,Milli Vanilli,Girl You Know It's True - The Best Of Milli Vanilli,https://music.youtube.com/watch?v=vKzZj3zZERM
Money,Milli Vanilli,Girl You Know It's True - The Best Of Milli Vanilli,https://music.youtube.com/watch?v=MoIGKR73dWg
Hush,Milli Vanilli,Girl You Know It's True - The Best Of Milli Vanilli,https://music.youtube.com/watch?v=-ATHJ_VF10E
Dream to Remember,Milli Vanilli,Girl You Know It's True - The Best Of Milli Vanilli,https://music.youtube.com/watch?v=oYxpoU210aA
It's Your Thing,Milli Vanilli,Girl You Know It's True - The Best Of Milli Vanilli,https://music.youtube.com/watch?v=JDUzwlOlmgM
More Than You'll Ever Know,Milli Vanilli,Girl You Know It's True - The Best Of Milli Vanilli,https://music.youtube.com/watch?v=IW_7cXoe4TA
Take It as It Comes,Milli Vanilli,Girl You Know It's True - The Best Of Milli Vanilli,https://music.youtube.com/watch?v=2TMtQMIv7zE
Blame It on the Rain,Milli Vanilli,Girl You Know It's True - The Best Of Milli Vanilli,https://music.youtube.com/watch?v=SiZVrTaC9Pg
Girl You Know It's True (N.Y.C.Subway Remix),Milli Vanilli,Girl You Know It's True - The Best Of Milli Vanilli,https://music.youtube.com/watch?v=GdoTD4ATbMo
All or Nothing (US Club Mix),Milli Vanilli,Girl You Know It's True - The Best Of Milli Vanilli,https://music.youtube.com/watch?v=rSHLGWx8M0U
Blame It on the Rain (Acoustic Version),"Fab Morvan, Milli Vanilli",Blame It On The Rain (Acoustic Version),https://music.youtube.com/watch?v=xzxggEBpAPs
Blame It on the Rain,Milli Vanilli,Blame It On The Rain (Acoustic Version),https://music.youtube.com/watch?v=SiZVrTaC9Pg
Baby Don't Forget My Number (Sped Up),Milli Vanilli,Baby Don't Forget My Number (Sped Up),https://music.youtube.com/watch?v=r6D2NHsH2e4
Baby Don't Forget My Number,Milli Vanilli,Baby Don't Forget My Number (Sped Up),https://music.youtube.com/watch?v=Ri5gVr6vpdU
I'm Gonna Miss You (Sped Up),Milli Vanilli,I'm Gonna Miss You (Sped Up),https://music.youtube.com/watch?v=9lmbumanJio
I'm Gonna Miss You,Milli Vanilli,I'm Gonna Miss You (Sped Up),https://music.youtube.com/watch?v=ZbUENJ5FjBk
Blame It on the Rain (Sped Up),Milli Vanilli,Blame It On The Rain (Sped Up),https://music.youtube.com/watch?v=j7KeE0b_xhI
Blame It on the Rain,Milli Vanilli,Blame It On The Rain (Sped Up),https://music.youtube.com/watch?v=SiZVrTaC9Pg
Girl You Know It's True (Sped Up),Milli Vanilli,"Girl, You Know It's True (Sped Up)",https://music.youtube.com/watch?v=jygodA5Bbk8
Girl You Know It's True,Milli Vanilli,"Girl, You Know It's True (Sped Up)",https://music.youtube.com/watch?v=RdSmokR0Enk
Girl You Know It's True (Remix 2024),"Fab Morvan, Milli Vanilli",Girl You Know It's True (Remix 2024),https://music.youtube.com/watch?v=a7L67y-B9HM
Girl You Know It's True,Milli Vanilli,Girl You Know It's True (Remix 2024),https://music.youtube.com/watch?v=RdSmokR0Enk
Girl You Know It's True (Remix),Carpoolboys,Girl You Know It's True (Remix),https://music.youtube.com/watch?v=FzwYf7G2EDw
I'm Gonna Miss You,Milli Vanilli,4 Hits: Milli Vanilli,https://music.youtube.com/watch?v=ZbUENJ5FjBk
Girl You Know It's True (N.Y.C.Subway Remix),Milli Vanilli,4 Hits: Milli Vanilli,https://music.youtube.com/watch?v=zlxsHIJXxEY
Blame It on the Rain,Milli Vanilli,4 Hits: Milli Vanilli,https://music.youtube.com/watch?v=SiZVrTaC9Pg
Baby Don't Forget My Number,Milli Vanilli,4 Hits: Milli Vanilli,https://music.youtube.com/watch?v=ugkqc7HHYVM
titulo,artistas,album,url
Serve The Servants (2023 Remaster),Nirvana,In Utero (30th Anniversary Super Deluxe),https://music.youtube.com/watch?v=nsYZiO1FotI
Scentless Apprentice (2023 Remaster),Nirvana,In Utero (30th Anniversary Super Deluxe),https://music.youtube.com/watch?v=upr0CVDw8Co
Heart-Shaped Box (2023 Remaster),Nirvana,In Utero (30th Anniversary Super Deluxe),https://music.youtube.com/watch?v=n6P0SitRwy8
Rape Me (2023 Remaster),Nirvana,In Utero (30th Anniversary Super Deluxe),https://music.youtube.com/watch?v=SuSjiQwrKYo
Frances Farmer Will Have Her Revenge On Seattle (2023 Remaster),Nirvana,In Utero (30th Anniversary Super Deluxe),https://music.youtube.com/watch?v=9UwdINMMo_E
Dumb (2023 Remaster),Nirvana,In Utero (30th Anniversary Super Deluxe),https://music.youtube.com/watch?v=4YFu4dvMHHY
Very Ape (2023 Remaster),Nirvana,In Utero (30th Anniversary Super Deluxe),https://music.youtube.com/watch?v=Ge3r3EF8dGE
Milk It (2023 Remaster),Nirvana,In Utero (30th Anniversary Super Deluxe),https://music.youtube.com/watch?v=YdcordL3ItA
Pennyroyal Tea (2023 Remaster),Nirvana,In Utero (30th Anniversary Super Deluxe),https://music.youtube.com/watch?v=Ly2x_XUw4qU
Radio Friendly Unit Shifter (2023 Remaster),Nirvana,In Utero (30th Anniversary Super Deluxe),https://music.youtube.com/watch?v=x309D4ABLv0
tourette's (2023 Remaster),Nirvana,In Utero (30th Anniversary Super Deluxe),https://music.youtube.com/watch?v=2pvP6xJdDx4
All Apologies (2023 Remaster),Nirvana,In Utero (30th Anniversary Super Deluxe),https://music.youtube.com/watch?v=tLVVhfJqohU
Gallons Of Rubbing Alcohol Flow Through The Strip (2023 Remaster),Nirvana,In Utero (30th Anniversary Super Deluxe),https://music.youtube.com/watch?v=NDzIBaHCyeo
Marigold (2023 Remaster),Nirvana,In Utero (30th Anniversary Super Deluxe),https://music.youtube.com/watch?v=cAsnHDFNADc
Sappy (2023 Remaster),Nirvana,In Utero (30th Anniversary Super Deluxe),https://music.youtube.com/watch?v=RZuhEbwKR-4
Moist Vagina (2023 Remaster),Nirvana,In Utero (30th Anniversary Super Deluxe),https://music.youtube.com/watch?v=xg3iQsaDucQ
I Hate Myself And Want To Die (2023 Remaster),Nirvana,In Utero (30th Anniversary Super Deluxe),https://music.youtube.com/watch?v=erK50pmw05c
"Radio Friendly Unit Shifter (Live In Los Angeles, Great Western Forum - December 30, 1993)",Nirvana,In Utero (30th Anniversary Super Deluxe),https://music.youtube.com/watch?v=6V0gLHhNe5I
"Drain You (Live In Los Angeles, Great Western Forum - December 30, 1993)",Nirvana,In Utero (30th Anniversary Super Deluxe),https://music.youtube.com/watch?v=5io9aQegU9I
"Breed (Live In Los Angeles, Great Western Forum - December 30, 1993)",Nirvana,In Utero (30th Anniversary Super Deluxe),https://music.youtube.com/watch?v=KjU8FzGZV0w
"Serve The Servants (Live In Los Angeles, Great Western Forum - December 30, 1993)",Nirvana,In Utero (30th Anniversary Super Deluxe),https://music.youtube.com/watch?v=rkwv7DyanOY
"Come As You Are (Live In Los Angeles, Great Western Forum - December 30, 1993)",Nirvana,In Utero (30th Anniversary Super Deluxe),https://music.youtube.com/watch?v=VpTYVyeM73s
"Smells Like Teen Spirit (Live In Los Angeles, Great Western Forum - December 30, 1993)",Nirvana,In Utero (30th Anniversary Super Deluxe),https://music.youtube.com/watch?v=SKrowufjHtQ
"Sliver (Live In Los Angeles, Great Western Forum - December 30, 1993)",Nirvana,In Utero (30th Anniversary Super Deluxe),https://music.youtube.com/watch?v=GDzXk4-VDhw
"Dumb (Live In Los Angeles, Great Western Forum - December 30, 1993)",Nirvana,In Utero (30th Anniversary Super Deluxe),https://music.youtube.com/watch?v=qGU7RAXaS1M
"In Bloom (Live In Los Angeles, Great Western Forum - December 30, 1993)",Nirvana,In Utero (30th Anniversary Super Deluxe),https://music.youtube.com/watch?v=kfTuBAP-yF4
"About A Girl (Live In Los Angeles, Great Western Forum - December 30, 1993)",Nirvana,In Utero (30th Anniversary Super Deluxe),https://music.youtube.com/watch?v=1fPzprReqxk
"Lithium (Live In Los Angeles, Great Western Forum - December 30, 1993)",Nirvana,In Utero (30th Anniversary Super Deluxe),https://music.youtube.com/watch?v=NOGcm0LnBTw
"Pennyroyal Tea (Live In Los Angeles, Great Western Forum - December 30, 1993)",Nirvana,In Utero (30th Anniversary Super Deluxe),https://music.youtube.com/watch?v=EbSq05CBh2g
"School (Live In Los Angeles, Great Western Forum - December 30, 1993)",Nirvana,In Utero (30th Anniversary Super Deluxe),https://music.youtube.com/watch?v=uoeTuP09B-w
"Polly (Live In Los Angeles, Great Western Forum - December 30, 1993)",Nirvana,In Utero (30th Anniversary Super Deluxe),https://music.youtube.com/watch?v=N-rczvRoUdw
"Frances Farmer Will Have Her Revenge On Seattle (Live In Los Angeles, Great Western Forum - December 30, 1993)",Nirvana,In Utero (30th Anniversary Super Deluxe),https://music.youtube.com/watch?v=V6k1L32YVL4
"Rape Me (Live In Los Angeles, Great Western Forum - December 30, 1993)",Nirvana,In Utero (30th Anniversary Super Deluxe),https://music.youtube.com/watch?v=g-k8fSa8egU
"Territorial Pissings (Live In Los Angeles, Great Western Forum - December 30, 1993)",Nirvana,In Utero (30th Anniversary Super Deluxe),https://music.youtube.com/watch?v=sGhnSgX3yQk
"Jesus Doesn't Want Me For A Sunbeam (Live In Los Angeles, Great Western Forum - December 30, 1993)",Nirvana,In Utero (30th Anniversary Super Deluxe),https://music.youtube.com/watch?v=6mTXkC9J-b4
"The Man Who Sold The World (Live In Los Angeles, Great Western Forum - December 30, 1993)",Nirvana,In Utero (30th Anniversary Super Deluxe),https://music.youtube.com/watch?v=oMFO8EYVeiA
"All Apologies (Live In Los Angeles, Great Western Forum - December 30, 1993)",Nirvana,In Utero (30th Anniversary Super Deluxe),https://music.youtube.com/watch?v=Eyw8zzQfHQM
"On A Plain (Live In Los Angeles, Great Western Forum - December 30, 1993)",Nirvana,In Utero (30th Anniversary Super Deluxe),https://music.youtube.com/watch?v=J7ZwWsEpPlo
"Heart-Shaped Box (Live In Los Angeles, Great Western Forum - December 30, 1993)",Nirvana,In Utero (30th Anniversary Super Deluxe),https://music.youtube.com/watch?v=qqbIJGB1HFY
"Blew (Live In Los Angeles, Great Western Forum - December 30, 1993)",Nirvana,In Utero (30th Anniversary Super Deluxe),https://music.youtube.com/watch?v=q8pf5WaKyd4
"Feedback Jam (Live In Los Angeles, Great Western Forum - December 30, 1993)",Nirvana,In Utero (30th Anniversary Super Deluxe),https://music.youtube.com/watch?v=PUCetgSfqXk
"Radio Friendly Unit Shifter (Live In Seattle, Seattle Center Arena - January 7, 1994)",Nirvana,In Utero (30th Anniversary Super Deluxe),https://music.youtube.com/watch?v=_RqDfa_oxYM
"Drain You (Live In Seattle, Seattle Center Arena - January 7, 1994)",Nirvana,In Utero (30th Anniversary Super Deluxe),https://music.youtube.com/watch?v=8fwKLm6htCI
"Breed (Live In Seattle, Seattle Center Arena - January 7, 1994)",Nirvana,In Utero (30th Anniversary Super Deluxe),https://music.youtube.com/watch?v=6JrJYj86qSk
"Serve The Servants (Live In Seattle, Seattle Center Arena - January 7, 1994)",Nirvana,In Utero (30th Anniversary Super Deluxe),https://music.youtube.com/watch?v=hk7RbWt9wd0
"Come As You Are (Live In Seattle, Seattle Center Arena - January 7, 1994)",Nirvana,In Utero (30th Anniversary Super Deluxe),https://music.youtube.com/watch?v=LS8ewmf21IE
"Smells Like Teen Spirit (Live In Seattle, Seattle Center Arena - January 7, 1994)",Nirvana,In Utero (30th Anniversary Super Deluxe),https://music.youtube.com/watch?v=VePUVtRZ8B8
"Sliver (Live In Seattle, Seattle Center Arena - January 7, 1994)",Nirvana,In Utero (30th Anniversary Super Deluxe),https://music.youtube.com/watch?v=rNWUdxpKA4U
"Dumb (Live In Seattle, Seattle Center Arena - January 7, 1994)",Nirvana,In Utero (30th Anniversary Super Deluxe),https://music.youtube.com/watch?v=CDswgP90Cjc
"In Bloom (Live In Seattle, Seattle Center Arena - January 7, 1994)",Nirvana,In Utero (30th Anniversary Super Deluxe),https://music.youtube.com/watch?v=mk8upzu6JdA
"About A Girl (Live In Seattle, Seattle Center Arena - January 7, 1994)",Nirvana,In Utero (30th Anniversary Super Deluxe),https://music.youtube.com/watch?v=X6zB456e3U4
"Lithium (Live In Seattle, Seattle Center Arena - January 7, 1994)",Nirvana,In Utero (30th Anniversary Super Deluxe),https://music.youtube.com/watch?v=3Qdjo0h5NPs
"Pennyroyal Tea (Live In Seattle, Seattle Center Arena - January 7, 1994)",Nirvana,In Utero (30th Anniversary Super Deluxe),https://music.youtube.com/watch?v=4g08Hl-tYy0
"School (Live In Seattle, Seattle Center Arena - January 7, 1994)",Nirvana,In Utero (30th Anniversary Super Deluxe),https://music.youtube.com/watch?v=fvCyO5aUZ7w
"Polly (Live In Seattle, Seattle Center Arena - January 7, 1994)",Nirvana,In Utero (30th Anniversary Super Deluxe),https://music.youtube.com/watch?v=dWsrgB4eTrk
"Frances Farmer Will Have Her Revenge On Seattle (Live In Seattle, Seattle Center Arena - January 7, 1994)",Nirvana,In Utero (30th Anniversary Super Deluxe),https://music.youtube.com/watch?v=_-OiPucW6_U
"Milk It (Live In Seattle, Seattle Center Arena - January 7, 1994)",Nirvana,In Utero (30th Anniversary Super Deluxe),https://music.youtube.com/watch?v=e7MHrlnIbK4
"Rape Me (Live In Seattle, Seattle Center Arena - January 7, 1994)",Nirvana,In Utero (30th Anniversary Super Deluxe),https://music.youtube.com/watch?v=O8JawL7P0kY
"Territorial Pissings (Live In Seattle, Seattle Center Arena - January 7, 1994)",Nirvana,In Utero (30th Anniversary Super Deluxe),https://music.youtube.com/watch?v=2fZfHD4qO5Y
"Jesus Doesn't Want Me For A Sunbeam (Live In Seattle, Seattle Center Arena - January 7, 1994)",Nirvana,In Utero (30th Anniversary Super Deluxe),https://music.youtube.com/watch?v=_BWol6FuOwk
"The Man Who Sold The World (Live In Seattle, Seattle Center Arena - January 7, 1994)",Nirvana,In Utero (30th Anniversary Super Deluxe),https://music.youtube.com/watch?v=WBxLdqe_hq0
"All Apologies (Live In Seattle, Seattle Center Arena - January 7, 1994)",Nirvana,In Utero (30th Anniversary Super Deluxe),https://music.youtube.com/watch?v=57Zp-T1ekB0
"On A Plain (Live In Seattle, Seattle Center Arena - January 7, 1994)",Nirvana,In Utero (30th Anniversary Super Deluxe),https://music.youtube.com/watch?v=HyvO9-cB9Yw
"Scentless Apprentice (Live In Seattle, Seattle Center Arena - January 7, 1994)",Nirvana,In Utero (30th Anniversary Super Deluxe),https://music.youtube.com/watch?v=q6aQ7QDx8A0
"Heart-Shaped Box (Live In Seattle, Seattle Center Arena - January 7, 1994)",Nirvana,In Utero (30th Anniversary Super Deluxe),https://music.youtube.com/watch?v=05VLiqBXNYg
"Blew (Live In Seattle, Seattle Center Arena - January 7, 1994)",Nirvana,In Utero (30th Anniversary Super Deluxe),https://music.youtube.com/watch?v=uld6yGTbUdw
"Serve The Servants (Live In Rome, Palaghiaccio Di Marino - February 22, 1994)",Nirvana,In Utero (30th Anniversary Super Deluxe),https://music.youtube.com/watch?v=DXyfTzIHyQY
"Scentless Apprentice (Live In Rome, Palaghiaccio Di Marino - February 22, 1994)",Nirvana,In Utero (30th Anniversary Super Deluxe),https://music.youtube.com/watch?v=AFO4TLwi-Ww
"Heart-Shaped Box (Live In Rome, Palaghiaccio Di Marino - February 22, 1994)",Nirvana,In Utero (30th Anniversary Super Deluxe),https://music.youtube.com/watch?v=tx9mOc4cjgM
"Very Ape (Live In Rome, Palaghiaccio Di Marino - February 22, 1994)",Nirvana,In Utero (30th Anniversary Super Deluxe),https://music.youtube.com/watch?v=OF2i9GM7184
"Milk It (Live In Springfield, Springfield Civic Center - November 10, 1993)",Nirvana,In Utero (30th Anniversary Super Deluxe),https://music.youtube.com/watch?v=ZH3DRyP_Sk8
"tourette's (Live In New York, Roseland Ballroom - July 23, 1993)",Nirvana,In Utero (30th Anniversary Super Deluxe),https://music.youtube.com/watch?v=eCmsC7j-ftQ
Downer (Live),Nirvana,Downer,https://music.youtube.com/watch?v=46Km5j-e6g0
Breed (Live),Nirvana,Downer,https://music.youtube.com/watch?v=RNL_pdmLzw8
Anorexorcist (Live),Nirvana,Downer,https://music.youtube.com/watch?v=rgegtBWIHpU
School (Live),Nirvana,Downer,https://music.youtube.com/watch?v=ULDcPIbM6NY
Aneurysm (Live),Nirvana,Downer,https://music.youtube.com/watch?v=yQ7vOtFyTGM
Lithium (Live),Nirvana,Downer,https://music.youtube.com/watch?v=jfr6BSWgMmo
Love Buzz (Live),Nirvana,Downer,https://music.youtube.com/watch?v=BLG-czH9rdk
Spank Thru (Live),Nirvana,Downer,https://music.youtube.com/watch?v=_dEPLaZWigI
Drain You (Live),Nirvana,Downer,https://music.youtube.com/watch?v=tMsSqIR5yfg
Aneurysm (Live 1992),Nirvana,Choice Is Yours,https://music.youtube.com/watch?v=6v_KSVcUk7I
Breed (Live 1992),Nirvana,Choice Is Yours,https://music.youtube.com/watch?v=C1AbeJ5paIE
Drain You (Live 1992),Nirvana,Choice Is Yours,https://music.youtube.com/watch?v=F4yRidRLuAw
Beeswax (Live 1992),Nirvana,Choice Is Yours,https://music.youtube.com/watch?v=vTNVwjpu1kg
Spank Thru (Live 1992),Nirvana,Choice Is Yours,https://music.youtube.com/watch?v=zDQBNBRS2jM
School (Live 1992),Nirvana,Choice Is Yours,https://music.youtube.com/watch?v=38S35csvXTg
Come As You Are (Live 1992),Nirvana,Choice Is Yours,https://music.youtube.com/watch?v=jAnoE_Oj9dQ
Lithium (Live 1992),Nirvana,Choice Is Yours,https://music.youtube.com/watch?v=rTIfY4tEkYo
Lounge Act (Live 1992),Nirvana,Choice Is Yours,https://music.youtube.com/watch?v=-R9i96_oEs8
Sliver (Live 1992),Nirvana,Choice Is Yours,https://music.youtube.com/watch?v=OsOr1lbXLkI
About A Girl (Live 1992),Nirvana,Choice Is Yours,https://music.youtube.com/watch?v=l525371Kavg
Polly (Live 1992),Nirvana,Choice Is Yours,https://music.youtube.com/watch?v=zamx8CaJFo8
Jam (Live 1992),Nirvana,Choice Is Yours,https://music.youtube.com/watch?v=TmQW61qM2Lc
In Bloom (Live 1992),Nirvana,Choice Is Yours,https://music.youtube.com/watch?v=gunDuchxP1o
Territorial Pissings (Live 1992),Nirvana,Choice Is Yours,https://music.youtube.com/watch?v=P1q90OXv6mo
Been A Son (Live 1992),Nirvana,Choice Is Yours,https://music.youtube.com/watch?v=NakIlkX73OM
On A Plain (Live 1992),Nirvana,Choice Is Yours,https://music.youtube.com/watch?v=LVpJFbkzPxI
Negative Creep (Live 1992),Nirvana,Choice Is Yours,https://music.youtube.com/watch?v=FoiTErO3UbY
Blew (Live 1992),Nirvana,Choice Is Yours,https://music.youtube.com/watch?v=8Zl4pzKsEYQ
All Apologies / Endless Nameless (Live 1992),Nirvana,Choice Is Yours,https://music.youtube.com/watch?v=VgMP-UgXHzg
Introduction,NIRVANA,Nirvana - Del Mar Fairground CA FM Broadcast 28th December 1991,https://music.youtube.com/watch?v=nlGFSyS69gY
Drain You,NIRVANA,Nirvana - Del Mar Fairground CA FM Broadcast 28th December 1991,https://music.youtube.com/watch?v=mrmWKMsPm1k
Aneurysm,NIRVANA,Nirvana - Del Mar Fairground CA FM Broadcast 28th December 1991,https://music.youtube.com/watch?v=FWLnl8KrrGI
School,NIRVANA,Nirvana - Del Mar Fairground CA FM Broadcast 28th December 1991,https://music.youtube.com/watch?v=9EISBgguwcA
Floyd The Barber,NIRVANA,Nirvana - Del Mar Fairground CA FM Broadcast 28th December 1991,https://music.youtube.com/watch?v=UHV3XJ6WFpk
Smells Like Teen Spirit,NIRVANA,Nirvana - Del Mar Fairground CA FM Broadcast 28th December 1991,https://music.youtube.com/watch?v=3op7xRxm6iU
About A Girl,NIRVANA,Nirvana - Del Mar Fairground CA FM Broadcast 28th December 1991,https://music.youtube.com/watch?v=Up8SS70QkKc
Breed,NIRVANA,Nirvana - Del Mar Fairground CA FM Broadcast 28th December 1991,https://music.youtube.com/watch?v=65C7V5T0XKg
Come As You Are,NIRVANA,Nirvana - Del Mar Fairground CA FM Broadcast 28th December 1991,https://music.youtube.com/watch?v=WRL58MU3hrc
Lithium,NIRVANA,Nirvana - Del Mar Fairground CA FM Broadcast 28th December 1991,https://music.youtube.com/watch?v=tVqTwZZh0-Q
Territorial Pissings,NIRVANA,Nirvana - Del Mar Fairground CA FM Broadcast 28th December 1991,https://music.youtube.com/watch?v=GxUf3HSbh1Y
Serve The Servants,Nirvana,In Utero (20th Anniversary Remaster),https://music.youtube.com/watch?v=nsYZiO1FotI
Scentless Apprentice,Nirvana,In Utero (20th Anniversary Remaster),https://music.youtube.com/watch?v=upr0CVDw8Co
Heart-Shaped Box,Nirvana,In Utero (20th Anniversary Remaster),https://music.youtube.com/watch?v=n6P0SitRwy8
Rape Me,Nirvana,In Utero (20th Anniversary Remaster),https://music.youtube.com/watch?v=SuSjiQwrKYo
Frances Farmer Will Have Her Revenge On Seattle,Nirvana,In Utero (20th Anniversary Remaster),https://music.youtube.com/watch?v=9UwdINMMo_E
Dumb,Nirvana,In Utero (20th Anniversary Remaster),https://music.youtube.com/watch?v=4YFu4dvMHHY
Very Ape,Nirvana,In Utero (20th Anniversary Remaster),https://music.youtube.com/watch?v=Ge3r3EF8dGE
Milk It,Nirvana,In Utero (20th Anniversary Remaster),https://music.youtube.com/watch?v=YdcordL3ItA
Pennyroyal Tea,Nirvana,In Utero (20th Anniversary Remaster),https://music.youtube.com/watch?v=Ly2x_XUw4qU
Radio Friendly Unit Shifter,Nirvana,In Utero (20th Anniversary Remaster),https://music.youtube.com/watch?v=x309D4ABLv0
Tourette's,Nirvana,In Utero (20th Anniversary Remaster),https://music.youtube.com/watch?v=2pvP6xJdDx4
All Apologies,Nirvana,In Utero (20th Anniversary Remaster),https://music.youtube.com/watch?v=tLVVhfJqohU
Smells Like Teen Spirit,Nirvana,Nevermind,https://music.youtube.com/watch?v=hTWKbfoikeg
In Bloom,Nirvana,Nevermind,https://music.youtube.com/watch?v=PbgKEjNBHqM
Come As You Are,Nirvana,Nevermind,https://music.youtube.com/watch?v=vabnZ9-ex7o
Breed,Nirvana,Nevermind,https://music.youtube.com/watch?v=J6EDW5WFb2M
Lithium,Nirvana,Nevermind,https://music.youtube.com/watch?v=pkcJEvMcnEg
Polly,Nirvana,Nevermind,https://music.youtube.com/watch?v=DrlaVYKWeLU
Territorial Pissings,Nirvana,Nevermind,https://music.youtube.com/watch?v=9yNPgx0swCM
Drain You,Nirvana,Nevermind,https://music.youtube.com/watch?v=AJUpHxlJUNQ
Lounge Act,Nirvana,Nevermind,https://music.youtube.com/watch?v=dZqpol8Yrq8
Stay Away,Nirvana,Nevermind,https://music.youtube.com/watch?v=vnHm-u4IYuo
On A Plain,Nirvana,Nevermind,https://music.youtube.com/watch?v=c023U4oQGr4
Something In The Way,Nirvana,Nevermind,https://music.youtube.com/watch?v=4VxdufqB9zg
"Endless, Nameless",Nirvana,Nevermind,https://music.youtube.com/watch?v=uj1PagCfejs
Blew,Nirvana,Bleach: Deluxe Edition,https://music.youtube.com/watch?v=7E-KAP359ys
Floyd The Barber,Nirvana,Bleach: Deluxe Edition,https://music.youtube.com/watch?v=cBm-XeOVIeY
About A Girl,Nirvana,Bleach: Deluxe Edition,https://music.youtube.com/watch?v=JIx2H-plXdU
School,Nirvana,Bleach: Deluxe Edition,https://music.youtube.com/watch?v=sp86SkWKRQE
Love Buzz,Nirvana,Bleach: Deluxe Edition,https://music.youtube.com/watch?v=ljvhYweP4-0
Paper Cuts,Nirvana,Bleach: Deluxe Edition,https://music.youtube.com/watch?v=Md4icxT6K60
Negative Creep,Nirvana,Bleach: Deluxe Edition,https://music.youtube.com/watch?v=xUgI2h35Pcc
Scoff,Nirvana,Bleach: Deluxe Edition,https://music.youtube.com/watch?v=kETwhcSymeA
Swap Meet,Nirvana,Bleach: Deluxe Edition,https://music.youtube.com/watch?v=jJs0hg0nNKI
Mr. Moustache,Nirvana,Bleach: Deluxe Edition,https://music.youtube.com/watch?v=O4322tT9m7k
Sifting,Nirvana,Bleach: Deluxe Edition,https://music.youtube.com/watch?v=DuOxiUiKXBc
Big Cheese,Nirvana,Bleach: Deluxe Edition,https://music.youtube.com/watch?v=8ZCn6daQjWc
Downer,Nirvana,Bleach: Deluxe Edition,https://music.youtube.com/watch?v=rAeanjCnUmI
Intro (Live at Pine Street Theatre),Nirvana,Bleach: Deluxe Edition,https://music.youtube.com/watch?v=Q1-Eo8uD5WM
School (Live at Pine Street Theatre),Nirvana,Bleach: Deluxe Edition,https://music.youtube.com/watch?v=AiQKprXloXM
Floyd The Barber (Live at Pine Street Theatre),Nirvana,Bleach: Deluxe Edition,https://music.youtube.com/watch?v=A5crGIWkT-E
Dive (Live at Pine Street Theatre),Nirvana,Bleach: Deluxe Edition,https://music.youtube.com/watch?v=_c-7CK69OgI
Love Buzz (Live at Pine Street Theatre),Nirvana,Bleach: Deluxe Edition,https://music.youtube.com/watch?v=bm25tUwqhh4
Spank Thru (Live at Pine Street Theatre),Nirvana,Bleach: Deluxe Edition,https://music.youtube.com/watch?v=Xq47qqVOE1k
Molly's Lips (Live at Pine Street Theatre),Nirvana,Bleach: Deluxe Edition,https://music.youtube.com/watch?v=Iu1ajS-X08s
Sappy (Live at Pine Street Theatre),Nirvana,Bleach: Deluxe Edition,https://music.youtube.com/watch?v=LgzAIxHaI0U
Scoff (Live at Pine Street Theatre),Nirvana,Bleach: Deluxe Edition,https://music.youtube.com/watch?v=mdh6ZAp4KlI
About A Girl (Live at Pine Street Theatre),Nirvana,Bleach: Deluxe Edition,https://music.youtube.com/watch?v=op4rj24lw1Y
Been A Son (Live at Pine Street Theatre),Nirvana,Bleach: Deluxe Edition,https://music.youtube.com/watch?v=9F0YkRaQNSQ
Blew (Live at Pine Street Theatre),Nirvana,Bleach: Deluxe Edition,https://music.youtube.com/watch?v=4JUarrjJR_4
Love Buzz (Live),Nirvana,Live On Air 1987,https://music.youtube.com/watch?v=Cat_H9difUk
Floyd the Barber (Live),Nirvana,Live On Air 1987,https://music.youtube.com/watch?v=TkZScQLdEDQ
Downer (Live),Nirvana,Live On Air 1987,https://music.youtube.com/watch?v=706s5kwCet4
Mexican Seafood (Live),Nirvana,Live On Air 1987,https://music.youtube.com/watch?v=124D3xqORhQ
White Lace and Strange (Live),Nirvana,Live On Air 1987,https://music.youtube.com/watch?v=56UmkknGZOg
Spank Thru (Live),Nirvana,Live On Air 1987,https://music.youtube.com/watch?v=rxozaX5Rkm0
Anorexorcist (Live),Nirvana,Live On Air 1987,https://music.youtube.com/watch?v=lNJwp0LMG_E
Hairspray Queen (Live),Nirvana,Live On Air 1987,https://music.youtube.com/watch?v=ZFuDlz9FFNw
Pen Cap Chew (Live),Nirvana,Live On Air 1987,https://music.youtube.com/watch?v=ufp6Pdhd0ZM
Love Buzz (Live),Nirvana,Live On Air 1987 (live),https://music.youtube.com/watch?v=1UNFt2LHEd0
Floyd the Barber (Live),Nirvana,Live On Air 1987 (live),https://music.youtube.com/watch?v=h180xiyWjKg
Downer (Live),Nirvana,Live On Air 1987 (live),https://music.youtube.com/watch?v=HrXanES16ig
Mexican Seafood (Live),Nirvana,Live On Air 1987 (live),https://music.youtube.com/watch?v=bZFM1AEYevY
White Lace and Strange (Live),Nirvana,Live On Air 1987 (live),https://music.youtube.com/watch?v=9Fh2BTSbZUw
Spank Thru (Live),Nirvana,Live On Air 1987 (live),https://music.youtube.com/watch?v=rNQTgOTx18Y
Anorexorcist (Live),Nirvana,Live On Air 1987 (live),https://music.youtube.com/watch?v=1UB-Ip4CCGA
Hairspray Queen (Live),Nirvana,Live On Air 1987 (live),https://music.youtube.com/watch?v=ouNCK3jcHtU
Pen Cap Chew (Live),Nirvana,Live On Air 1987 (live),https://music.youtube.com/watch?v=xDjo_wMS5W0
About A Girl (Live),Nirvana,About A Girl Nirvana Recordings,https://music.youtube.com/watch?v=uaF7sP_3Tw0
Smells Like Teen Spirit (Live),Nirvana,About A Girl Nirvana Recordings,https://music.youtube.com/watch?v=_atIGXP9C3Y
Floyd The Barber (Live),Nirvana,About A Girl Nirvana Recordings,https://music.youtube.com/watch?v=Wx7DxPTEo6c
Territorial Pissings (Live),Nirvana,About A Girl Nirvana Recordings,https://music.youtube.com/watch?v=qjJcPce23Hk
Lithium (Live),Nirvana,About A Girl Nirvana Recordings,https://music.youtube.com/watch?v=1a5wkQMHxU8
Come As You Are (Live),Nirvana,About A Girl Nirvana Recordings,https://music.youtube.com/watch?v=vdhAilv3cws
Drain You (Live),Nirvana,About A Girl Nirvana Recordings,https://music.youtube.com/watch?v=ZcmQPbidyoE
Aneurysm (Live),Nirvana,About A Girl Nirvana Recordings,https://music.youtube.com/watch?v=RgF93PwjZ5w
School (Live),Nirvana,About A Girl Nirvana Recordings,https://music.youtube.com/watch?v=sqmIKkdCgwU
Breed (Live),Nirvana,About A Girl Nirvana Recordings,https://music.youtube.com/watch?v=GEJ0_0XiZXU
Smells Like Teen Spirit,Nirvana,Smells Like Teen Spirit,https://music.youtube.com/watch?v=hTWKbfoikeg
In Bloom,Nirvana,In Bloom,https://music.youtube.com/watch?v=PbgKEjNBHqM
"Pennyroyal Tea (Live In Los Angeles, Great Western Forum - December 30, 1993)",Nirvana,Pennyroyal Tea (Live),https://music.youtube.com/watch?v=W4nQvpJyaak
"All Apologies (Live In Los Angeles, Great Western Forum - December 30, 1993)",Nirvana,All Apologies (Live),https://music.youtube.com/watch?v=h7GGWHnbqOs
"Scentless Apprentice (Live In Seattle, Seattle Center Arena - January 7, 1994)",Nirvana,Scentless Apprentice (Live),https://music.youtube.com/watch?v=K74XYHv99Ik
"Frances Farmer Will Have Her Revenge On Seattle (Live In Seattle, Seattle Center Arena - January 7, 1994)",Nirvana,Frances Farmer Will Have Her Revenge On Seattle (Live),https://music.youtube.com/watch?v=wX4uoNkD-TI
"On A Plain (Live In Tokyo, Japan/1992)",Nirvana,On A Plain (Live),https://music.youtube.com/watch?v=4dDMDq4Y_WM
"Lithium (Live In Melbourne, Australia For Triple J/1992)",Nirvana,"Lithium (Live In Melbourne, Australia For Triple J/1992)",https://music.youtube.com/watch?v=9beaLSWdGSA
"Breed (Live In Amsterdam, Netherlands/1991)",Nirvana,"Breed (Live In Amsterdam, Netherlands/1991)",https://music.youtube.com/watch?v=azGrHPOJ588
Polly (Rehearsal),Nirvana,Polly (Live),https://music.youtube.com/watch?v=ZSEoYDA2txw
titulo,artistas,album,url
Everything In Its Right Place,Radiohead,KID A MNESIA,https://music.youtube.com/watch?v=d9zk2j3JPK4
Kid A,Radiohead,KID A MNESIA,https://music.youtube.com/watch?v=TOfU3wVpwZQ
The National Anthem,Radiohead,KID A MNESIA,https://music.youtube.com/watch?v=kr-44Vmjc4I
How to Disappear Completely,Radiohead,KID A MNESIA,https://music.youtube.com/watch?v=HY_UbJ3rEfY
Treefingers,Radiohead,KID A MNESIA,https://music.youtube.com/watch?v=gA0J1V1_pXM
Optimistic,Radiohead,KID A MNESIA,https://music.youtube.com/watch?v=hv_RZsGDbpM
In Limbo,Radiohead,KID A MNESIA,https://music.youtube.com/watch?v=wCM_udPMVYQ
Idioteque,Radiohead,KID A MNESIA,https://music.youtube.com/watch?v=LyVB_52G4pg
Morning Bell,Radiohead,KID A MNESIA,https://music.youtube.com/watch?v=1pTnps5RQeE
Motion Picture Soundtrack,Radiohead,KID A MNESIA,https://music.youtube.com/watch?v=Gy9sQ_7bMk8
Untitled,Radiohead,KID A MNESIA,https://music.youtube.com/watch?v=2Hjrxn8qeig
Packt Like Sardines In a Crushd Tin Box,Radiohead,KID A MNESIA,https://music.youtube.com/watch?v=JFMq6lCJdHA
Pyramid Song,Radiohead,KID A MNESIA,https://music.youtube.com/watch?v=3M_Gg1xAHE4
Pulk/Pull Revolving Doors,Radiohead,KID A MNESIA,https://music.youtube.com/watch?v=Ps6txeTlzkg
You And Whose Army?,Radiohead,KID A MNESIA,https://music.youtube.com/watch?v=zYCLm0Oonk8
I Might Be Wrong,Radiohead,KID A MNESIA,https://music.youtube.com/watch?v=vOa--Dhu11M
Knives Out,Radiohead,KID A MNESIA,https://music.youtube.com/watch?v=2Lpw3yMCWro
Morning Bell/Amnesiac,Radiohead,KID A MNESIA,https://music.youtube.com/watch?v=DWoL_N4zXUI
Dollars and Cents,Radiohead,KID A MNESIA,https://music.youtube.com/watch?v=NGL_j8T1YVE
Hunting Bears,Radiohead,KID A MNESIA,https://music.youtube.com/watch?v=ZtdW3HTUQqo
Like Spinning Plates,Radiohead,KID A MNESIA,https://music.youtube.com/watch?v=ih2Ftq3hJoI
Life In a Glasshouse,Radiohead,KID A MNESIA,https://music.youtube.com/watch?v=vfDvGbBCq7s
Like Spinning Plates ('Why Us?' Version),Radiohead,KID A MNESIA,https://music.youtube.com/watch?v=QhHMJkeF8zo
Untitled v1,Radiohead,KID A MNESIA,https://music.youtube.com/watch?v=ZTvniQgAQ0o
Fog (Again Again Version),Radiohead,KID A MNESIA,https://music.youtube.com/watch?v=9vPi8mWg-_8
If You Say the Word,Radiohead,KID A MNESIA,https://music.youtube.com/watch?v=vnhKaCjCIqM
Follow Me Around,Radiohead,KID A MNESIA,https://music.youtube.com/watch?v=nrxWiU_v9Qs
Pulk/Pull (True Love Waits Version),Radiohead,KID A MNESIA,https://music.youtube.com/watch?v=cDQ7raytW0M
Untitled v2,Radiohead,KID A MNESIA,https://music.youtube.com/watch?v=1WzCN1syZfc
The Morning Bell (In the Dark Version),Radiohead,KID A MNESIA,https://music.youtube.com/watch?v=tvHSh21qeDE
Pyramid Strings,Radiohead,KID A MNESIA,https://music.youtube.com/watch?v=-7avE0GKZrA
Alt. Fast Track,Radiohead,KID A MNESIA,https://music.youtube.com/watch?v=dJV-1zkaTq8
Untitled v3,Radiohead,KID A MNESIA,https://music.youtube.com/watch?v=iXvLp5tvqTE
How to Disappear into Strings,Radiohead,KID A MNESIA,https://music.youtube.com/watch?v=1ACmCuuIaMQ
Burn the Witch,Radiohead,A Moon Shaped Pool,https://music.youtube.com/watch?v=yI2oS2hoL0k
Daydreaming,Radiohead,A Moon Shaped Pool,https://music.youtube.com/watch?v=TTAU7lLDZYU
Decks Dark,Radiohead,A Moon Shaped Pool,https://music.youtube.com/watch?v=Del3C2W63Pk
Desert Island Disk,Radiohead,A Moon Shaped Pool,https://music.youtube.com/watch?v=RfmE73FCOFg
Ful Stop,Radiohead,A Moon Shaped Pool,https://music.youtube.com/watch?v=NHDOk7lA53w
Glass Eyes,Radiohead,A Moon Shaped Pool,https://music.youtube.com/watch?v=fzK5kbNL2Ak
Identikit,Radiohead,A Moon Shaped Pool,https://music.youtube.com/watch?v=QZfK4zOQQ3E
The Numbers,Radiohead,A Moon Shaped Pool,https://music.youtube.com/watch?v=zmo-11Bc0XM
Present Tense,Radiohead,A Moon Shaped Pool,https://music.youtube.com/watch?v=kPAZV8y4B44
Tinker Tailor Soldier Sailor Rich Man Poor Man Beggar Man Thief,Radiohead,A Moon Shaped Pool,https://music.youtube.com/watch?v=hetqKun4XFg
True Love Waits,Radiohead,A Moon Shaped Pool,https://music.youtube.com/watch?v=WSnc_6Z7HqQ
Bloom,Radiohead,The King Of Limbs,https://music.youtube.com/watch?v=IxBQ8Er8DYc
Morning Mr Magpie,Radiohead,The King Of Limbs,https://music.youtube.com/watch?v=gM9GSuWpM94
Little By Little,Radiohead,The King Of Limbs,https://music.youtube.com/watch?v=5c1lulf5Fkw
Feral,Radiohead,The King Of Limbs,https://music.youtube.com/watch?v=pxXSlEj_1hk
Lotus Flower,Radiohead,The King Of Limbs,https://music.youtube.com/watch?v=cfOa1a8hYP8
Codex,Radiohead,The King Of Limbs,https://music.youtube.com/watch?v=T7t38uDUg5E
Give Up The Ghost,Radiohead,The King Of Limbs,https://music.youtube.com/watch?v=QGGb7o7EbFs
Separator,Radiohead,The King Of Limbs,https://music.youtube.com/watch?v=KmpzIU301VU
MK 1,Radiohead,In Rainbows (Disk 2),https://music.youtube.com/watch?v=Otr8Wp8Ip98
Down Is The New Up,Radiohead,In Rainbows (Disk 2),https://music.youtube.com/watch?v=KTYIDMXTRL4
Go Slowly,Radiohead,In Rainbows (Disk 2),https://music.youtube.com/watch?v=wqh9GKAtZzo
MK 2,Radiohead,In Rainbows (Disk 2),https://music.youtube.com/watch?v=UFTH26zMbCQ
Last Flowers,Radiohead,In Rainbows (Disk 2),https://music.youtube.com/watch?v=lVata6Ibe4U
Up On The Ladder,Radiohead,In Rainbows (Disk 2),https://music.youtube.com/watch?v=giSKoJpRiFQ
Bangers + Mash,Radiohead,In Rainbows (Disk 2),https://music.youtube.com/watch?v=wozwbfY2p1Q
4 Minute Warning,Radiohead,In Rainbows (Disk 2),https://music.youtube.com/watch?v=xruauLm9u3k
15 Step,Radiohead,In Rainbows,https://music.youtube.com/watch?v=xpqk9MD6vLM
Bodysnatchers,Radiohead,In Rainbows,https://music.youtube.com/watch?v=nIQxhSvSRnQ
Nude,Radiohead,In Rainbows,https://music.youtube.com/watch?v=BbWBRnDK_AE
Weird Fishes / Arpeggi,Radiohead,In Rainbows,https://music.youtube.com/watch?v=TNRCvG9YtYI
All I Need,Radiohead,In Rainbows,https://music.youtube.com/watch?v=DV1hQSt2hSE
Faust Arp,Radiohead,In Rainbows,https://music.youtube.com/watch?v=PRc0iMRoIoc
Reckoner,Radiohead,In Rainbows,https://music.youtube.com/watch?v=_uofQD-N6UI
House Of Cards,Radiohead,In Rainbows,https://music.youtube.com/watch?v=8nTFjVm9sTQ
Jigsaw Falling Into Place,Radiohead,In Rainbows,https://music.youtube.com/watch?v=GoLJJRIWCLU
Videotape,Radiohead,In Rainbows,https://music.youtube.com/watch?v=WF83_PR2EsA
2 + 2 = 5,Radiohead,Hail To the Thief,https://music.youtube.com/watch?v=2w6kHS_IRrE
Sit Down. Stand Up,Radiohead,Hail To the Thief,https://music.youtube.com/watch?v=CVf_HGoY-1E
Sail To The Moon,Radiohead,Hail To the Thief,https://music.youtube.com/watch?v=INvrv9ppxvQ
Backdrifts,Radiohead,Hail To the Thief,https://music.youtube.com/watch?v=BTjQsshhPtM
Go To Sleep,Radiohead,Hail To the Thief,https://music.youtube.com/watch?v=Fe6X9fLLp0Y
Where I End and You Begin,Radiohead,Hail To the Thief,https://music.youtube.com/watch?v=pyTY6Z-Fqzw
We Suck Young Blood,Radiohead,Hail To the Thief,https://music.youtube.com/watch?v=MkSRfituw3c
The Gloaming,Radiohead,Hail To the Thief,https://music.youtube.com/watch?v=Qh_iXvllR6E
"There, There",Radiohead,Hail To the Thief,https://music.youtube.com/watch?v=7AQSLozK7aA
I Will,Radiohead,Hail To the Thief,https://music.youtube.com/watch?v=zBe6pJ4THnc
A Punch Up at a Wedding,Radiohead,Hail To the Thief,https://music.youtube.com/watch?v=2DWP6a25iJI
Myxomatosis,Radiohead,Hail To the Thief,https://music.youtube.com/watch?v=PxOO8YkB_Og
Scatterbrain,Radiohead,Hail To the Thief,https://music.youtube.com/watch?v=r7mN9BLr4jU
A Wolf At the Door,Radiohead,Hail To the Thief,https://music.youtube.com/watch?v=6isz01iv8Ls
Packt Like Sardines In a Crushd Tin Box,Radiohead,Amnesiac,https://music.youtube.com/watch?v=LwE4LNP8zsI
Pyramid Song,Radiohead,Amnesiac,https://music.youtube.com/watch?v=3M_Gg1xAHE4
Pulk/Pull Revolving Doors,Radiohead,Amnesiac,https://music.youtube.com/watch?v=-fuhLeD594A
You And Whose Army?,Radiohead,Amnesiac,https://music.youtube.com/watch?v=QQnc-hM80UQ
I Might Be Wrong,Radiohead,Amnesiac,https://music.youtube.com/watch?v=vOa--Dhu11M
Knives Out,Radiohead,Amnesiac,https://music.youtube.com/watch?v=2Lpw3yMCWro
Morning Bell/Amnesiac,Radiohead,Amnesiac,https://music.youtube.com/watch?v=6LGS0S8Lh4A
Dollars and Cents,Radiohead,Amnesiac,https://music.youtube.com/watch?v=egUFlyfE1PY
Hunting Bears,Radiohead,Amnesiac,https://music.youtube.com/watch?v=6AM0q_u7XNc
Like Spinning Plates,Radiohead,Amnesiac,https://music.youtube.com/watch?v=ih2Ftq3hJoI
Life In a Glasshouse,Radiohead,Amnesiac,https://music.youtube.com/watch?v=hKrAPSootn4
Everything In Its Right Place,Radiohead,Kid A,https://music.youtube.com/watch?v=NUnXxh5U25Y
Kid A,Radiohead,Kid A,https://music.youtube.com/watch?v=MXNbfU0Ww_E
The National Anthem,Radiohead,Kid A,https://music.youtube.com/watch?v=NfQD1QiQ9o4
How to Disappear Completely,Radiohead,Kid A,https://music.youtube.com/watch?v=6W6HhdqA95w
Treefingers,Radiohead,Kid A,https://music.youtube.com/watch?v=L7p47zYKJoM
Optimistic,Radiohead,Kid A,https://music.youtube.com/watch?v=1On-ZHfTWOo
In Limbo,Radiohead,Kid A,https://music.youtube.com/watch?v=Q29iibXXiOs
Idioteque,Radiohead,Kid A,https://music.youtube.com/watch?v=svwJTnZOaco
Morning Bell,Radiohead,Kid A,https://music.youtube.com/watch?v=XTT6k3Q4JnQ
Motion Picture Soundtrack,Radiohead,Kid A,https://music.youtube.com/watch?v=EcSvMFm2ABE
Untitled,Radiohead,Kid A,https://music.youtube.com/watch?v=L_PvBLtvZto
Airbag,Radiohead,OK Computer,https://music.youtube.com/watch?v=jNY_wLukVW0
Paranoid Android,Radiohead,OK Computer,https://music.youtube.com/watch?v=fHiGbolFFGw
Subterranean Homesick Alien,Radiohead,OK Computer,https://music.youtube.com/watch?v=_fTWmUlTEqE
Exit Music (For A Film),Radiohead,OK Computer,https://music.youtube.com/watch?v=Bf01riuiJWA
Let Down,Radiohead,OK Computer,https://music.youtube.com/watch?v=duBCwvC1kP4
Karma Police,Radiohead,OK Computer,https://music.youtube.com/watch?v=1uYWYWPc9HU
Fitter Happier,Radiohead,OK Computer,https://music.youtube.com/watch?v=O4SzvsMFaek
Electioneering,Radiohead,OK Computer,https://music.youtube.com/watch?v=3DtgWrFTtQk
Climbing Up the Walls,Radiohead,OK Computer,https://music.youtube.com/watch?v=XX4EpkR-Sp4
No Surprises,Radiohead,OK Computer,https://music.youtube.com/watch?v=u5CVsCnxyXg
Lucky,Radiohead,OK Computer,https://music.youtube.com/watch?v=yuZYQvvLXVY
The Tourist,Radiohead,OK Computer,https://music.youtube.com/watch?v=HkgzObf8uVU
Planet Telex,Radiohead,The Bends,https://music.youtube.com/watch?v=g0az4OkM02Y
The Bends,Radiohead,The Bends,https://music.youtube.com/watch?v=K8z8hLvjb_U
High and Dry,Radiohead,The Bends,https://music.youtube.com/watch?v=7qFfFVSerQo
Fake Plastic Trees,Radiohead,The Bends,https://music.youtube.com/watch?v=n5h0qHwNrHk
Bones,Radiohead,The Bends,https://music.youtube.com/watch?v=3ZKxungSg9U
(Nice Dream),Radiohead,The Bends,https://music.youtube.com/watch?v=jIjTFt6XmFM
Just,Radiohead,The Bends,https://music.youtube.com/watch?v=oIFLtNYI3Ls
My Iron Lung,Radiohead,The Bends,https://music.youtube.com/watch?v=pRU-6vaKaf4
Bullet Proof ... I Wish I Was,Radiohead,The Bends,https://music.youtube.com/watch?v=KkCgUI_g2oo
Black Star,Radiohead,The Bends,https://music.youtube.com/watch?v=d7lbzUUXj0k
Sulk,Radiohead,The Bends,https://music.youtube.com/watch?v=-SLb6BdCHlE
Street Spirit (Fade Out),Radiohead,The Bends,https://music.youtube.com/watch?v=LCJblaUkkfc
Follow Me Around,Radiohead,Follow Me Around,https://music.youtube.com/watch?v=nrxWiU_v9Qs
If You Say the Word,Radiohead,If You Say the Word,https://music.youtube.com/watch?v=vnhKaCjCIqM
Ill Wind,Radiohead,Ill Wind,https://music.youtube.com/watch?v=5C7tfLhHaeU
Daydreaming,Radiohead,Daydreaming,https://music.youtube.com/watch?v=TTAU7lLDZYU
Burn the Witch,Radiohead,Burn the Witch,https://music.youtube.com/watch?v=yI2oS2hoL0k
Spectre,Radiohead,Spectre,https://music.youtube.com/watch?v=CLiDemXYSLc
Rapier Interviews: Radiohead (Audio Documentary),Radiohead,Rapier Interviews: Radiohead (Audio Documentary),https://music.youtube.com/watch?v=sEyivtXF_d4
The Daily Mail,Radiohead,The Daily Mail / Staircase,https://music.youtube.com/watch?v=I4pezRt9boY
Staircase,Radiohead,The Daily Mail / Staircase,https://music.youtube.com/watch?v=tFTLxkMmY4M
Supercollider,Radiohead,Supercollider / The Butcher,https://music.youtube.com/watch?v=6iFS22yyXj8
The Butcher,Radiohead,Supercollider / The Butcher,https://music.youtube.com/watch?v=s6nmq_XK9a4
These Are My Twisted Words,Radiohead,These Are My Twisted Words,https://music.youtube.com/watch?v=zA2tjw_UXYw
titulo,artistas,album,url
Harleys & Indians (Riders in the Sky),Roxette,Crash! Boom! Bang! 30th Anniversary Edition,https://music.youtube.com/watch?v=ewtx6S1nAZ4
Crash! Boom! Bang!,Roxette,Crash! Boom! Bang! 30th Anniversary Edition,https://music.youtube.com/watch?v=aoXrd3_3fYI
Fireworks,Roxette,Crash! Boom! Bang! 30th Anniversary Edition,https://music.youtube.com/watch?v=EvpYdXjE0Rc
Run To You,Roxette,Crash! Boom! Bang! 30th Anniversary Edition,https://music.youtube.com/watch?v=lPMQYrRcz_8
Sleeping In My Car,Roxette,Crash! Boom! Bang! 30th Anniversary Edition,https://music.youtube.com/watch?v=S5fn1DfqPfA
Vulnerable,Roxette,Crash! Boom! Bang! 30th Anniversary Edition,https://music.youtube.com/watch?v=PFpZzWdu6XM
The First Girl On The Moon,Roxette,Crash! Boom! Bang! 30th Anniversary Edition,https://music.youtube.com/watch?v=s25ATdAfw-A
Place Your Love,Roxette,Crash! Boom! Bang! 30th Anniversary Edition,https://music.youtube.com/watch?v=r3R8SWvzEzw
I Love The Sound Of Crashing Guitars,Roxette,Crash! Boom! Bang! 30th Anniversary Edition,https://music.youtube.com/watch?v=gsV2TCzvtXs
What's She Like?,Roxette,Crash! Boom! Bang! 30th Anniversary Edition,https://music.youtube.com/watch?v=ccryMWAO2TE
Do You Wanna Go The Whole Way?,Roxette,Crash! Boom! Bang! 30th Anniversary Edition,https://music.youtube.com/watch?v=EN-Rrn5Ib7Y
Lies,Roxette,Crash! Boom! Bang! 30th Anniversary Edition,https://music.youtube.com/watch?v=qcWO-JmMtH4
I'm Sorry,Roxette,Crash! Boom! Bang! 30th Anniversary Edition,https://music.youtube.com/watch?v=ARmuYGxEb0k
Love Is All (Shine Your Light On Me),Roxette,Crash! Boom! Bang! 30th Anniversary Edition,https://music.youtube.com/watch?v=Vo2MevAFimc
Go To Sleep,Roxette,Crash! Boom! Bang! 30th Anniversary Edition,https://music.youtube.com/watch?v=ZtU5jA77Y2k
Almost Unreal,Roxette,Crash! Boom! Bang! 30th Anniversary Edition,https://music.youtube.com/watch?v=El7GVPUl-r0
Crazy About You,Roxette,Crash! Boom! Bang! 30th Anniversary Edition,https://music.youtube.com/watch?v=9hd9ZIPTjs0
See Me,Roxette,Crash! Boom! Bang! 30th Anniversary Edition,https://music.youtube.com/watch?v=ZnDLVXTVzts
Love Is All (Shine Your Light On Me) [Edit 2024],Roxette,Crash! Boom! Bang! 30th Anniversary Edition,https://music.youtube.com/watch?v=hT1B9mt2fKg
Crazy About You (Crash! Boom! Bang! Version),Roxette,Crash! Boom! Bang! 30th Anniversary Edition,https://music.youtube.com/watch?v=uocXh4xpkH0
Almost Unreal (AC Mix),Roxette,Crash! Boom! Bang! 30th Anniversary Edition,https://music.youtube.com/watch?v=El7GVPUl-r0
"Harleys & Indians (T&A Demo Aug 10, 1993)","Roxette, Per Gessle",Crash! Boom! Bang! 30th Anniversary Edition,https://music.youtube.com/watch?v=8ZSzabARQCQ
"Crash! Boom! Bang! (T&A Demo May 6, 1993)","Roxette, Per Gessle",Crash! Boom! Bang! 30th Anniversary Edition,https://music.youtube.com/watch?v=4ONkGYv8TdA
"Fireworks (T&A Demo Jan 30, 1993)","Roxette, Per Gessle",Crash! Boom! Bang! 30th Anniversary Edition,https://music.youtube.com/watch?v=9Hhi2n51_Tc
"Run To You (T&A Demo Dec 12, 1992)","Roxette, Per Gessle",Crash! Boom! Bang! 30th Anniversary Edition,https://music.youtube.com/watch?v=7_yK0j1-W4E
Sleeping in My Car (The Stockholm Demo Version 1993),Roxette,Crash! Boom! Bang! 30th Anniversary Edition,https://music.youtube.com/watch?v=W8yq0ru_N1w
"Vulnerable (T&A Demo Dec 28, 1990)","Roxette, Per Gessle",Crash! Boom! Bang! 30th Anniversary Edition,https://music.youtube.com/watch?v=l5cABn9XsJI
"The First Girl On The Moon (T&A Demo Dec 20, 1992)","Roxette, Per Gessle",Crash! Boom! Bang! 30th Anniversary Edition,https://music.youtube.com/watch?v=bG2a-BnlJ8s
"Place Your Love (T&A Demo Nov 10, 1992)","Roxette, Per Gessle",Crash! Boom! Bang! 30th Anniversary Edition,https://music.youtube.com/watch?v=H8pv_a6GoeE
"I Love The Sound Of Crashing Guitars (T&A Demo Jun 27, 1993)","Roxette, Per Gessle",Crash! Boom! Bang! 30th Anniversary Edition,https://music.youtube.com/watch?v=gPfpjP9RiFU
"What’s She Like? (T&A Demo Jan 29, 1992)","Roxette, Per Gessle",Crash! Boom! Bang! 30th Anniversary Edition,https://music.youtube.com/watch?v=_Fx_Oy2ZFMI
"Do You Wanna Go The Whole Way? (T&A Demo Mar 21, 1993)","Roxette, Per Gessle",Crash! Boom! Bang! 30th Anniversary Edition,https://music.youtube.com/watch?v=qPYzO6B08eE
"Lies (T&A Demo May 14, 1993)","Roxette, Per Gessle",Crash! Boom! Bang! 30th Anniversary Edition,https://music.youtube.com/watch?v=AJcRpP8fW10
"I’m Sorry (T&A Demo Mar 18, 1993)","Roxette, Per Gessle",Crash! Boom! Bang! 30th Anniversary Edition,https://music.youtube.com/watch?v=McSTUezCtI8
"Love Is All (T&A Demo Dec 17, 1992)","Roxette, Per Gessle, & Camilla Bondesson",Crash! Boom! Bang! 30th Anniversary Edition,https://music.youtube.com/watch?v=SZlILFRNpL0
"She Doesn’t Live Here Anymore (T&A Demo Dec 16, 1992)","Roxette, Per Gessle",Crash! Boom! Bang! 30th Anniversary Edition,https://music.youtube.com/watch?v=9IKxP5LH3Jg
Almost Unreal (Demo February '93),"Roxette, Per Gessle",Crash! Boom! Bang! 30th Anniversary Edition,https://music.youtube.com/watch?v=QE1DeWVd0ss
"Crazy About You (T&A Demo Jun 18, 1993)","Roxette, Per Gessle",Crash! Boom! Bang! 30th Anniversary Edition,https://music.youtube.com/watch?v=ohTP9X_378w
"Sweet Thing (T&A Demo Dec 16, 1993)","Roxette, Per Gessle",Crash! Boom! Bang! 30th Anniversary Edition,https://music.youtube.com/watch?v=yxIRaQr3jvU
"Always Breaking My Heart (T&A Demo Dec 27, 1992)","Roxette, Per Gessle",Crash! Boom! Bang! 30th Anniversary Edition,https://music.youtube.com/watch?v=5cru6GXC1AI
"Before You Go To Sleep (T&A Demo Nov 23, 1992)","Roxette, Per Gessle",Crash! Boom! Bang! 30th Anniversary Edition,https://music.youtube.com/watch?v=WOcT2QPxv2Y
"Blue Umbrella (B-side 'I Want You To Know' - T&A Demo, 15 June, 1993)","Roxette, Per Gessle",Crash! Boom! Bang! 30th Anniversary Edition,https://music.youtube.com/watch?v=0seAGHsF3fI
"It Hurts (T&A Demo Mar 7, 1993)","Roxette, Per Gessle",Crash! Boom! Bang! 30th Anniversary Edition,https://music.youtube.com/watch?v=Nq6dunqjE6M
"Gone Gone Gone (T&A Demo Feb 25, 1993)","Roxette, Per Gessle",Crash! Boom! Bang! 30th Anniversary Edition,https://music.youtube.com/watch?v=Y9QUAHC0Je0
Walking On Air (feat. Helena Josefsson),"PG Roxette, Roxette, Per Gessle",Pop-Up Dynamo!,https://music.youtube.com/watch?v=rmDccuEy8HE
Me And You And Everything In Between (feat. Helena Josefsson),"PG Roxette, Roxette, Per Gessle",Pop-Up Dynamo!,https://music.youtube.com/watch?v=4Fu_F3OpaYM
Headphones On (feat. Helena Josefsson & Dea Norberg),"PG Roxette, Roxette, Per Gessle",Pop-Up Dynamo!,https://music.youtube.com/watch?v=lhEmMwLH5PA
You Hurt The One You Love The Most (feat. Helena Josefsson & Dea Norberg),"PG Roxette, Roxette, Per Gessle",Pop-Up Dynamo!,https://music.youtube.com/watch?v=FmlnO0DQ28E
Watch Me Come Undone (feat. Helena Josefsson & Dea Norberg),"PG Roxette, Roxette, Per Gessle",Pop-Up Dynamo!,https://music.youtube.com/watch?v=QS2O7eOW3lQ
The Craziest Thing (feat. Helena Josefsson & Dea Norberg),"PG Roxette, Roxette, Per Gessle",Pop-Up Dynamo!,https://music.youtube.com/watch?v=CwIbpihtzlk
Debris (feat. Helena Josefsson),"PG Roxette, Roxette, Per Gessle",Pop-Up Dynamo!,https://music.youtube.com/watch?v=g6yyZgXcuQc
The Loneliest Girl In The World,"PG Roxette, Roxette, Per Gessle",Pop-Up Dynamo!,https://music.youtube.com/watch?v=xOxU-OGTquM
Jezebel (feat. Helena Josefsson),"PG Roxette, Roxette, Per Gessle",Pop-Up Dynamo!,https://music.youtube.com/watch?v=WdaAsLIY-JA
My Chosen One (feat. Per Gessle),"PG Roxette, Roxette, LÉON",Pop-Up Dynamo!,https://music.youtube.com/watch?v=J_pFUF9peA0
Walk Right In (feat. Helena Josefsson),"PG Roxette, Roxette, Per Gessle",Pop-Up Dynamo!,https://music.youtube.com/watch?v=o_TWbQcVZ1M
Sunflower (feat. Helena Josefsson),"PG Roxette, Roxette, Per Gessle",Pop-Up Dynamo!,https://music.youtube.com/watch?v=SYMokG6hL8w
Necessary,"PG Roxette, Roxette, Per Gessle",Pop-Up Dynamo!,https://music.youtube.com/watch?v=M_EHO-NuUtw
Wish You The Best For Xmas (feat. Helena Josefsson),"PG Roxette, Roxette, Per Gessle",Pop-Up Dynamo!,https://music.youtube.com/watch?v=19VvVnw6sJ4
Wishing On The Same Christmas Star (feat. Helena Josefsson),"PG Roxette, Roxette, Per Gessle",Pop-Up Dynamo!,https://music.youtube.com/watch?v=KGZT6v4Zveo
Jezebel (Bridge & Mountain Remix) (feat. Helena Josefsson),"PG Roxette, Roxette, Per Gessle",Pop-Up Dynamo!,https://music.youtube.com/watch?v=I6D5OtifNro
Walking On Air (Bridge & Mountain Remix) (feat. Helena Josefsson),"PG Roxette, Roxette, Per Gessle",Pop-Up Dynamo!,https://music.youtube.com/watch?v=g7ZKCyg1b5A
The Loneliest Girl In The World (Bridge & Mountain Remix),"PG Roxette, Roxette, Per Gessle",Pop-Up Dynamo!,https://music.youtube.com/watch?v=G6_LQ8jW9VY
Headphones On (Radio Edit) (feat. Helena Josefsson & Dea Norberg),"PG Roxette, Roxette, Per Gessle",Pop-Up Dynamo!,https://music.youtube.com/watch?v=lhEmMwLH5PA
Necessary (Long Version),"PG Roxette, Roxette, Per Gessle",Pop-Up Dynamo!,https://music.youtube.com/watch?v=ZgortSYvu8g
The Craziest Thing (Lost Boy Remix) [Official Song European Table Tennis Championship 2023] (feat. Helena Josefsson & Dea Norberg),"PG Roxette, Roxette, Per Gessle",Pop-Up Dynamo!,https://music.youtube.com/watch?v=HyGtL8sQqsI
Just Perfect,"PG Roxette, Roxette, Per Gessle",Pop-Up Dynamo!,https://music.youtube.com/watch?v=1JMpmfPe6lQ
Per Gessle Talks P-UD! - Album title,"PG Roxette, Roxette, Per Gessle",Pop-Up Dynamo!,https://music.youtube.com/watch?v=q96vMCWSpQY
Per Gessle Talks P-UD! - Background #1,"PG Roxette, Roxette, Per Gessle",Pop-Up Dynamo!,https://music.youtube.com/watch?v=SVBKXSO229w
Per Gessle Talks P-UD! - Background #2,"PG Roxette, Roxette, Per Gessle",Pop-Up Dynamo!,https://music.youtube.com/watch?v=V1GJy8WbZS0
Per Gessle Talks P-UD! - Background #3,"PG Roxette, Roxette, Per Gessle",Pop-Up Dynamo!,https://music.youtube.com/watch?v=sFVC4GCizW8
Per Gessle Talks P-UD! - Demo Recordings,"PG Roxette, Roxette, Per Gessle",Pop-Up Dynamo!,https://music.youtube.com/watch?v=1NJ9DIuON3w
Per Gessle Talks P-UD! - Album Recordings #1,"PG Roxette, Roxette, Per Gessle",Pop-Up Dynamo!,https://music.youtube.com/watch?v=22P-3-y-zNM
Per Gessle Talks P-UD! - Album Recordings #2,"PG Roxette, Roxette, Per Gessle",Pop-Up Dynamo!,https://music.youtube.com/watch?v=mxGvFUOWV3g
Per Gessle Talks P-UD! - Idea,"PG Roxette, Roxette, Per Gessle",Pop-Up Dynamo!,https://music.youtube.com/watch?v=QP0T4W_ln6U
Per Gessle Talks P-UD! - Inspiration,"PG Roxette, Roxette, Per Gessle",Pop-Up Dynamo!,https://music.youtube.com/watch?v=VzgRGqplS44
Per Gessle Talks P-UD! - Producers,"PG Roxette, Roxette, Per Gessle",Pop-Up Dynamo!,https://music.youtube.com/watch?v=h-k35u5oRU4
Per Gessle Talks P-UD! - Musicians,"PG Roxette, Roxette, Per Gessle",Pop-Up Dynamo!,https://music.youtube.com/watch?v=CBLHXtk5wbo
Per Gessle Talks P-UD! - Singers #1,"PG Roxette, Roxette, Per Gessle",Pop-Up Dynamo!,https://music.youtube.com/watch?v=19FubiVKroM
Per Gessle Talks P-UD! - Singers #2,"PG Roxette, Roxette, Per Gessle",Pop-Up Dynamo!,https://music.youtube.com/watch?v=7vVYAGjEK7A
Per Gessle Talks P-UD! - Record Sleeve,"PG Roxette, Roxette, Per Gessle",Pop-Up Dynamo!,https://music.youtube.com/watch?v=tgUBRoNK3V0
Per Gessle Talks P-UD! - The Photo Shoot,"PG Roxette, Roxette, Per Gessle",Pop-Up Dynamo!,https://music.youtube.com/watch?v=XziG_LxN9X8
Per Gessle Talks P-UD! - The Video Shoot,"PG Roxette, Roxette, Per Gessle",Pop-Up Dynamo!,https://music.youtube.com/watch?v=05YccnN8Wgk
Per Gessle Talks P-UD! - The Future,"PG Roxette, Roxette, Per Gessle",Pop-Up Dynamo!,https://music.youtube.com/watch?v=89HIi9AfasE
Per Gessle Talks P-UD! - Walking On Air,"PG Roxette, Roxette, Per Gessle",Pop-Up Dynamo!,https://music.youtube.com/watch?v=8jAxHTIpNaM
Per Gessle Talks P-UD! - Me And You And Everything In Between,"PG Roxette, Roxette, Per Gessle",Pop-Up Dynamo!,https://music.youtube.com/watch?v=47I3DXKXiS8
Per Gessle Talks P-UD! - Headphones On,"PG Roxette, Roxette, Per Gessle",Pop-Up Dynamo!,https://music.youtube.com/watch?v=vrnubXhj6Uk
Per Gessle Talks P-UD! - You Hurt The One You Love The Most,"PG Roxette, Roxette, Per Gessle",Pop-Up Dynamo!,https://music.youtube.com/watch?v=WYeH8zrycrE
Per Gessle Talks P-UD! - Watch Me Come Undone,"PG Roxette, Roxette, Per Gessle",Pop-Up Dynamo!,https://music.youtube.com/watch?v=PdJ_2N8utSU
Per Gessle Talks P-UD! - The Craziest Thing,"PG Roxette, Roxette, Per Gessle",Pop-Up Dynamo!,https://music.youtube.com/watch?v=WPoP3XHKZ4Y
Per Gessle Talks P-UD! - Debris,"PG Roxette, Roxette, Per Gessle",Pop-Up Dynamo!,https://music.youtube.com/watch?v=GF-bKUR6e_o
Per Gessle Talks P-UD! - The Loneliest Girl In The World,"PG Roxette, Roxette, Per Gessle",Pop-Up Dynamo!,https://music.youtube.com/watch?v=Be9f1fjimTU
Per Gessle Talks P-UD! - Jezebel,"PG Roxette, Roxette, Per Gessle",Pop-Up Dynamo!,https://music.youtube.com/watch?v=5j08hyPmi9w
Per Gessle Talks P-UD! - My Chosen One,"PG Roxette, Roxette, Per Gessle",Pop-Up Dynamo!,https://music.youtube.com/watch?v=QB56ZPBh2WQ
Per Gessle Talks P-UD! - Walk Right In,"PG Roxette, Roxette, Per Gessle",Pop-Up Dynamo!,https://music.youtube.com/watch?v=mNFhOO5-Fic
Let Your Heart Dance With Me,Roxette,Bag Of Trix (Music From The Roxette Vaults),https://music.youtube.com/watch?v=fFidYtllRW0
Piece Of Cake,Roxette,Bag Of Trix (Music From The Roxette Vaults),https://music.youtube.com/watch?v=raGkeIqoGwM
"Help! (Abbey Road Sessions November 15, 1995)",Roxette,Bag Of Trix (Music From The Roxette Vaults),https://music.youtube.com/watch?v=MbinEbCqhhQ
"Listen To Your Heart (Abbey Road Sessions November 15, 1995)",Roxette,Bag Of Trix (Music From The Roxette Vaults),https://music.youtube.com/watch?v=Y89t8DKyAeQ
"The Look (Abbey Road Session November 15, 1995)",Roxette,Bag Of Trix (Music From The Roxette Vaults),https://music.youtube.com/watch?v=tm_9oZgFJzs
"You Don't Understand Me (Abbey Road Sessions November 15, 1995)",Roxette,Bag Of Trix (Music From The Roxette Vaults),https://music.youtube.com/watch?v=LIGiTu73nec
Dangerous (Swedish Single Version 1989),Roxette,Bag Of Trix (Music From The Roxette Vaults),https://music.youtube.com/watch?v=VFNRh26TPmM
Joyride (Brian Malouf US Single Mix),Roxette,Bag Of Trix (Music From The Roxette Vaults),https://music.youtube.com/watch?v=HsdE1b-0xwQ
"From One Heart To Another (Montezuma Demo July 25-26, 1986)",Roxette,Bag Of Trix (Music From The Roxette Vaults),https://music.youtube.com/watch?v=jUp5LGQ_N5M
"Like Lovers Do (Montezuma Demo July 25-26, 1986)",Roxette,Bag Of Trix (Music From The Roxette Vaults),https://music.youtube.com/watch?v=Sp1-sdHc3vc
"Pearls And Passion (Montezuma Demo July 25-26, 1986)",Roxette,Bag Of Trix (Music From The Roxette Vaults),https://music.youtube.com/watch?v=AErq9cKcwvM
Soul Deep (Tom Lord-Alge Mix),Roxette,Bag Of Trix (Music From The Roxette Vaults),https://music.youtube.com/watch?v=Id8ggL_-ieY
Tu No Me Comprendes (You Don´t Understand Me),Roxette,Bag Of Trix (Music From The Roxette Vaults),https://music.youtube.com/watch?v=aXbnzOW9780
It Takes You No Time To Get Here (Room Service Outtake 2001),Roxette,Bag Of Trix (Music From The Roxette Vaults),https://music.youtube.com/watch?v=BgGvo0S0iH4
Entering Your Heart (Room Service Outtake 2001),Roxette,Bag Of Trix (Music From The Roxette Vaults),https://music.youtube.com/watch?v=g54ysN4N5mI
"Watercolours In The Rain (T&A Demo January 24, 1990)","Roxette, Per Gessle",Bag Of Trix (Music From The Roxette Vaults),https://music.youtube.com/watch?v=OiPOsmu4G-U
"The Big L (T&A Demo March 29, 1990)","Roxette, Per Gessle",Bag Of Trix (Music From The Roxette Vaults),https://music.youtube.com/watch?v=r-iTPhmrrA4
"I Remember You (T&A Demo April 1, 1990)","Roxette, Per Gessle",Bag Of Trix (Music From The Roxette Vaults),https://music.youtube.com/watch?v=9ai7DcxiZUU
"Perfect Day (T&A Demo August 23, 1990)","Roxette, Per Gessle",Bag Of Trix (Music From The Roxette Vaults),https://music.youtube.com/watch?v=wxihp4xGne4
"Hotblooded (T&A Demo December 13, 1990)","Roxette, Per Gessle",Bag Of Trix (Music From The Roxette Vaults),https://music.youtube.com/watch?v=Vbq2amsm08w
"Things Will Never Be The Same (T&A Demo December 13, 1990)","Roxette, Per Gessle",Bag Of Trix (Music From The Roxette Vaults),https://music.youtube.com/watch?v=fBtbUQe2GU4
It Will Take A Long Long Time (Modern Rock Version) [Have A Nice Day Outtake],Roxette,Bag Of Trix (Music From The Roxette Vaults),https://music.youtube.com/watch?v=X9u5pzDFlyE
Quisera Volar (Wish I Could Fly),Roxette,Bag Of Trix (Music From The Roxette Vaults),https://music.youtube.com/watch?v=y8SJICKQQaU
The Centre Of The Heart (Is A Suburb To The Brain) [Have A Nice Day Outtake 1999],Roxette,Bag Of Trix (Music From The Roxette Vaults),https://music.youtube.com/watch?v=FOxiyCz_i5c
I Was So Lucky (The Golden Blow) [Have A Nice Day Outtake 1999],Roxette,Bag Of Trix (Music From The Roxette Vaults),https://music.youtube.com/watch?v=0xVMBwrFovw
Lo Siento (Salvation),Roxette,Bag Of Trix (Music From The Roxette Vaults),https://music.youtube.com/watch?v=RLbHZTlqpQ4
Cooper (Closer To God) [Have A Nice Day Outtake 1999],Roxette,Bag Of Trix (Music From The Roxette Vaults),https://music.youtube.com/watch?v=Vzzz396kElE
Alguien (Anyone),Roxette,Bag Of Trix (Music From The Roxette Vaults),https://music.youtube.com/watch?v=h9yb18PRAos
"Before You Go To Sleep (T&A Demo October 23, 1992)","Roxette, Per Gessle",Bag Of Trix (Music From The Roxette Vaults),https://music.youtube.com/watch?v=FkqcwztmrTM
"You Don't Understand Me (T&A Demo July 30, 1995)",Roxette,Bag Of Trix (Music From The Roxette Vaults),https://music.youtube.com/watch?v=8QFhG-Vo6b0
Pocketful Of Rain (Skinnarviksringen Demo February 1993),Roxette,Bag Of Trix (Music From The Roxette Vaults),https://music.youtube.com/watch?v=bATYKACRw9s
Sleeping in My Car (The Stockholm Demo Version 1993),Roxette,Bag Of Trix (Music From The Roxette Vaults),https://music.youtube.com/watch?v=HTpW7ymVVuc
Go To Sleep (Skinnarviksringen Demo February 1993),Roxette,Bag Of Trix (Music From The Roxette Vaults),https://music.youtube.com/watch?v=ggQwfsGKrE0
"It Hurts (T&A Demo August 3, 1995)","Roxette, Per Gessle",Bag Of Trix (Music From The Roxette Vaults),https://music.youtube.com/watch?v=Nt7YAcaQO-M
New World (Studio Vinden Demo 1996),Roxette,Bag Of Trix (Music From The Roxette Vaults),https://music.youtube.com/watch?v=RzaXYcQhdDk
Waiting For The Rain (Studio Vinden Demo 1997),Roxette,Bag Of Trix (Music From The Roxette Vaults),https://music.youtube.com/watch?v=y5g__njWebA
Always The Last To Know (Studio Vinden Demo 1998),Roxette,Bag Of Trix (Music From The Roxette Vaults),https://music.youtube.com/watch?v=rbHuZMa0zdE
"Happy Together (T&A Demo July 1-2, 1998)","Roxette, Per Gessle",Bag Of Trix (Music From The Roxette Vaults),https://music.youtube.com/watch?v=6XfoEPQZwkI
Beautiful Boy (Studio Vinden Demo March 2000),Roxette,Bag Of Trix (Music From The Roxette Vaults),https://music.youtube.com/watch?v=cZCYQRhLduk
Every Day (Studio Vinden Demo March 2000),Roxette,Bag Of Trix (Music From The Roxette Vaults),https://music.youtube.com/watch?v=CbGKWfWISRE
Little Girl (Studio Vinden Demo March 2000),Roxette,Bag Of Trix (Music From The Roxette Vaults),https://music.youtube.com/watch?v=tIqTDtgtwEo
"Wish I Could Fly (Live EMP Sky Church, Seattle October 7, 2000)",Roxette,Bag Of Trix (Music From The Roxette Vaults),https://music.youtube.com/watch?v=y-XpU3dCfzQ
"Goodbye To You (Montezuma Demo July 25-26, 1986)",Roxette,Bag Of Trix (Music From The Roxette Vaults),https://music.youtube.com/watch?v=HKAUBVO51HU
"Joy Of A Toy (Montezuma Demo July 25-26, 1986)",Roxette,Bag Of Trix (Music From The Roxette Vaults),https://music.youtube.com/watch?v=ARZ9uCufTJc
"Jag älskar (Surrender) [Montezuma Demo July 25-26, 1986]",Roxette,Bag Of Trix (Music From The Roxette Vaults),https://music.youtube.com/watch?v=yVnYt0AZZJs
"Som i en dröm (So Far Away) [Montezuma Demo July 25-26, 1986]",Roxette,Bag Of Trix (Music From The Roxette Vaults),https://music.youtube.com/watch?v=GtW9eYe44A4
"Cry (Live Norrköping December 16, 1988)",Roxette,Bag Of Trix (Music From The Roxette Vaults),https://music.youtube.com/watch?v=S71i0q3X3jg
Introduction to Bag Of Trix (Per Gessle Talks),Roxette,Bag Of Trix (Music From The Roxette Vaults),https://music.youtube.com/watch?v=_tkAFp3TuII
Let Your Heart Dance With Me (Per Gessle Talks),Roxette,Bag Of Trix (Music From The Roxette Vaults),https://music.youtube.com/watch?v=azZ2TRpKksM
Piece Of Cake (Per Gessle Talks),Roxette,Bag Of Trix (Music From The Roxette Vaults),https://music.youtube.com/watch?v=E_hMl_gGUUc
"Help! (Abbey Road Sessions November 15, 1995 - Per Gessle Talks)",Roxette,Bag Of Trix (Music From The Roxette Vaults),https://music.youtube.com/watch?v=2x6ncfmCQ4M
"Listen To Your Heart (Abbey Road Session November 15, 1995 - Per Gessle Talks)",Roxette,Bag Of Trix (Music From The Roxette Vaults),https://music.youtube.com/watch?v=rQuZYw6NN2s
"The Look (Abbey Road Session November 15, 1995 - Per Gessle Talks)",Roxette,Bag Of Trix (Music From The Roxette Vaults),https://music.youtube.com/watch?v=eJrTjCAGKro
"You Don't Understand Me (Abbey Road Sessions November 15, 1995 - Per Gessle Talks)",Roxette,Bag Of Trix (Music From The Roxette Vaults),https://music.youtube.com/watch?v=iEmu40ox6Pc
Dangerous (Swedish Single Version 1989 - Per Gessle Talks),Roxette,Bag Of Trix (Music From The Roxette Vaults),https://music.youtube.com/watch?v=hNLRrGxBZyE
Joyride (Brian Malouf US Single Mix 1991 - Per Gessle Talks),Roxette,Bag Of Trix (Music From The Roxette Vaults),https://music.youtube.com/watch?v=vR-NZpRHXIM
"From One Heart To Another (Montezuma Demo July 25-26, 1986 - Per Gessle Talks)",Roxette,Bag Of Trix (Music From The Roxette Vaults),https://music.youtube.com/watch?v=lhOw0f5BAWI
"Like Lovers Do (Montezuma Demo July 25-26, 1986 - Per Gessle Talks)",Roxette,Bag Of Trix (Music From The Roxette Vaults),https://music.youtube.com/watch?v=3rvpoTzciM8
"Pearls And Passion (Montezuma Demo July 25-26, 1986 - Per Gessle Talks)",Roxette,Bag Of Trix (Music From The Roxette Vaults),https://music.youtube.com/watch?v=sQsurpSBmBg
Soul Deep (Tom Lord-Alge Mix - Per Gessle Talks),Roxette,Bag Of Trix (Music From The Roxette Vaults),https://music.youtube.com/watch?v=mw3F8V-4Xpg
Tu No Me Comprendes (You Don´t Understand Me) [Per Gessle Talks],Roxette,Bag Of Trix (Music From The Roxette Vaults),https://music.youtube.com/watch?v=t9p_Xn_FjHA
It Takes You No Time To Get Here (Room Service Outtake 2001 - Per Gessle Talks),Roxette,Bag Of Trix (Music From The Roxette Vaults),https://music.youtube.com/watch?v=xiTOjlfoUSA
Entering Your Heart (Room Service Outtake 2001 - Per Gessle Talks),Roxette,Bag Of Trix (Music From The Roxette Vaults),https://music.youtube.com/watch?v=2exNQH86WdQ
"Watercolours In The Rain (T&A Demo January 24, 1990 - Per Gessle Talks)",Roxette,Bag Of Trix (Music From The Roxette Vaults),https://music.youtube.com/watch?v=5Q2VKo31wOY
"The Big L (T&A Demo March 29, 1990 - Per Gessle Talks)",Roxette,Bag Of Trix (Music From The Roxette Vaults),https://music.youtube.com/watch?v=afVRx7h0i6g
"I Remember You (T&A Demo March 15, 1990 - Per Gessle Talks)",Roxette,Bag Of Trix (Music From The Roxette Vaults),https://music.youtube.com/watch?v=yzojdPECOWY
"Perfect Day (T&A Demo August 23, 1990 - Per Gessle Talks)",Roxette,Bag Of Trix (Music From The Roxette Vaults),https://music.youtube.com/watch?v=7bGgTt_pXxI
"Hotblooded (T&A Demo December 13, 1990 - Per Gessle Talks)",Roxette,Bag Of Trix (Music From The Roxette Vaults),https://music.youtube.com/watch?v=YqYl-TUukyY
"Things Will Never Be The Same (T&A Demo December 13, 1990 - Per Gessle Talks)",Roxette,Bag Of Trix (Music From The Roxette Vaults),https://music.youtube.com/watch?v=facGXUvIudE
"It Will Take A Long Long Time (Modern Rock Version, Have A Nice Day Outtake - Per Gessle Talks)",Roxette,Bag Of Trix (Music From The Roxette Vaults),https://music.youtube.com/watch?v=MZuvKJ1zpOw
Quisiera Volar (Wish I Could Fly) [1999 - Per Gessle Talks],Roxette,Bag Of Trix (Music From The Roxette Vaults),https://music.youtube.com/watch?v=weV8nQrA_Xc
The Centre Of The Heart (Is A Suburb To The Brain) [Have A Nice Day Outtake 1999 - Per Gessle Talks],Roxette,Bag Of Trix (Music From The Roxette Vaults),https://music.youtube.com/watch?v=KBAOrKvkOsM
I Was So Lucky (The Golden Blow) [Have A Nice Day Outtake 1999 - Per Gessle Talks],Roxette,Bag Of Trix (Music From The Roxette Vaults),https://music.youtube.com/watch?v=3PaXnFZulHE
Lo Siento (Salvation) [1999 - Per Gessle Talks],Roxette,Bag Of Trix (Music From The Roxette Vaults),https://music.youtube.com/watch?v=lbYxZYM94ec
Cooper (Closer To God) [Have A Nice Day Outtake 1999 - Per Gessle Talks],Roxette,Bag Of Trix (Music From The Roxette Vaults),https://music.youtube.com/watch?v=g7GZfyklnvA
Alguien (Anyone) [1999 - Per Gessle Talks],Roxette,Bag Of Trix (Music From The Roxette Vaults),https://music.youtube.com/watch?v=-0cwVNVnbOY
"Before You Go To Sleep (T&A Demo October 23, 1992 - Per Gessle Talks)",Roxette,Bag Of Trix (Music From The Roxette Vaults),https://music.youtube.com/watch?v=jZnDWlYTmQE
"You Don't Understand Me (T&A Demo July 30, 1995 - Per Gessle Talks)",Roxette,Bag Of Trix (Music From The Roxette Vaults),https://music.youtube.com/watch?v=-PYqPzwzip4
Pocketful Of Rain (Skinnarviksringen Demo February 1993 - Per Gessle Talks),Roxette,Bag Of Trix (Music From The Roxette Vaults),https://music.youtube.com/watch?v=JhAsC7hEBEw
Sleeping in My Car (The Stockholm Demo Version 1993 - Per Gessle Talks),Roxette,Bag Of Trix (Music From The Roxette Vaults),https://music.youtube.com/watch?v=W3Gb7Cfdw_M
Go To Sleep (Skinnarviksringen Demo February 1993 - Per Gessle Talks),Roxette,Bag Of Trix (Music From The Roxette Vaults),https://music.youtube.com/watch?v=lGX1Iy4WFnM
"It Hurts (T&A Demo August 3, 1995 - Per Gessle Talks)",Roxette,Bag Of Trix (Music From The Roxette Vaults),https://music.youtube.com/watch?v=h-o3Haq01qc
New World (Studio Vinden Demo 1996 - Per Gessle Talks),Roxette,Bag Of Trix (Music From The Roxette Vaults),https://music.youtube.com/watch?v=y1Dh4IFZ9l8
Waiting For The Rain (Studio Vinden Demo 1997 - Per Gessle Talks),Roxette,Bag Of Trix (Music From The Roxette Vaults),https://music.youtube.com/watch?v=NXNDNAEj95s
Always The Last To Know (Studio Vinden Demo 1998 - Per Gessle Talks),Roxette,Bag Of Trix (Music From The Roxette Vaults),https://music.youtube.com/watch?v=WY3fuMI4tNA
"Happy Together (T&A Demo July 1-2, 1998 - Per Gessle Talks)",Roxette,Bag Of Trix (Music From The Roxette Vaults),https://music.youtube.com/watch?v=hOy611P3SHM
Beautiful Boy (Studio Vinden Demo March 2000 - Per Gessle Talks),Roxette,Bag Of Trix (Music From The Roxette Vaults),https://music.youtube.com/watch?v=pzuwC4bZ2cQ
Every Day (Studio Vinden Demo March 2000 - Per Gessle Talks),Roxette,Bag Of Trix (Music From The Roxette Vaults),https://music.youtube.com/watch?v=jVkKOuU8gY8
Little Girl (Studio Vinden Demo March 2000 - Per Gessle Talks),Roxette,Bag Of Trix (Music From The Roxette Vaults),https://music.youtube.com/watch?v=9Gfw3Uwqb1g
"Wish I Could Fly (Live EMP Sky Church, Seattle October 7, 2000 - Per Gessle Talks)",Roxette,Bag Of Trix (Music From The Roxette Vaults),https://music.youtube.com/watch?v=UHrI6Pj_Ggo
"Goodbye To You (Montezuma Demo July 25-26, 1986 - Per Gessle Talks)",Roxette,Bag Of Trix (Music From The Roxette Vaults),https://music.youtube.com/watch?v=kGw3hAca7vA
"Joy Of A Toy (Montezuma Demo July 25-26, 1986 - Per Gessle Talks)",Roxette,Bag Of Trix (Music From The Roxette Vaults),https://music.youtube.com/watch?v=Nx73TcrroF0
"Jag älskar (Surrender) [Montezuma Demo July 25-26, 1986 - Per Gessle Talks]",Roxette,Bag Of Trix (Music From The Roxette Vaults),https://music.youtube.com/watch?v=MLe4giTLZNE
"Som i en dröm (So Far Away) [Montezuma Demo July 25-26, 1986 - Per Gessle Talks]",Roxette,Bag Of Trix (Music From The Roxette Vaults),https://music.youtube.com/watch?v=ausjeYHBbRE
"Cry (Live Norrköping December 16, 1988 - Per Gessle Talks)",Roxette,Bag Of Trix (Music From The Roxette Vaults),https://music.youtube.com/watch?v=AHkXOgYzolM
Real Sugar,Roxette,Room Service (Extended Version),https://music.youtube.com/watch?v=7TMV0BzbDoc
The Centre Of The Heart,Roxette,Room Service (Extended Version),https://music.youtube.com/watch?v=JttOvEpqem0
Milk and Toast and Honey,Roxette,Room Service (Extended Version),https://music.youtube.com/watch?v=nxWyAtA7-OY
Jefferson,Roxette,Room Service (Extended Version),https://music.youtube.com/watch?v=fTBgbj4YdEg
Little Girl,Roxette,Room Service (Extended Version),https://music.youtube.com/watch?v=nfz4tvOl4K0
Looking for Jane,Roxette,Room Service (Extended Version),https://music.youtube.com/watch?v=sWoB1h9lZ-Y
Bringing Me Down to My Knees,Roxette,Room Service (Extended Version),https://music.youtube.com/watch?v=26e-AeyYreM
Make My Head Go Pop,Roxette,Room Service (Extended Version),https://music.youtube.com/watch?v=MFEV09ujL1E
Try (Just a Little Bit Harder),Roxette,Room Service (Extended Version),https://music.youtube.com/watch?v=UKDgr1LEGjw
Fool,Roxette,Room Service (Extended Version),https://music.youtube.com/watch?v=b2tqgORKgFs
It Takes You No Time to Get Here,Roxette,Room Service (Extended Version),https://music.youtube.com/watch?v=XBaUoKeeLTs
My World My Love My Life,Roxette,Room Service (Extended Version),https://music.youtube.com/watch?v=Y8Jr-0nkUuI
Entering Your Heart,Roxette,Room Service (Extended Version),https://music.youtube.com/watch?v=GcyC37Iqyw0
The Weight of the World,Roxette,Room Service (Extended Version),https://music.youtube.com/watch?v=S39OBJHZPTw
Bla Bla Bla Bla Bla (You Broke My Heart),Roxette,Room Service (Extended Version),https://music.youtube.com/watch?v=opekwyUdTR4
Every Day,Roxette,Room Service (Extended Version),https://music.youtube.com/watch?v=QvyUJf1ARr0
"Bla Bla Bla Bla Bla (You Broke My Heart) [T&A Demo Jul 27, 1999]","Roxette, Per Gessle",Room Service (Extended Version),https://music.youtube.com/watch?v=xOGsRpvqdgY
All I Ever Wanted,Roxette,Room Service (Extended Version),https://music.youtube.com/watch?v=-BxpfVxvlRI
Stupid,Roxette,Room Service (Extended Version),https://music.youtube.com/watch?v=NmHLKqE2QW4
Why Dontcha?,Roxette,Good Karma,https://music.youtube.com/watch?v=ewQSHSwgrD0
It Just Happens,Roxette,Good Karma,https://music.youtube.com/watch?v=Yf0ehfmyz6A
Good Karma,Roxette,Good Karma,https://music.youtube.com/watch?v=SDaS831o1s0
This One,Roxette,Good Karma,https://music.youtube.com/watch?v=O7Dz23y2m-U
You Make It Sound so Simple,Roxette,Good Karma,https://music.youtube.com/watch?v=3Y8coqlPn3U
From a Distance,Roxette,Good Karma,https://music.youtube.com/watch?v=8gaLw8VmLRA
Some Other Summer,Roxette,Good Karma,https://music.youtube.com/watch?v=5HVA4avPNIk
Why Don't You Bring Me Flowers?,Roxette,Good Karma,https://music.youtube.com/watch?v=mC8AUSAi6Mg
You Can't Do This to Me Anymore,Roxette,Good Karma,https://music.youtube.com/watch?v=Z_3ljNmWCfw
20 BPM,Roxette,Good Karma,https://music.youtube.com/watch?v=vn6kTyfbGcA
April Clouds,Roxette,Good Karma,https://music.youtube.com/watch?v=CVNO2W_PYfw
Me & You & Terry & Julie,Roxette,Travelling,https://music.youtube.com/watch?v=CsXOoTHd0m0
Lover Lover Lover,Roxette,Travelling,https://music.youtube.com/watch?v=sGbFF1zA5BI
Turn of the Tide,Roxette,Travelling,https://music.youtube.com/watch?v=URW-dzCKcvk
Touched by the Hand of God,Roxette,Travelling,https://music.youtube.com/watch?v=mrNj4T9_HsE
Easy Way Out,Roxette,Travelling,https://music.youtube.com/watch?v=J7ncYk8fYFQ
It's Possible (Version One),Roxette,Travelling,https://music.youtube.com/watch?v=8odqs4ishF8
Perfect Excuse,Roxette,Travelling,https://music.youtube.com/watch?v=A3_OAqaYgqU
"Excuse Me, Sir, Do You Want Me to Check on Your Wife?",Roxette,Travelling,https://music.youtube.com/watch?v=dVv9yzgPZJI
Angel Passing,Roxette,Travelling,https://music.youtube.com/watch?v=ljSkEzKPbfo
"Stars (Live Soundcheck, Dubai, May 20 2011)",Roxette,Travelling,https://music.youtube.com/watch?v=Zq-USB8L_Gk
The Weight of the World (Vocal up Mix),Roxette,Travelling,https://music.youtube.com/watch?v=55fGUuUht8M
"She's Got Nothing On (But the Radio) [Live in Rio de Janeiro, April 16 2011]",Roxette,Travelling,https://music.youtube.com/watch?v=FBo4FBVds7Y
See Me (New Version),Roxette,Travelling,https://music.youtube.com/watch?v=rVeZI9Ga8Gk
It's Possible (Version Two),Roxette,Travelling,https://music.youtube.com/watch?v=-f0UJfd7jOY
"It Must Have Been Love (Live Night of the Proms, Rotterdam 2011)",Roxette,Travelling,https://music.youtube.com/watch?v=QSoB3nNlzH4
Way Out,Roxette,Charm School,https://music.youtube.com/watch?v=QSiG_d92QVk
No One Makes It on Her Own,Roxette,Charm School,https://music.youtube.com/watch?v=kZO1ieWhBDM
She's Got Nothing on (But the Radio),Roxette,Charm School,https://music.youtube.com/watch?v=f1N-Gf0Fbcg
Speak to Me,Roxette,Charm School,https://music.youtube.com/watch?v=Nzd2L5lc4tc
I'm Glad You Called,Roxette,Charm School,https://music.youtube.com/watch?v=LmKCQrORjuc
Only When I Dream,Roxette,Charm School,https://music.youtube.com/watch?v=xmpmOLBqbOI
Dream On,Roxette,Charm School,https://music.youtube.com/watch?v=erRgEm6lr38
Big Black Cadillac,Roxette,Charm School,https://music.youtube.com/watch?v=oe6F7OD7kTQ
In My Own Way,Roxette,Charm School,https://music.youtube.com/watch?v=n7Z93aJ2Naw
After All,Roxette,Charm School,https://music.youtube.com/watch?v=jTqJJZSY7sc
Happy on the Outside,Roxette,Charm School,https://music.youtube.com/watch?v=alhmjm4RwB0
Sitting on Top of the World,Roxette,Charm School,https://music.youtube.com/watch?v=OTE7dYc28AA
Crush On You,Roxette,Have A Nice day (Extended Version),https://music.youtube.com/watch?v=1tek8GvUnHg
Wish I Could Fly,Roxette,Have A Nice day (Extended Version),https://music.youtube.com/watch?v=RBswiNn23RU
You Can't Put Your Arms Around What's Already Gone,Roxette,Have A Nice day (Extended Version),https://music.youtube.com/watch?v=kmpHzImTe0w
Waiting For The Rain,Roxette,Have A Nice day (Extended Version),https://music.youtube.com/watch?v=1hIx1od-WSY
Anyone,Roxette,Have A Nice day (Extended Version),https://music.youtube.com/watch?v=Rw2LgJxwZHI
It Will Take A Long Long Time,Roxette,Have A Nice day (Extended Version),https://music.youtube.com/watch?v=5kAUdLm9ulE
7Twenty7,Roxette,Have A Nice day (Extended Version),https://music.youtube.com/watch?v=P8LPu7yEF3U
I Was So Lucky,Roxette,Have A Nice day (Extended Version),https://music.youtube.com/watch?v=lSZGoLKNvlo
Stars,Roxette,Have A Nice day (Extended Version),https://music.youtube.com/watch?v=uzZRdjXd2qw
Salvation,Roxette,Have A Nice day (Extended Version),https://music.youtube.com/watch?v=5pfNCsAxhcA
Pay The Price,Roxette,Have A Nice day (Extended Version),https://music.youtube.com/watch?v=76nn03eFJCw
Cooper,Roxette,Have A Nice day (Extended Version),https://music.youtube.com/watch?v=UVpd7CB0WY4
Staring At The Ground,Roxette,Have A Nice day (Extended Version),https://music.youtube.com/watch?v=pNf_md8q-iU
Beautiful Things,Roxette,Have A Nice day (Extended Version),https://music.youtube.com/watch?v=0hwv5IxWG24
It Hurts,Roxette,Have A Nice day (Extended Version),https://music.youtube.com/watch?v=HX2KOLrP5fc
Myth,Roxette,Have A Nice day (Extended Version),https://music.youtube.com/watch?v=cMvGaU17w1A
Makin' Love To You,Roxette,Have A Nice day (Extended Version),https://music.youtube.com/watch?v=9Sz7uBSKHE8
Crush On You,Roxette,Have A Nice Day (Spanish Version),https://music.youtube.com/watch?v=oDbDlTu_tok
Wish I Could Fly,Roxette,Have A Nice Day (Spanish Version),https://music.youtube.com/watch?v=RBswiNn23RU
You Can't Put Your Arms Around What's Already Gone,Roxette,Have A Nice Day (Spanish Version),https://music.youtube.com/watch?v=v2kMDR_Wo-M
Waiting For The Rain,Roxette,Have A Nice Day (Spanish Version),https://music.youtube.com/watch?v=cPEP2gMgO7Y
Anyone,Roxette,Have A Nice Day (Spanish Version),https://music.youtube.com/watch?v=Rw2LgJxwZHI
It Will Take A Long Long Time,Roxette,Have A Nice Day (Spanish Version),https://music.youtube.com/watch?v=9xMpgcuQBCw
7Twenty7,Roxette,Have A Nice Day (Spanish Version),https://music.youtube.com/watch?v=WRwG77JxFx8
I Was So Lucky,Roxette,Have A Nice Day (Spanish Version),https://music.youtube.com/watch?v=v7wHe64L6OY
Stars,Roxette,Have A Nice Day (Spanish Version),https://music.youtube.com/watch?v=uzZRdjXd2qw
Salvation,Roxette,Have A Nice Day (Spanish Version),https://music.youtube.com/watch?v=5pfNCsAxhcA
Pay The Price,Roxette,Have A Nice Day (Spanish Version),https://music.youtube.com/watch?v=kJ_TDllA2sE
Cooper,Roxette,Have A Nice Day (Spanish Version),https://music.youtube.com/watch?v=TdnBou9yyog
Staring At The Ground,Roxette,Have A Nice Day (Spanish Version),https://music.youtube.com/watch?v=Xw-0hsUbya4
Beautiful Things,Roxette,Have A Nice Day (Spanish Version),https://music.youtube.com/watch?v=XXvXPqfx48E
Quisera Volar (Wish I Could Fly),Roxette,Have A Nice Day (Spanish Version),https://music.youtube.com/watch?v=gGL3hJoLa0E
Alguien (Anyone),Roxette,Have A Nice Day (Spanish Version),https://music.youtube.com/watch?v=DpkgQ-dH2y0
Lo Siento (Salvation),Roxette,Have A Nice Day (Spanish Version),https://music.youtube.com/watch?v=TQDZiIyW2Ys
Un día sin tí (Spending My Time),Roxette,Baladas En Español,https://music.youtube.com/watch?v=MB7ZmnG3q3w
Crash! Boom! Bang! (Spanish Version),Roxette,Baladas En Español,https://music.youtube.com/watch?v=w3mpagRuuko
Directamente a Ti (Run to You),Roxette,Baladas En Español,https://music.youtube.com/watch?v=JsUcln6Ftl8
No Se Si Es Amor (It Must Have Been Love),Roxette,Baladas En Español,https://music.youtube.com/watch?v=mhIVfqn29lI
Cuanto Lo Siento (I'm Sorry),Roxette,Baladas En Español,https://music.youtube.com/watch?v=WJUKjtMj2rk
Timida (Vulnerable),Roxette,Baladas En Español,https://music.youtube.com/watch?v=KwCzktrnVDk
Habla El Corazón (Listen to Your Heart),Roxette,Baladas En Español,https://music.youtube.com/watch?v=GCo3AeOO9cM
Como La Lluvia En El Cristal (Watercolours in the Rain),Roxette,Baladas En Español,https://music.youtube.com/watch?v=INpqoFCAK70
Soy Una Mujer (Fading Like a Flower),Roxette,Baladas En Español,https://music.youtube.com/watch?v=HeeeXL_Qx1c
Queiro Ser Como Tú (I Don't Want to Get Hurt),Roxette,Baladas En Español,https://music.youtube.com/watch?v=2RLbZuEPimo
Una reina va detrás de un rey (Queen of Rain),Roxette,Baladas En Español,https://music.youtube.com/watch?v=wS2c7JHrJLw
El Dia Del Amor (Perfect Day),Roxette,Baladas En Español,https://music.youtube.com/watch?v=3mI-NnbK3b4
Fading Like A Rose (Everytime Remix),Roxette,Fading Like A Rose - EP,https://music.youtube.com/watch?v=IXMIGTYtHx0
Fading Like A Flower,"Roxette, Galantis",Fading Like A Rose - EP,https://music.youtube.com/watch?v=Mk4C9ynvXaI
Fading Like A Rose,Roxette,Fading Like A Rose - EP,https://music.youtube.com/watch?v=sQnBvMVlAa0
Listen To Your Heart (Alle Farben Remix),Roxette,Fading Like A Rose - EP,https://music.youtube.com/watch?v=ne78bVs9dbo
The Craziest Thing (Lost Boy Remix) [Official Song European Table Tennis Championship 2023],PG Roxette,The Craziest Thing (Lost Boy Remix) [Official Song European Table Tennis Championship 2023],https://music.youtube.com/watch?v=HyGtL8sQqsI
Just Perfect,PG Roxette,The Craziest Thing (Lost Boy Remix) [Official Song European Table Tennis Championship 2023],https://music.youtube.com/watch?v=nBZNHko8HTc
Incognito (feat. Helena Josefsson & Dea Norberg),PG Roxette,Incognito - EP,https://music.youtube.com/watch?v=x3VOGZEw8p4
Jelly Moon (feat. Helena Josefsson),PG Roxette,Incognito - EP,https://music.youtube.com/watch?v=FFoleym5b1U
When She Needed Me The Most,PG Roxette,Incognito - EP,https://music.youtube.com/watch?v=EIKWu8oODqg
Incognito (Lost Boy Remix) (feat. Helena Josefsson & Dea Norberg),PG Roxette,Incognito - EP,https://music.youtube.com/watch?v=hCLtNzuHAr0
Headphones On (Radio Edit) (feat. Helena Josefsson & Dea Norberg),PG Roxette,Headphones On,https://music.youtube.com/watch?v=lhEmMwLH5PA
Headphones On (feat. Helena Josefsson & Dea Norberg),PG Roxette,Headphones On,https://music.youtube.com/watch?v=lhEmMwLH5PA
Wish You The Best For Xmas (feat. Helena Josefsson),PG Roxette,Wish You The Best For Xmas,https://music.youtube.com/watch?v=19VvVnw6sJ4
Wishing On The Same Christmas Star (feat. Helena Josefsson),PG Roxette,Wish You The Best For Xmas,https://music.youtube.com/watch?v=KGZT6v4Zveo
Wish You The Best For Xmas (Instrumental),PG Roxette,Wish You The Best For Xmas,https://music.youtube.com/watch?v=_q1tYa-F-K8
Wishing On The Same Christmas Star (Instrumental),PG Roxette,Wish You The Best For Xmas,https://music.youtube.com/watch?v=_oofdFDHitg
My Chosen One (feat. Per Gessle),"PG Roxette, Roxette, LÉON",My Chosen One,https://music.youtube.com/watch?v=J_pFUF9peA0
Jezebel (Bridge & Mountain Remix) (feat. Helena Josefsson),"PG Roxette, Roxette, Per Gessle",My Chosen One,https://music.youtube.com/watch?v=qc0JdFC1VUk
Walking On Air (feat. Helena Josefsson),PG Roxette,Walking On Air,https://music.youtube.com/watch?v=rmDccuEy8HE
The Loneliest Girl In The World,PG Roxette,Walking On Air,https://music.youtube.com/watch?v=xOxU-OGTquM
Walking On Air (Bridge & Mountain Remix) (feat. Helena Josefsson),PG Roxette,Walking On Air,https://music.youtube.com/watch?v=4ZSxlWCrDmg
Necessary,PG Roxette,Walking On Air,https://music.youtube.com/watch?v=Z1Ahe5g_xf4
Sunflower (feat. Helena Josefsson),PG Roxette,Walking On Air,https://music.youtube.com/watch?v=Qw0E-zXk9jw
The Loneliest Girl In The World,PG Roxette,The Loneliest Girl In The World,https://music.youtube.com/watch?v=xOxU-OGTquM
Sunflower (feat. Helena Josefsson),PG Roxette,The Loneliest Girl In The World,https://music.youtube.com/watch?v=nS09ocpo2Ho
Fading Like A Flower,Roxette,Fading Like A Flower,https://music.youtube.com/watch?v=Mk4C9ynvXaI
"Small Talk (T&A Demo Aug 30, 1990)",Roxette,Small Talk (Joyride 30th Anniversary Edition),https://music.youtube.com/watch?v=rcJ4HOXcUzo
"Hotblooded (T&A Demo Jan 23, 1990)",Roxette,Small Talk (Joyride 30th Anniversary Edition),https://music.youtube.com/watch?v=8_jtTBZBvM0
titulo,artistas,album,url
Lullaby of Broadway,Rod Stewart,Swing Fever,https://music.youtube.com/watch?v=bhty9pYAH9E
Oh Marie,Rod Stewart,Swing Fever,https://music.youtube.com/watch?v=18DUpy8P-i4
Sentimental Journey,Rod Stewart,Swing Fever,https://music.youtube.com/watch?v=f6_xnsVVnHE
Pennies from Heaven,Rod Stewart,Swing Fever,https://music.youtube.com/watch?v=Vz8O32uoFks
Night Train,Rod Stewart,Swing Fever,https://music.youtube.com/watch?v=zrzJq_PeqX8
Love is the Sweetest Thing,Rod Stewart,Swing Fever,https://music.youtube.com/watch?v=FLnmSJcc3UI
Them There Eyes,Rod Stewart,Swing Fever,https://music.youtube.com/watch?v=Ks__4x7zilI
Good Rockin' Tonight,Rod Stewart,Swing Fever,https://music.youtube.com/watch?v=PecW9yELESc
Ain't Misbehavin',Rod Stewart,Swing Fever,https://music.youtube.com/watch?v=_01OaMNWl_Q
Frankie and Johnny,Rod Stewart,Swing Fever,https://music.youtube.com/watch?v=XOh8OlDtrV0
Walkin' My Baby Back Home,Rod Stewart,Swing Fever,https://music.youtube.com/watch?v=XgvEMGBAqow
Almost Like Being in Love,Rod Stewart,Swing Fever,https://music.youtube.com/watch?v=dEe1CZvvTuA
Tennessee Waltz,Rod Stewart,Swing Fever,https://music.youtube.com/watch?v=MxBBF4fpL5Y
One More Time,Rod Stewart,The Tears Of Hercules,https://music.youtube.com/watch?v=pLIu3ahDiy8
Gabriella,Rod Stewart,The Tears Of Hercules,https://music.youtube.com/watch?v=tzG8faWWvQM
All My Days,Rod Stewart,The Tears Of Hercules,https://music.youtube.com/watch?v=EMo7UQgRnxQ
Some Kind of Wonderful,Rod Stewart,The Tears Of Hercules,https://music.youtube.com/watch?v=voxyMbVC2hI
Born to Boogie (A Tribute To Marc Bolan),Rod Stewart,The Tears Of Hercules,https://music.youtube.com/watch?v=LeoTx13pmzs
Kookooaramabama,Rod Stewart,The Tears Of Hercules,https://music.youtube.com/watch?v=23C3bkLS6n4
I Can't Imagine,Rod Stewart,The Tears Of Hercules,https://music.youtube.com/watch?v=VyhWxp8dDl0
The Tears of Hercules,Rod Stewart,The Tears Of Hercules,https://music.youtube.com/watch?v=qXG8cLFAVZs
Hold On,Rod Stewart,The Tears Of Hercules,https://music.youtube.com/watch?v=FpIYt94zsVQ
Precious Memories,Rod Stewart,The Tears Of Hercules,https://music.youtube.com/watch?v=g1TJIbfxq-Y
These Are My People,Rod Stewart,The Tears Of Hercules,https://music.youtube.com/watch?v=b_FAuH5qo_Q
Touchline,Rod Stewart,The Tears Of Hercules,https://music.youtube.com/watch?v=D620voMJOrQ
Street Fighting Man,Rod Stewart,An Old Raincoat Won't Ever Let You Down,https://music.youtube.com/watch?v=gDF8dj7-n1c
Man Of Constant Sorrow,Rod Stewart,An Old Raincoat Won't Ever Let You Down,https://music.youtube.com/watch?v=KtAEub9o1B0
Blind Prayer,Rod Stewart,An Old Raincoat Won't Ever Let You Down,https://music.youtube.com/watch?v=vphMrLODJro
Handbags & Gladrags,Rod Stewart,An Old Raincoat Won't Ever Let You Down,https://music.youtube.com/watch?v=3iBaSiVxC8Q
An Old Raincoat Won't Ever Let You Down,Rod Stewart,An Old Raincoat Won't Ever Let You Down,https://music.youtube.com/watch?v=tJ0bFQixHdE
I Wouldn't Ever Change A Thing,Rod Stewart,An Old Raincoat Won't Ever Let You Down,https://music.youtube.com/watch?v=V9VGHOyuDoA
Cindy's Lament,Rod Stewart,An Old Raincoat Won't Ever Let You Down,https://music.youtube.com/watch?v=RmcpG7sLbek
Dirty Old Town,Rod Stewart,An Old Raincoat Won't Ever Let You Down,https://music.youtube.com/watch?v=HmvuRjxqJ2I
Maggie May (with The Royal Philharmonic Orchestra) (feat. The Royal Philharmonic Orchestra),Rod Stewart,You're In My Heart: Rod Stewart (with The Royal Philharmonic Orchestra) (feat. The Royal Philharmonic Orchestra),https://music.youtube.com/watch?v=l4kqsI-_73Q
Reason to Believe (with The Royal Philharmonic Orchestra) (feat. The Royal Philharmonic Orchestra),Rod Stewart,You're In My Heart: Rod Stewart (with The Royal Philharmonic Orchestra) (feat. The Royal Philharmonic Orchestra),https://music.youtube.com/watch?v=5yw4bL_PslA
Handbags and Gladrags (with The Royal Philharmonic Orchestra) (feat. The Royal Philharmonic Orchestra),Rod Stewart,You're In My Heart: Rod Stewart (with The Royal Philharmonic Orchestra) (feat. The Royal Philharmonic Orchestra),https://music.youtube.com/watch?v=jHFt4b9FQ4A
Sailing (with The Royal Philharmonic Orchestra) (feat. The Royal Philharmonic Orchestra),Rod Stewart,You're In My Heart: Rod Stewart (with The Royal Philharmonic Orchestra) (feat. The Royal Philharmonic Orchestra),https://music.youtube.com/watch?v=weqgFrL5Zsk
Tonight's the Night (Gonna Be Alright) [with The Royal Philharmonic Orchestra] (feat. The Royal Philharmonic Orchestra),Rod Stewart,You're In My Heart: Rod Stewart (with The Royal Philharmonic Orchestra) (feat. The Royal Philharmonic Orchestra),https://music.youtube.com/watch?v=C80hLnH9h8M
"The Killing of Georgie, Pts. I & II (with The Royal Philharmonic Orchestra) (feat. The Royal Philharmonic Orchestra)",Rod Stewart,You're In My Heart: Rod Stewart (with The Royal Philharmonic Orchestra) (feat. The Royal Philharmonic Orchestra),https://music.youtube.com/watch?v=pY4KWFlj62k
I Don't Want to Talk About It (with The Royal Philharmonic Orchestra) (feat. The Royal Philharmonic Orchestra),Rod Stewart,You're In My Heart: Rod Stewart (with The Royal Philharmonic Orchestra) (feat. The Royal Philharmonic Orchestra),https://music.youtube.com/watch?v=YlP1v8s688Q
The First Cut Is the Deepest (with The Royal Philharmonic Orchestra) (feat. The Royal Philharmonic Orchestra),Rod Stewart,You're In My Heart: Rod Stewart (with The Royal Philharmonic Orchestra) (feat. The Royal Philharmonic Orchestra),https://music.youtube.com/watch?v=XvQMAesDp4w
You're in My Heart (The Final Acclaim) [with The Royal Philharmonic Orchestra] (feat. The Royal Philharmonic Orchestra),Rod Stewart,You're In My Heart: Rod Stewart (with The Royal Philharmonic Orchestra) (feat. The Royal Philharmonic Orchestra),https://music.youtube.com/watch?v=nLNbh0RjBnk
I Was Only Joking (with The Royal Philharmonic Orchestra) (feat. The Royal Philharmonic Orchestra),Rod Stewart,You're In My Heart: Rod Stewart (with The Royal Philharmonic Orchestra) (feat. The Royal Philharmonic Orchestra),https://music.youtube.com/watch?v=XK4o8r4lH88
It Takes Two (with Robbie Williams) (feat. Robbie Williams),Rod Stewart,You're In My Heart: Rod Stewart (with The Royal Philharmonic Orchestra) (feat. The Royal Philharmonic Orchestra),https://music.youtube.com/watch?v=ozNY-fHdA_M
Stay With Me (with The Royal Philharmonic Orchestra) (feat. The Royal Philharmonic Orchestra),"Rod Stewart, Faces",You're In My Heart: Rod Stewart (with The Royal Philharmonic Orchestra) (feat. The Royal Philharmonic Orchestra),https://music.youtube.com/watch?v=A44G34XQcKM
Young Turks (with The Royal Philharmonic Orchestra) (feat. The Royal Philharmonic Orchestra),Rod Stewart,You're In My Heart: Rod Stewart (with The Royal Philharmonic Orchestra) (feat. The Royal Philharmonic Orchestra),https://music.youtube.com/watch?v=zQ41hqlV0Kk
What Am I Gonna Do (I'm So In Love With You) [with The Royal Philharmonic Orchestra] (feat. The Royal Philharmonic Orchestra),Rod Stewart,You're In My Heart: Rod Stewart (with The Royal Philharmonic Orchestra) (feat. The Royal Philharmonic Orchestra),https://music.youtube.com/watch?v=IIfpgcDzBAU
Every Beat of My Heart (with The Royal Philharmonic Orchestra) (feat. The Royal Philharmonic Orchestra),Rod Stewart,You're In My Heart: Rod Stewart (with The Royal Philharmonic Orchestra) (feat. The Royal Philharmonic Orchestra),https://music.youtube.com/watch?v=11aax8RC2yE
Forever Young (with The Royal Philharmonic Orchestra) (feat. The Royal Philharmonic Orchestra),Rod Stewart,You're In My Heart: Rod Stewart (with The Royal Philharmonic Orchestra) (feat. The Royal Philharmonic Orchestra),https://music.youtube.com/watch?v=RsSc4XV46KQ
Downtown Train (with The Royal Philharmonic Orchestra) (feat. The Royal Philharmonic Orchestra),Rod Stewart,You're In My Heart: Rod Stewart (with The Royal Philharmonic Orchestra) (feat. The Royal Philharmonic Orchestra),https://music.youtube.com/watch?v=xLNVARIw_s8
Rhythm of My Heart (with The Royal Philharmonic Orchestra) (feat. The Royal Philharmonic Orchestra),Rod Stewart,You're In My Heart: Rod Stewart (with The Royal Philharmonic Orchestra) (feat. The Royal Philharmonic Orchestra),https://music.youtube.com/watch?v=g4VWuvw7D1g
Have I Told You Lately (with The Royal Philharmonic Orchestra) (feat. The Royal Philharmonic Orchestra),Rod Stewart,You're In My Heart: Rod Stewart (with The Royal Philharmonic Orchestra) (feat. The Royal Philharmonic Orchestra),https://music.youtube.com/watch?v=cWOSi1oiONM
Tom Traubert's Blues (Waltzing Matilda) [with The Royal Philharmonic Orchestra] (feat. The Royal Philharmonic Orchestra),Rod Stewart,You're In My Heart: Rod Stewart (with The Royal Philharmonic Orchestra) (feat. The Royal Philharmonic Orchestra),https://music.youtube.com/watch?v=5FGDYUiwpPM
If We Fall In Love Tonight (with The Royal Philharmonic Orchestra) (feat. The Royal Philharmonic Orchestra),Rod Stewart,You're In My Heart: Rod Stewart (with The Royal Philharmonic Orchestra) (feat. The Royal Philharmonic Orchestra),https://music.youtube.com/watch?v=j-wa0BIwNYA
Stop Loving Her Today,Rod Stewart,You're In My Heart: Rod Stewart (with The Royal Philharmonic Orchestra) (feat. The Royal Philharmonic Orchestra),https://music.youtube.com/watch?v=xEm28KmT-P4
Look In Her Eyes,Rod Stewart,Blood Red Roses,https://music.youtube.com/watch?v=NXGtRiQkw7s
Hole In My Heart,Rod Stewart,Blood Red Roses,https://music.youtube.com/watch?v=zxW9-RE1TmQ
Farewell,Rod Stewart,Blood Red Roses,https://music.youtube.com/watch?v=Knjec8z0o30
Didn't I (feat. Bridget Cady),Rod Stewart,Blood Red Roses,https://music.youtube.com/watch?v=iTA8KFFhHpA
Blood Red Roses,Rod Stewart,Blood Red Roses,https://music.youtube.com/watch?v=u6te4Zsvkcs
Grace,Rod Stewart,Blood Red Roses,https://music.youtube.com/watch?v=IxIrmWfKJuQ
Give Me Love,Rod Stewart,Blood Red Roses,https://music.youtube.com/watch?v=B36OOHlUEqo
Rest Of My Life,Rod Stewart,Blood Red Roses,https://music.youtube.com/watch?v=aNkFK8cSPe0
Rollin' & Tumblin',Rod Stewart,Blood Red Roses,https://music.youtube.com/watch?v=C-3yHM96QDo
Julia,Rod Stewart,Blood Red Roses,https://music.youtube.com/watch?v=WmjJib3zPgE
Honey Gold,Rod Stewart,Blood Red Roses,https://music.youtube.com/watch?v=fCtriqnO1RA
Vegas Shuffle,Rod Stewart,Blood Red Roses,https://music.youtube.com/watch?v=XFVtijwXG08
Cold Old London (feat. Bridget Cady),Rod Stewart,Blood Red Roses,https://music.youtube.com/watch?v=6rROIA51VPQ
Moondance,Van Morrison,Acoustic Van Morrison & Rod Steward,https://music.youtube.com/watch?v=MWi-GmiA__o
Have I told You Lately,Van Morrison,Acoustic Van Morrison & Rod Steward,https://music.youtube.com/watch?v=_Jas72rV3dU
Crazy Love,Van Morrison,Acoustic Van Morrison & Rod Steward,https://music.youtube.com/watch?v=q26XF13ZRLs
Caravan,Van Morrison,Acoustic Van Morrison & Rod Steward,https://music.youtube.com/watch?v=TYzu4ENE_E8
Brown Eyed Girl,Van Morrison,Acoustic Van Morrison & Rod Steward,https://music.youtube.com/watch?v=dq6aPNULp44
Downtown Train,Rod Stewart,Acoustic Van Morrison & Rod Steward,https://music.youtube.com/watch?v=Bgz65udMOHA
Handbags and Gladrags,Rod Stewart,Acoustic Van Morrison & Rod Steward,https://music.youtube.com/watch?v=tleIySQ0zkA
Maggie May,Rod Stewart,Acoustic Van Morrison & Rod Steward,https://music.youtube.com/watch?v=oNIml8PN3fI
Reason To Believe,Rod Stewart,Acoustic Van Morrison & Rod Steward,https://music.youtube.com/watch?v=JhWvA1ylcl8
You Wear It Well,Rod Stewart,Acoustic Van Morrison & Rod Steward,https://music.youtube.com/watch?v=5F_cKPrP2w8
Love Is,Rod Stewart,Another Country,https://music.youtube.com/watch?v=L1uMA120Mhk
Please,Rod Stewart,Another Country,https://music.youtube.com/watch?v=y8AaYlWcy6I
Walking In The Sunshine,Rod Stewart,Another Country,https://music.youtube.com/watch?v=me6bIXQioQY
Love And Be Loved,Rod Stewart,Another Country,https://music.youtube.com/watch?v=tv9NeDw33mQ
We Can Win,Rod Stewart,Another Country,https://music.youtube.com/watch?v=Wq6j8XUcuU8
Another Country,Rod Stewart,Another Country,https://music.youtube.com/watch?v=JReryRBkxME
Way Back Home,Rod Stewart,Another Country,https://music.youtube.com/watch?v=7SAZXpRzwbA
Can We Stay Home Tonight?,Rod Stewart,Another Country,https://music.youtube.com/watch?v=YLMnyFShzw8
Batman Superman Spiderman,Rod Stewart,Another Country,https://music.youtube.com/watch?v=YV9nyjZiyd4
The Drinking Song,Rod Stewart,Another Country,https://music.youtube.com/watch?v=yMmFj_z-BuA
Hold The Line,Rod Stewart,Another Country,https://music.youtube.com/watch?v=spBilBPsX5Y
A Friend For Life,Rod Stewart,Another Country,https://music.youtube.com/watch?v=3KLwXYaZKJw
She Makes Me Happy,Rod Stewart,Time,https://music.youtube.com/watch?v=lUJpRSLQ2kg
Can't Stop Me Now,Rod Stewart,Time,https://music.youtube.com/watch?v=Hq-5juPpCFU
It's Over,Rod Stewart,Time,https://music.youtube.com/watch?v=MAE35c5WRXY
Brighton Beach,Rod Stewart,Time,https://music.youtube.com/watch?v=XdpLhUyw2jI
Beautiful Morning,Rod Stewart,Time,https://music.youtube.com/watch?v=Z3HsR1xsdEA
Live The Life,Rod Stewart,Time,https://music.youtube.com/watch?v=b1hTvUehlGQ
Finest Woman,Rod Stewart,Time,https://music.youtube.com/watch?v=m0LneFIfQJU
Time,Rod Stewart,Time,https://music.youtube.com/watch?v=TriwWNTKmJ0
Picture In A Frame,Rod Stewart,Time,https://music.youtube.com/watch?v=kUAJV1RSbT8
Sexual Religion,Rod Stewart,Time,https://music.youtube.com/watch?v=wjPSWDBwkTU
Make Love To Me Tonight,Rod Stewart,Time,https://music.youtube.com/watch?v=DLma54YvKzM
Pure Love,Rod Stewart,Time,https://music.youtube.com/watch?v=8fP8uPqvPyM
Have Yourself A Merry Little Christmas,Rod Stewart,"Merry Christmas, Baby",https://music.youtube.com/watch?v=1-7nf7WJclU
Santa Claus Is Coming To Town,Rod Stewart,"Merry Christmas, Baby",https://music.youtube.com/watch?v=LlkyHlieu5A
Winter Wonderland (feat. Michael Bublé),Rod Stewart,"Merry Christmas, Baby",https://music.youtube.com/watch?v=Cs62MpaU5pY
White Christmas,Rod Stewart,"Merry Christmas, Baby",https://music.youtube.com/watch?v=Ssdz_1U_eL8
"Merry Christmas, Baby (feat. Cee-Lo Green & Trombone Shorty)",Rod Stewart,"Merry Christmas, Baby",https://music.youtube.com/watch?v=JUJ1vot3CA8
Let It Snow! Let It Snow! Let It Snow! (feat. Dave Koz),Rod Stewart,"Merry Christmas, Baby",https://music.youtube.com/watch?v=c2BIP1HFAcE
What Are You Doing New Year's Eve? (feat. Ella Fitzgerald & Chris Botti),Rod Stewart,"Merry Christmas, Baby",https://music.youtube.com/watch?v=FhdgX9VrVg0
Blue Christmas,Rod Stewart,"Merry Christmas, Baby",https://music.youtube.com/watch?v=hOWAm5lyCmw
Red-Suited Super Man (feat. Trombone Shorty),Rod Stewart,"Merry Christmas, Baby",https://music.youtube.com/watch?v=5VbwkMZ0Jc4
When You Wish Upon A Star,Rod Stewart,"Merry Christmas, Baby",https://music.youtube.com/watch?v=_jWAAC9BJ30
We Three Kings (feat. Mary J. Blige),Rod Stewart,"Merry Christmas, Baby",https://music.youtube.com/watch?v=q5xCQzvBhW4
Silent Night,Rod Stewart,"Merry Christmas, Baby",https://music.youtube.com/watch?v=Qih27J7372k
Auld Lang Syne,Rod Stewart,"Merry Christmas, Baby",https://music.youtube.com/watch?v=aX7R9Mkso4g
That Old Black Magic,Rod Stewart,Fly Me To The Moon...The Great American Songbook Volume V,https://music.youtube.com/watch?v=nT2Dte7C1A0
Beyond The Sea,Rod Stewart,Fly Me To The Moon...The Great American Songbook Volume V,https://music.youtube.com/watch?v=sHfatkmvcz0
I've Got You Under My Skin,Rod Stewart,Fly Me To The Moon...The Great American Songbook Volume V,https://music.youtube.com/watch?v=3TK5CSBLKVI
What A Difference A Day Makes,Rod Stewart,Fly Me To The Moon...The Great American Songbook Volume V,https://music.youtube.com/watch?v=ZjqqMJvCou0
I Get A Kick Out Of You,Rod Stewart,Fly Me To The Moon...The Great American Songbook Volume V,https://music.youtube.com/watch?v=G5ZO_BOjsvk
I've Got The World On A String,Rod Stewart,Fly Me To The Moon...The Great American Songbook Volume V,https://music.youtube.com/watch?v=Afur9lYX76Y
Love Me Or Leave Me,Rod Stewart,Fly Me To The Moon...The Great American Songbook Volume V,https://music.youtube.com/watch?v=ijcp-toVWWg
My Foolish Heart,Rod Stewart,Fly Me To The Moon...The Great American Songbook Volume V,https://music.youtube.com/watch?v=QEWBDvwuzXY
September In The Rain,Rod Stewart,Fly Me To The Moon...The Great American Songbook Volume V,https://music.youtube.com/watch?v=dQius9pVc1Q
Fly Me To The Moon,Rod Stewart,Fly Me To The Moon...The Great American Songbook Volume V,https://music.youtube.com/watch?v=AwnPMkQdK5I
Sunny Side Of The Street,Rod Stewart,Fly Me To The Moon...The Great American Songbook Volume V,https://music.youtube.com/watch?v=SlN6PSk3U8s
Moon River,Rod Stewart,Fly Me To The Moon...The Great American Songbook Volume V,https://music.youtube.com/watch?v=KCQJY58PjKA
Santa Claus Is Coming To Town,Rod Stewart,Christmas Classics,https://music.youtube.com/watch?v=vLk2wWeOdKY
Winter Wonderland (feat. Michael Bublé),Rod Stewart,Christmas Classics,https://music.youtube.com/watch?v=onSD4YrYh_A
Have Yourself A Merry Little Christmas,Rod Stewart,Christmas Classics,https://music.youtube.com/watch?v=9CSBI5vCAEA
"Merry Christmas, Baby (feat. Cee-Lo Green & Trombone Shorty)",Rod Stewart,Christmas Classics,https://music.youtube.com/watch?v=JUJ1vot3CA8
Let It Snow! Let It Snow! Let It Snow! (feat. Dave Koz),Rod Stewart,Christmas Classics,https://music.youtube.com/watch?v=p1P2Skn2s_E
Auld Lang Syne,Rod Stewart,Christmas Classics,https://music.youtube.com/watch?v=Trn1RLpEIUM
Pennies from Heaven,Rod Stewart,Pennies from Heaven,https://music.youtube.com/watch?v=Vz8O32uoFks
Ain't Misbehavin',Rod Stewart,Ain't Misbehavin',https://music.youtube.com/watch?v=_01OaMNWl_Q
Almost Like Being in Love,Rod Stewart,Almost Like Being in Love,https://music.youtube.com/watch?v=dEe1CZvvTuA
I Can't Imagine,Rod Stewart,I Can't Imagine,https://music.youtube.com/watch?v=VyhWxp8dDl0
Hold On,Rod Stewart,Hold On,https://music.youtube.com/watch?v=FpIYt94zsVQ
One More Time,Rod Stewart,One More Time,https://music.youtube.com/watch?v=pLIu3ahDiy8
Stop Loving Her Today,Rod Stewart,Stop Loving Her Today,https://music.youtube.com/watch?v=xEm28KmT-P4
It Takes Two (with Robbie Williams) (feat. Robbie Williams),Rod Stewart,It Takes Two (with Robbie Williams) (feat. Robbie Williams),https://music.youtube.com/watch?v=ozNY-fHdA_M
Maggie May (with The Royal Philharmonic Orchestra) (feat. The Royal Philharmonic Orchestra),Rod Stewart,Maggie May (with The Royal Philharmonic Orchestra) (feat. The Royal Philharmonic Orchestra),https://music.youtube.com/watch?v=l4kqsI-_73Q
titulo,artistas,album,url
Take Your Time,Scatman John,Take Your Time,https://music.youtube.com/watch?v=hIPdkaWYOh8
Scatman's Dance,Scatman John,Take Your Time,https://music.youtube.com/watch?v=PKr93dwVfcA
Chickadee Song,Scatman John,Take Your Time,https://music.youtube.com/watch?v=Q2gGlCGW-Lw
Take Me Away,Scatman John,Take Your Time,https://music.youtube.com/watch?v=Nl4aH3nrvRk
Scat Me If You Can,Scatman John,Take Your Time,https://music.youtube.com/watch?v=8b4KcuzK_NA
I Love Samba,Scatman John,Take Your Time,https://music.youtube.com/watch?v=Zcx1PSk4Xtg
Sorry Seems To Be The Hardest Word,Scatman John,Take Your Time,https://music.youtube.com/watch?v=cWqqUacvjrk
Ichi Ni San....Go,Scatman John,Take Your Time,https://music.youtube.com/watch?v=14PjLte7YA0
Dream Again,Scatman John,Take Your Time,https://music.youtube.com/watch?v=5Uj6brn_dIk
Everyday,Scatman John,Take Your Time,https://music.youtube.com/watch?v=icWo3ftf0jU
Night Train,Scatman John,Take Your Time,https://music.youtube.com/watch?v=DArvvPGv9po
Scatmambo,Scatman John,Take Your Time,https://music.youtube.com/watch?v=fJmVW2klie8
Stop The Rain,Scatman John,Everybody Jam!,https://music.youtube.com/watch?v=DlnF_gEQouU
Everybody Jam!,Scatman John,Everybody Jam!,https://music.youtube.com/watch?v=0h1X5Mir85M
The Invisible Man,Scatman John,Everybody Jam!,https://music.youtube.com/watch?v=d-iJWNeATq0
Let It Go,Scatman John,Everybody Jam!,https://music.youtube.com/watch?v=bCI97y0UHR4
Message To You,Scatman John,Everybody Jam!,https://music.youtube.com/watch?v=mdd8dJnRdt0
(I Want To) Be Someone,Scatman John,Everybody Jam!,https://music.youtube.com/watch?v=82y4XIYue0c
Scatmusic,Scatman John,Everybody Jam!,https://music.youtube.com/watch?v=NSscRlJiD5s
Shut Your Mouth And Open Your Mind,Scatman John,Everybody Jam!,https://music.youtube.com/watch?v=9D1RFKony10
(We Got To Learn To) Live Together,Scatman John,Everybody Jam!,https://music.youtube.com/watch?v=OogPk6WfLN4
Ballad Of Love,Scatman John,Everybody Jam!,https://music.youtube.com/watch?v=-0ehawnSNog
People Of The Generation,Scatman John,Everybody Jam!,https://music.youtube.com/watch?v=aygaZ5eYdkM
Lebanon,Scatman John,Everybody Jam!,https://music.youtube.com/watch?v=j_fV8F1vTT0
U-turn,Scatman John,Everybody Jam!,https://music.youtube.com/watch?v=Qge8Jk5oXmw
Everybody Jam! (Club Jam),Scatman John,Everybody Jam!,https://music.youtube.com/watch?v=ZmhRCY7iacQ
Welcome To Scatland,Scatman John,Scatman's World,https://music.youtube.com/watch?v=Ese1C40rK9c
Scatman's World,Scatman John,Scatman's World,https://music.youtube.com/watch?v=02vDkMEdIkY
Only You,Scatman John,Scatman's World,https://music.youtube.com/watch?v=AU3Qx_ehp3I
Quiet Desperation,Scatman John,Scatman's World,https://music.youtube.com/watch?v=SEPBbZvu4Tw
Scatman (ski-ba-bop-ba-dop-bop),Scatman John,Scatman's World,https://music.youtube.com/watch?v=Hy8kmNEo1i8
Sing Now!,Scatman John,Scatman's World,https://music.youtube.com/watch?v=cvlf6BJGFSo
Popstar,Scatman John,Scatman's World,https://music.youtube.com/watch?v=WfIwmtJXB2U
Time (Take Your Time),Scatman John,Scatman's World,https://music.youtube.com/watch?v=VY3O2aGfzhs
Mambo Jambo,Scatman John,Scatman's World,https://music.youtube.com/watch?v=VTBp6AiRL6Y
Everything Changes,Scatman John,Scatman's World,https://music.youtube.com/watch?v=oJKPCll-chI
Song of Scatland,Scatman John,Scatman's World,https://music.youtube.com/watch?v=t1FQMTXQl8o
"Hi, Louis",Scatman John,Scatman's World,https://music.youtube.com/watch?v=AGAscrmkO88
Scatman (Game Over Jazz),Scatman John,Scatman's World,https://music.youtube.com/watch?v=roXYMRFn6Ws
Can You Hear Me,Scatman John,Can You Hear Me,https://music.youtube.com/watch?v=_nv1j_MnNmQ
Scatman & Hatman (DJ Skællig Clubmix),Scatman John,Scatman & Hatman (DJ Skællig Clubmix),https://music.youtube.com/watch?v=bV7_lOPvkac
Scatman & Hatman (The Editz Radio Mix),Scatman John,Scatman & Hatman (DJ Skællig Clubmix),https://music.youtube.com/watch?v=bV7_lOPvkac
Scatman & Hatman,Scatman John,Scatman & Hatman,https://music.youtube.com/watch?v=bV7_lOPvkac
Scatman (DJ Kadozer 2003 - Radio Edit),Scatman John,Ska-ba-bop-ba-dop-bop DJ Kadozer MIX,https://music.youtube.com/watch?v=jJuCPIz9POk
Scatman (DJ Kadozer 2003 Club Mix Short Version),Scatman John,Ska-ba-bop-ba-dop-bop DJ Kadozer MIX,https://music.youtube.com/watch?v=Ewd9sHt4jfc
Scatman (DJ Kadozer 2003 Club Mix),Scatman John,Ska-ba-bop-ba-dop-bop DJ Kadozer MIX,https://music.youtube.com/watch?v=-AjPt-QtIL0
Ichi Ni San….Go (Radio Edit),Scatman John,Ichi Ni San….Go,https://music.youtube.com/watch?v=TVk4oT0TZuk
Ichi Ni San….Go (Extended),Scatman John,Ichi Ni San….Go,https://music.youtube.com/watch?v=DZfdjAJLvUc
Ichi Ni San....Go,Scatman John,Ichi Ni San….Go,https://music.youtube.com/watch?v=aEYFEmfG5DY
Take Your Time,Scatman John,Take Your Time,https://music.youtube.com/watch?v=E4YHsdImqww
Take Your Time (Pierre J's Energy Radio Version),Scatman John,Take Your Time,https://music.youtube.com/watch?v=E9rxcQmanoc
Take Your Time (Original Extended Version),Scatman John,Take Your Time,https://music.youtube.com/watch?v=G372QaPSfU0
Take Your Time (Pierre J's Radio Edit),Scatman John,Take Your Time,https://music.youtube.com/watch?v=UZ64qoWQo8M
Take Your Time (Pierre J's Extended Version),Scatman John,Take Your Time,https://music.youtube.com/watch?v=Fto5Mn1Ch0U
Take Your Time (Pierre J's Energy Club Mix),Scatman John,Take Your Time,https://music.youtube.com/watch?v=PPrdbBFxHL4
Scatmambo (Commercial Radio Mix),Scatman John,Scatmambo (Patricia),https://music.youtube.com/watch?v=SyoORXMyVQQ
Scatmambo (Punching Radio Mix),Scatman John,Scatmambo (Patricia),https://music.youtube.com/watch?v=fJmVW2klie8
Scatmambo (Punching Dancehall Mix),Scatman John,Scatmambo (Patricia),https://music.youtube.com/watch?v=fJmVW2klie8
Scatmambo (Havanna Extended Mix),Scatman John,Scatmambo (Patricia),https://music.youtube.com/watch?v=wGY46cog9EU
Scatmambo (Latin Short Mix),Scatman John,Scatmambo (Patricia),https://music.youtube.com/watch?v=S31EqoCBkW0
Everybody Jam! (Single Jam),Scatman John,Everybody Jam!,https://music.youtube.com/watch?v=0h1X5Mir85M
Everybody Jam! (Maxi Jam),Scatman John,Everybody Jam!,https://music.youtube.com/watch?v=0h1X5Mir85M
Everybody Jam! (Club Jam),Scatman John,Everybody Jam!,https://music.youtube.com/watch?v=s-1RYsl-GTo
Scatmusic,Scatman John,Everybody Jam!,https://music.youtube.com/watch?v=gbnyy5VDqp0
Popstar,Scatman John,Popstar,https://music.youtube.com/watch?v=WfIwmtJXB2U
Let It Go (Go For Radio),Scatman John,Let It Go,https://music.youtube.com/watch?v=vgkcgy4VgY4
Let It Go (Go For More),Scatman John,Let It Go,https://music.youtube.com/watch?v=l344RQn0kRk
Let It Go (Go For Club),Scatman John,Let It Go,https://music.youtube.com/watch?v=f3xco7LchnU
Message To You,Scatman John,Let It Go,https://music.youtube.com/watch?v=5kYt7OtFk9E
titulo,artistas,album,url
Gas In The Tank,Scorpions,Rock Believer (Deluxe),https://music.youtube.com/watch?v=uJZxT9pP6d4
Roots In My Boots,Scorpions,Rock Believer (Deluxe),https://music.youtube.com/watch?v=qTCbfzCswV8
Knock 'em Dead,Scorpions,Rock Believer (Deluxe),https://music.youtube.com/watch?v=RWzU3dIP69Q
Rock Believer,Scorpions,Rock Believer (Deluxe),https://music.youtube.com/watch?v=TllvFtkXMBE
Shining Of Your Soul,Scorpions,Rock Believer (Deluxe),https://music.youtube.com/watch?v=6E9-Bcs57Lc
Seventh Sun,Scorpions,Rock Believer (Deluxe),https://music.youtube.com/watch?v=6MUY50Z5SDk
Hot And Cold,Scorpions,Rock Believer (Deluxe),https://music.youtube.com/watch?v=J_tqoVdFY1w
When I Lay My Bones To Rest,Scorpions,Rock Believer (Deluxe),https://music.youtube.com/watch?v=CRYSUIeJ0oY
Peacemaker,Scorpions,Rock Believer (Deluxe),https://music.youtube.com/watch?v=fUWcVNLNvrs
Call Of The Wild,Scorpions,Rock Believer (Deluxe),https://music.youtube.com/watch?v=Pv7nShrnhYE
When You Know (Where You Come From),Scorpions,Rock Believer (Deluxe),https://music.youtube.com/watch?v=syNDdIfKbkw
Shoot For Your Heart,Scorpions,Rock Believer (Deluxe),https://music.youtube.com/watch?v=_Y3f89Ml7WA
When Tomorrow Comes,Scorpions,Rock Believer (Deluxe),https://music.youtube.com/watch?v=dmxbVGRL-ug
Unleash The Beast,Scorpions,Rock Believer (Deluxe),https://music.youtube.com/watch?v=nsI97u45P3Q
Crossing Borders,Scorpions,Rock Believer (Deluxe),https://music.youtube.com/watch?v=_NQaoz-1nf8
When You Know (Where You Come From) (Acoustic Version),Scorpions,Rock Believer (Deluxe),https://music.youtube.com/watch?v=Qc5oJAbKYsM
Going out with a Bang,Scorpions,Return to Forever,https://music.youtube.com/watch?v=1ZqePvl-w9M
We Built This House,Scorpions,Return to Forever,https://music.youtube.com/watch?v=ZgbmDMNu42s
Rock My Car,Scorpions,Return to Forever,https://music.youtube.com/watch?v=zGZ24eEwLAY
House of Cards,Scorpions,Return to Forever,https://music.youtube.com/watch?v=_VwFue8jg_o
All for One,Scorpions,Return to Forever,https://music.youtube.com/watch?v=ErAHh8Ddo_E
Rock 'n' Roll Band,Scorpions,Return to Forever,https://music.youtube.com/watch?v=lWJ01zfQD0w
Catch Your Luck and Play,Scorpions,Return to Forever,https://music.youtube.com/watch?v=rTe-6BJy2vQ
Rollin' Home,Scorpions,Return to Forever,https://music.youtube.com/watch?v=g3DrQCMwmtc
Hard Rockin' the Place,Scorpions,Return to Forever,https://music.youtube.com/watch?v=lD7RbqVG9F4
Eye of the Storm,Scorpions,Return to Forever,https://music.youtube.com/watch?v=8M-FfwBAVFo
The Scratch,Scorpions,Return to Forever,https://music.youtube.com/watch?v=2ldTA_Q-iC4
Gypsy Life,Scorpions,Return to Forever,https://music.youtube.com/watch?v=jFxVGkz7PPQ
He's a Woman - She's a Man,Scorpions,TAKEOFF HOT & HEAVY,https://music.youtube.com/watch?v=None
I've Got to Be Free,Scorpions,TAKEOFF HOT & HEAVY,https://music.youtube.com/watch?v=None
Speedy's Coming,Scorpions,TAKEOFF HOT & HEAVY,https://music.youtube.com/watch?v=None
Catch Your Train,Scorpions,TAKEOFF HOT & HEAVY,https://music.youtube.com/watch?v=None
Dark Lady,Scorpions,TAKEOFF HOT & HEAVY,https://music.youtube.com/watch?v=None
Far Away,Scorpions,TAKEOFF HOT & HEAVY,https://music.youtube.com/watch?v=None
Steamrock Fever,Scorpions,TAKEOFF HOT & HEAVY,https://music.youtube.com/watch?v=None
The Riot Of Our Time,Scorpions,TAKEOFF HOT & HEAVY,https://music.youtube.com/watch?v=8oESFvqpmuk
Robot Man,Scorpions,TAKEOFF HOT & HEAVY,https://music.youtube.com/watch?v=None
Polar Nights,Scorpions,TAKEOFF HOT & HEAVY,https://music.youtube.com/watch?v=None
Raised On Rock,Scorpions,Sting In The Tail,https://music.youtube.com/watch?v=mTefL-OuFMI
Sting In The Tail,Scorpions,Sting In The Tail,https://music.youtube.com/watch?v=hZfQ-RWuMjs
Slave Me,Scorpions,Sting In The Tail,https://music.youtube.com/watch?v=HRKUDokk8hg
The Good Die Young,Scorpions,Sting In The Tail,https://music.youtube.com/watch?v=R6TaB-PmTT0
No Limit,Scorpions,Sting In The Tail,https://music.youtube.com/watch?v=MGxfo1YlS68
Rock Zone,Scorpions,Sting In The Tail,https://music.youtube.com/watch?v=mkfuDQv8CN4
Lorelei,Scorpions,Sting In The Tail,https://music.youtube.com/watch?v=bVa3roKGaeI
Turn You On,Scorpions,Sting In The Tail,https://music.youtube.com/watch?v=NaRDb-G8PMU
Let's Rock!,Scorpions,Sting In The Tail,https://music.youtube.com/watch?v=IheSJ-wyuks
Sly,Scorpions,Sting In The Tail,https://music.youtube.com/watch?v=0pTaIJGLc98
Spirit Of Rock,Scorpions,Sting In The Tail,https://music.youtube.com/watch?v=VmLYI_u77_A
The Best Is Yet To Come,Scorpions,Sting In The Tail,https://music.youtube.com/watch?v=227Yisw50_8
Hour I,Scorpions,Humanity - Hour I,https://music.youtube.com/watch?v=hFPM16lglFQ
The Game of Life,Scorpions,Humanity - Hour I,https://music.youtube.com/watch?v=hYWh9R51uj8
We Were Born to Fly,Scorpions,Humanity - Hour I,https://music.youtube.com/watch?v=Ifz8PSJ1vR4
The Future Never Dies,Scorpions,Humanity - Hour I,https://music.youtube.com/watch?v=96SXepeXzCI
You're Lovin' Me to Death,Scorpions,Humanity - Hour I,https://music.youtube.com/watch?v=qrevrNHLNEs
321,Scorpions,Humanity - Hour I,https://music.youtube.com/watch?v=_yJn-jwLyjw
Love Will Keep Us Alive,Scorpions,Humanity - Hour I,https://music.youtube.com/watch?v=QDgADEU3bvU
We Will Rise Again,Scorpions,Humanity - Hour I,https://music.youtube.com/watch?v=GIZK0JyFOSw
Your Last Song,Scorpions,Humanity - Hour I,https://music.youtube.com/watch?v=VrdbfR3uAdI
Love Is War,Scorpions,Humanity - Hour I,https://music.youtube.com/watch?v=u0Ks0K0Wy88
The Cross,Scorpions,Humanity - Hour I,https://music.youtube.com/watch?v=_q3qcwgm_9g
Humanity,Scorpions,Humanity - Hour I,https://music.youtube.com/watch?v=0755SXCTCN0
New Generation,Scorpions,Unbreakable,https://music.youtube.com/watch?v=owxQ8xvh6kE
Love 'em or Leave 'em,Scorpions,Unbreakable,https://music.youtube.com/watch?v=RHEVXALCClA
Deep and Dark,Scorpions,Unbreakable,https://music.youtube.com/watch?v=J06LntssS6k
Borderline,Scorpions,Unbreakable,https://music.youtube.com/watch?v=OjIC-3tNFhc
Blood Too Hot,Scorpions,Unbreakable,https://music.youtube.com/watch?v=ssaPRv-u_fQ
Maybe I Maybe You,Scorpions,Unbreakable,https://music.youtube.com/watch?v=YDjZb1LvHjY
Someday Is Now,Scorpions,Unbreakable,https://music.youtube.com/watch?v=YaGXdnd3cXk
My City My Town,Scorpions,Unbreakable,https://music.youtube.com/watch?v=4T24qd3G9r0
Through My Eyes,Scorpions,Unbreakable,https://music.youtube.com/watch?v=tmhNzFAWZ8M
Can You Feel It,Scorpions,Unbreakable,https://music.youtube.com/watch?v=ZWEXBzKElns
This Time,Scorpions,Unbreakable,https://music.youtube.com/watch?v=SNyfws9PqOE
She Said,Scorpions,Unbreakable,https://music.youtube.com/watch?v=RYeUwchReeg
Remember the Good Times (Retro Garage Mix),Scorpions,Unbreakable,https://music.youtube.com/watch?v=Mtr8ZaS37Xw
Alien Nation,Scorpions,Face The Heat,https://music.youtube.com/watch?v=Xg6iQxpdgLI
No Pain No Gain,Scorpions,Face The Heat,https://music.youtube.com/watch?v=TiPP2IvJynY
Someone To Touch,Scorpions,Face The Heat,https://music.youtube.com/watch?v=zOewcv6Fu6Y
Under The Same Sun,Scorpions,Face The Heat,https://music.youtube.com/watch?v=MwyXnft6ZVk
Unholy Alliance,Scorpions,Face The Heat,https://music.youtube.com/watch?v=G5BeavTpEe0
Woman,Scorpions,Face The Heat,https://music.youtube.com/watch?v=fKqxB5w4ukg
Hate To Be Nice,Scorpions,Face The Heat,https://music.youtube.com/watch?v=ZkdbKGPir5I
Taxman Woman,Scorpions,Face The Heat,https://music.youtube.com/watch?v=V6yBCPCanQA
Ship Of Fools,Scorpions,Face The Heat,https://music.youtube.com/watch?v=VOqp8s8cPwY
Nightmare Avenue,Scorpions,Face The Heat,https://music.youtube.com/watch?v=vU64EePta6Y
Lonely Nights,Scorpions,Face The Heat,https://music.youtube.com/watch?v=s8SBZdY8hYM
Tease Me Please Me,Scorpions,Crazy World,https://music.youtube.com/watch?v=wENdZneWDYs
Don't Believe Her,Scorpions,Crazy World,https://music.youtube.com/watch?v=DxtbSYnBZB4
To Be With You In Heaven,Scorpions,Crazy World,https://music.youtube.com/watch?v=IbBBJhZiisU
Wind Of Change,Scorpions,Crazy World,https://music.youtube.com/watch?v=n4RjJKxsamQ
Restless Nights,Scorpions,Crazy World,https://music.youtube.com/watch?v=8oUxH3Y_Avg
Lust Or Love,Scorpions,Crazy World,https://music.youtube.com/watch?v=GRsPEeo2Gcg
Kicks After Six,Scorpions,Crazy World,https://music.youtube.com/watch?v=mtK6g3RD1ek
Hit Between The Eyes,Scorpions,Crazy World,https://music.youtube.com/watch?v=pHebCias_DY
Money And Fame,Scorpions,Crazy World,https://music.youtube.com/watch?v=jLanNm58n80
Crazy World,Scorpions,Crazy World,https://music.youtube.com/watch?v=A7dXtHJgI_s
Send Me An Angel,Scorpions,Crazy World,https://music.youtube.com/watch?v=1UUYjd2rjsE
Don't Stop At The Top,Scorpions,Savage Amusement,https://music.youtube.com/watch?v=d_vnegn60vY
Rhythm Of Love,Scorpions,Savage Amusement,https://music.youtube.com/watch?v=vFAf_29KYTs
Passion Rules The Game,Scorpions,Savage Amusement,https://music.youtube.com/watch?v=XGm6oSPFnXo
Media Overkill,Scorpions,Savage Amusement,https://music.youtube.com/watch?v=Uhw76_P5WbE
Walking On The Edge,Scorpions,Savage Amusement,https://music.youtube.com/watch?v=EdIrYUmmbQA
We Let It Rock . . . You Let It Roll,Scorpions,Savage Amusement,https://music.youtube.com/watch?v=dv4kitGcTH0
Every Minute Every Day,Scorpions,Savage Amusement,https://music.youtube.com/watch?v=byc5_K3hDMc
Love On The Run,Scorpions,Savage Amusement,https://music.youtube.com/watch?v=XMefMkijjVk
Believe In Love,Scorpions,Savage Amusement,https://music.youtube.com/watch?v=FQSZWAStqcY
Bad Boys Running Wild,Scorpions,Love At First Sting,https://music.youtube.com/watch?v=lsEZRqBzuhw
Rock You Like A Hurricane,Scorpions,Love At First Sting,https://music.youtube.com/watch?v=6yP1tcy9a10
I'm Leaving You,Scorpions,Love At First Sting,https://music.youtube.com/watch?v=Bg0Eg8NGxro
Coming Home,Scorpions,Love At First Sting,https://music.youtube.com/watch?v=a9V7R7WoNys
The Same Thrill,Scorpions,Love At First Sting,https://music.youtube.com/watch?v=0DvkPR07SeQ
Big City Nights,Scorpions,Love At First Sting,https://music.youtube.com/watch?v=-Q0Rq5DFdnE
As Soon As The Good Times Roll,Scorpions,Love At First Sting,https://music.youtube.com/watch?v=1in140CAkYU
Crossfire,Scorpions,Love At First Sting,https://music.youtube.com/watch?v=Qj39T2nhWIU
Still Loving You,Scorpions,Love At First Sting,https://music.youtube.com/watch?v=7pOr3dBFAeY
Blackout (Coming Home Live),Scorpions,Blackout (Coming Home Live),https://music.youtube.com/watch?v=idMqrYW9czU
Hammersmith (UK Bonus Track),Scorpions,Hammersmith (UK Bonus Track),https://music.youtube.com/watch?v=pWd4sAhGtgY
The Language Of My Heart (France Bonus Track),Scorpions,The Language Of My Heart (France Bonus Track),https://music.youtube.com/watch?v=HqoCiVPhMKQ
Out Go The Lights (Japan Bonus Track),Scorpions,Out Go The Lights (Japan Bonus Track),https://music.youtube.com/watch?v=kBdU2Xp_ewU
Shining Of Your Soul,Scorpions,Shining Of Your Soul,https://music.youtube.com/watch?v=6E9-Bcs57Lc
Seventh Sun,Scorpions,Seventh Sun,https://music.youtube.com/watch?v=6MUY50Z5SDk
Rock Believer,Scorpions,Rock Believer,https://music.youtube.com/watch?v=TllvFtkXMBE
Peacemaker,Scorpions,Peacemaker,https://music.youtube.com/watch?v=fUWcVNLNvrs
Sign Of Hope,Scorpions,Sign Of Hope,https://music.youtube.com/watch?v=C_G8d2n4yFg
Follow Your Heart,Scorpions,Follow Your Heart,https://music.youtube.com/watch?v=tMui4IVW0BM
titulo,artistas,album,url
Green Grass Grows (Earth Follows),SNAP!,Welcome to Tomorrow,https://music.youtube.com/watch?v=BsXmtPMP4QM
It's a Miracle (People Need to Love One Another),SNAP!,Welcome to Tomorrow,https://music.youtube.com/watch?v=_k7nRTtv5GU
Rame (Beloved) (feat. Rukmani),SNAP!,Welcome to Tomorrow,https://music.youtube.com/watch?v=hMFL1ilcGlU
Dream on the Moon,SNAP!,Welcome to Tomorrow,https://music.youtube.com/watch?v=8wyLEm4BCkY
Welcome to Tomorrow (Are You Ready),SNAP!,Welcome to Tomorrow,https://music.youtube.com/watch?v=sOTQsdwEdk8
The World in My Hands (We Are One),SNAP!,Welcome to Tomorrow,https://music.youtube.com/watch?v=-CurQiFC-1E
The First the Last Eternity (Till the End),SNAP!,Welcome to Tomorrow,https://music.youtube.com/watch?v=Xe_0zKVVGQw
Waves,SNAP!,Welcome to Tomorrow,https://music.youtube.com/watch?v=z_VAatdo7NA
"Where Are the Boys, Where Are the Girls?",SNAP!,Welcome to Tomorrow,https://music.youtube.com/watch?v=FCuXK41kyTA
It's Not Over,SNAP!,Welcome to Tomorrow,https://music.youtube.com/watch?v=g9RJlTBeROc
Madman's Return,SNAP!,The Madman's Return,https://music.youtube.com/watch?v=0td0Yxv_7YM
Colour of Love (Massive Version),SNAP!,The Madman's Return,https://music.youtube.com/watch?v=IG23RPETXsg
Believe in It,SNAP!,The Madman's Return,https://music.youtube.com/watch?v=wKgNGz08Tfg
Who Stole It?,SNAP!,The Madman's Return,https://music.youtube.com/watch?v=WhyOHn9ihtE
Don't Be Shy,SNAP!,The Madman's Return,https://music.youtube.com/watch?v=2-svwhZC1is
Rhythm Is a Dancer,SNAP!,The Madman's Return,https://music.youtube.com/watch?v=JYIaWeVL1JM
Money,SNAP!,The Madman's Return,https://music.youtube.com/watch?v=oRuu3CdyB_o
See the Light,SNAP!,The Madman's Return,https://music.youtube.com/watch?v=-KVzwOf3Ugo
"Rhythm Is a Dancer (7"" Edit)",SNAP!,The Madman's Return,https://music.youtube.com/watch?v=JYIaWeVL1JM
Exterminate (Endzeit 7) (feat. Niki Haris),SNAP!,The Madman's Return,https://music.youtube.com/watch?v=rDV-XeNh3PQ
Ex-Terminator,SNAP!,The Madman's Return,https://music.youtube.com/watch?v=xhEZC7vDUMA
Keep It Up,SNAP!,The Madman's Return,https://music.youtube.com/watch?v=zkyOCZdcuow
Homeboyz,SNAP!,The Madman's Return,https://music.youtube.com/watch?v=uInky1B29GI
Sample City V 2.01,SNAP!,The Madman's Return,https://music.youtube.com/watch?v=CmMumICYtHs
The Power,SNAP!,World Power,https://music.youtube.com/watch?v=nm6DO_7px1I
Ooops Up,SNAP!,World Power,https://music.youtube.com/watch?v=O_C8-5L989k
Cult of SNAP!,SNAP!,World Power,https://music.youtube.com/watch?v=Emd5K8Sphu4
Believe the Hype,SNAP!,World Power,https://music.youtube.com/watch?v=ohhXbbtO43M
I'm Gonna Get You (To Whom It May Concern),SNAP!,World Power,https://music.youtube.com/watch?v=8QAZH4nlcME
Witness the Strength,SNAP!,World Power,https://music.youtube.com/watch?v=lj_wr2lmUZk
Mary Had a Little Boy,SNAP!,World Power,https://music.youtube.com/watch?v=cDQ1wZYTg9s
Blasé Blasé,SNAP!,World Power,https://music.youtube.com/watch?v=8DUdkqnWfKY
Only Human,SNAP!,World Power,https://music.youtube.com/watch?v=2wnvE9eBw9I
The Power (Jungle Fever Mix),SNAP!,World Power,https://music.youtube.com/watch?v=-5plkY0amMM
The Power '96 (e=mc2 12'' Version) (feat. Einstein),SNAP!,"Attack - The Remixes, Vol. 1",https://music.youtube.com/watch?v=_XvJ7ujIjTU
Exterminate (U.U. Intro) (feat. Niki Haris),SNAP!,"Attack - The Remixes, Vol. 1",https://music.youtube.com/watch?v=S-UxG0gtZ2A
Exterminate (OSC 2 Mix) (feat. Niki Haris),SNAP!,"Attack - The Remixes, Vol. 1",https://music.youtube.com/watch?v=oE7XZ3arjQ8
Rhythm Is a Dancer (Roll On) (Roll On),SNAP!,"Attack - The Remixes, Vol. 1",https://music.youtube.com/watch?v=HzqANEYhBoo
Ooops Up (Live at the Royal Albert Hall),SNAP!,"Attack - The Remixes, Vol. 1",https://music.youtube.com/watch?v=IrhyRN8Quv4
The Colour of Love (Boilerhouse Club Mix),SNAP!,"Attack - The Remixes, Vol. 1",https://music.youtube.com/watch?v=pwF6Cs_2-ys
Do You See the Light? (Looking For) (Dance 2 Trance Mix) (feat. Niki Haris),SNAP!,"Attack - The Remixes, Vol. 1",https://music.youtube.com/watch?v=vPD31NSPIHE
Rame (Beloved) (Slomo Version) (feat. Rukmani),SNAP!,"Attack - The Remixes, Vol. 1",https://music.youtube.com/watch?v=ah7ZEW_OHck
Mary Had a Little Boy (Maestro Mix),SNAP!,"Attack - The Remixes, Vol. 1",https://music.youtube.com/watch?v=1dx8m4zAK4E
The First the Last Eternity (Till the End) (GDC Mix) (feat. Summer),SNAP!,"Attack - The Remixes, Vol. 1",https://music.youtube.com/watch?v=eeBKf_5Vzj0
The Power (Dub Edit),SNAP!,"Attack - The Remixes, Vol. 2",https://music.youtube.com/watch?v=dok3Nxp2o4I
Welcome to Tomorrow (Are You Ready) (v.1.0.2) (feat. Summer),SNAP!,"Attack - The Remixes, Vol. 2",https://music.youtube.com/watch?v=A_gRjzv6-FE
The First the Last Eternity (Till the End) (Lieb Mix) (feat. Summer),SNAP!,"Attack - The Remixes, Vol. 2",https://music.youtube.com/watch?v=fECdKaiqA40
The Colour of Love (Smoove Version),SNAP!,"Attack - The Remixes, Vol. 2",https://music.youtube.com/watch?v=XC1Sau39TUs
Cult of SNAP! (Ballroom Mix),SNAP!,"Attack - The Remixes, Vol. 2",https://music.youtube.com/watch?v=_dWHLa84o_o
Rhythm Is a Dancer (12'' Version),SNAP!,"Attack - The Remixes, Vol. 2",https://music.youtube.com/watch?v=JYIaWeVL1JM
World in My Dub,SNAP!,"Attack - The Remixes, Vol. 2",https://music.youtube.com/watch?v=WV80rcJcCvw
Ooops Up (Stonehouse Mix),SNAP!,"Attack - The Remixes, Vol. 2",https://music.youtube.com/watch?v=XLKwlpb-vEo
Do You See the Light? (Looking For) (Deep Ethno Mix) (feat. Niki Haris),SNAP!,"Attack - The Remixes, Vol. 2",https://music.youtube.com/watch?v=NwUW4Fbyenk
Exterminate (D.G. Mix) (feat. Niki Haris),SNAP!,"Attack - The Remixes, Vol. 2",https://music.youtube.com/watch?v=JsCcMmd7wrA
The Power of Bhangra (SNAP! vs. Motivo),SNAP!,Cult of SNAP! (1990-2003),https://music.youtube.com/watch?v=lSFIk8B_UMI
Ooops Up (SNAP! vs. DJ Tomekk) (feat. NG3),SNAP!,Cult of SNAP! (1990-2003),https://music.youtube.com/watch?v=wh9MV4fixaY
Mary Had a Little Boy (SNAP! vs. Milky & 2NF),SNAP!,Cult of SNAP! (1990-2003),https://music.youtube.com/watch?v=bXkMhMJA0F0
The World in My Hands (We Are One) (SNAP! vs. Fu-Tourist),SNAP!,Cult of SNAP! (1990-2003),https://music.youtube.com/watch?v=7GIZhzKyXjA
Exterminate (SNAP! vs. Naidoo) (feat. Niki Harris & Niki Haris),SNAP! & Xavier Naidoo,Cult of SNAP! (1990-2003),https://music.youtube.com/watch?v=gvEOzn-n2hw
Colour of Love (SNAP! vs. Chris Zippel) (feat. Youssou N'Dour),SNAP!,Cult of SNAP! (1990-2003),https://music.youtube.com/watch?v=12TTH3bDs7Y
Cult of SNAP! (SNAP! vs. Roy Malone),SNAP! & Roy Malone,Cult of SNAP! (1990-2003),https://music.youtube.com/watch?v=ouH7MfArjZw
Rhythm Is a Dancer 2003 (SNAP! vs. CJ Stone),SNAP!,Cult of SNAP! (1990-2003),https://music.youtube.com/watch?v=calktW4IFV0
When You're Near (SNAP! vs. Twin),SNAP!,Cult of SNAP! (1990-2003),https://music.youtube.com/watch?v=VKF_2RIGFhs
Do You See the Light? (Looking For) (SNAP! vs. Plaything) (feat. Niki Harris & Niki Haris),SNAP!,Cult of SNAP! (1990-2003),https://music.youtube.com/watch?v=gLas-RWZvWU
Rame (Beloved) (SNAP! vs. Ron Van Kroonenburg),SNAP!,Cult of SNAP! (1990-2003),https://music.youtube.com/watch?v=w0AV0oiyqJQ
Green Grass Grows (Earth Follows) (SNAP! vs. Martin Eyerer),SNAP!,Cult of SNAP! (1990-2003),https://music.youtube.com/watch?v=aBJ3qBF8PXY
The First the Last Eternity (Till the End) (SNAP! vs. Tom Novy),SNAP! & Tom Novy,Cult of SNAP! (1990-2003),https://music.youtube.com/watch?v=zluZxipg0Uk
Welcome to Tomorrow (Are You Ready) (SNAP! vs. Fragma),SNAP! & Fragma,Cult of SNAP! (1990-2003),https://music.youtube.com/watch?v=Y--HXBbewCM
Angel (Rays of Love),SNAP!,Cult of SNAP! (1990-2003),https://music.youtube.com/watch?v=lUb9rxEXG4E
"The Power (7"" Version)",SNAP!,SNAP! The Power Greatest Hits,https://music.youtube.com/watch?v=nm6DO_7px1I
"Rhythm Is a Dancer (7"" Edit)",SNAP!,SNAP! The Power Greatest Hits,https://music.youtube.com/watch?v=JYIaWeVL1JM
Exterminate (Endzeit 12) (feat. Niki Harris & Niki Haris),SNAP!,SNAP! The Power Greatest Hits,https://music.youtube.com/watch?v=rDV-XeNh3PQ
"Welcome to Tomorrow (Are You Ready) (7"" Edit)",SNAP!,SNAP! The Power Greatest Hits,https://music.youtube.com/watch?v=sOTQsdwEdk8
"The First the Last Eternity (Till the End) (7"" Edit)",SNAP!,SNAP! The Power Greatest Hits,https://music.youtube.com/watch?v=Xe_0zKVVGQw
"Do You See the Light? (Looking For) (7"" Edit) (feat. Niki Harris & Niki Haris)",SNAP!,SNAP! The Power Greatest Hits,https://music.youtube.com/watch?v=Io_B1svrSUw
"Ooops Up (7"" Edit)",SNAP!,SNAP! The Power Greatest Hits,https://music.youtube.com/watch?v=O_C8-5L989k
Cult of SNAP! (World Power Radio Mix),SNAP!,SNAP! The Power Greatest Hits,https://music.youtube.com/watch?v=Emd5K8Sphu4
Mary Had a Little Boy (Radio Edit),SNAP!,SNAP! The Power Greatest Hits,https://music.youtube.com/watch?v=cDQ1wZYTg9s
"World in My Hands (7"" Mix)",SNAP!,SNAP! The Power Greatest Hits,https://music.youtube.com/watch?v=-CurQiFC-1E
Colour of Love (Massive 7),SNAP!,SNAP! The Power Greatest Hits,https://music.youtube.com/watch?v=IG23RPETXsg
Rhythm Is a Dancer (U Can Feel It) (U Can Feel It;Extended Remix),SNAP!,SNAP! The Power Greatest Hits,https://music.youtube.com/watch?v=ndg16KZJWN0
Rhythm Is a Dancer (Armand Van Helden Remix; Edit),SNAP!,SNAP! The Power Greatest Hits,https://music.youtube.com/watch?v=0OGWK5QA8Gc
Exterminate (Tom Novy Remix) (feat. Niki Harris & Niki Haris),SNAP!,SNAP! The Power Greatest Hits,https://music.youtube.com/watch?v=yAMiMn4-pwo
Welcome to Tomorrow (Are You Ready) (Tocadisco Remix),SNAP!,SNAP! The Power Greatest Hits,https://music.youtube.com/watch?v=MSBSm67xIGs
Do You See the Light? (Looking For) (Thomas Gold Remix) (feat. Niki Harris & Niki Haris),SNAP!,SNAP! The Power Greatest Hits,https://music.youtube.com/watch?v=GoWzn5zDAlw
Cult of SNAP! (Matrix & Futurebound Remix),SNAP!,SNAP! The Power Greatest Hits,https://music.youtube.com/watch?v=aImkw-lqL5Q
The First the Last Eternity (Till the End) (Bass Slammers Remix),SNAP!,SNAP! The Power Greatest Hits,https://music.youtube.com/watch?v=Nwcy6jtkxAY
Exterminate (Michael Gray Remix) (feat. Niki Harris & Niki Haris),SNAP!,SNAP! The Power Greatest Hits,https://music.youtube.com/watch?v=cCTjsHNfNN4
Rhythm Is a Dancer (Kindervater Remix Edit),SNAP!,SNAP! The Power Greatest Hits,https://music.youtube.com/watch?v=3uCHNGSCWCA
Rhythm Is a Dancer (U Can Feel It) (U Can Feel It;Moám Remix),SNAP!,SNAP! The Power Greatest Hits,https://music.youtube.com/watch?v=ghqAE9gxNJs
SNAP! Megamix 2009,SNAP!,SNAP! The Power Greatest Hits,https://music.youtube.com/watch?v=8k_ihbz5fuY
The Power (Re-Recorded) [Sped Up],THEA AUSTIN,The Power (Re-Recorded) [Sped Up],https://music.youtube.com/watch?v=WHz1-F7N8zc
The Power (Re-Recorded),THEA AUSTIN,The Power (Re-Recorded) [Sped Up],https://music.youtube.com/watch?v=--POnMWKvgc
The Power (Re-Recorded) [Slowed + Reverb],THEA AUSTIN,The Power (Re-Recorded) [Sped Up],https://music.youtube.com/watch?v=E5TmJkz9uhE
Rhythm Is A Dancer (Re-Recorded - Sped Up),THEA AUSTIN,Rhythm Is A Dancer (Re-Recorded - Sped Up),https://music.youtube.com/watch?v=3ofUJgoVg3o
Rhythm Is a Dancer (Re-Recorded),THEA AUSTIN,Rhythm Is A Dancer (Re-Recorded - Sped Up),https://music.youtube.com/watch?v=ByfmrFL6xLg
Rhythm Is A Dancer (Re-Recorded - Slowed + Reverb),THEA AUSTIN,Rhythm Is A Dancer (Re-Recorded - Sped Up),https://music.youtube.com/watch?v=xAlDZvOAFEk
The Power of Bhangra (SNAP! vs. Motivo),SNAP!,The Power of Bhangra '03,https://music.youtube.com/watch?v=lSFIk8B_UMI
Rhythm Is a Dancer 2003 (SNAP! vs. CJ Stone),SNAP!,Rhythm Is a Dancer '03 (SNAP! vs. CJ Stone),https://music.youtube.com/watch?v=calktW4IFV0
Rhythm Is a Dancer,SNAP!,Rhythm Is a Dancer,https://music.youtube.com/watch?v=JYIaWeVL1JM
Jumping,SNAP!,Jumping,https://music.youtube.com/watch?v=puZZipUhvB0
Exterminate (feat. Niki Haris),SNAP!,Exterminate (feat. Niki Haris),https://music.youtube.com/watch?v=xhEZC7vDUMA
"Exterminate (A.C.II 12"") (feat. Niki Haris)",SNAP!,Exterminate (feat. Niki Haris),https://music.youtube.com/watch?v=p6qyoYCEc2s
Exterminate (Endzeit 7) (feat. Niki Haris),SNAP!,Exterminate (feat. Niki Haris),https://music.youtube.com/watch?v=rDV-XeNh3PQ
The Power (12“ Version),SNAP!,The Power,https://music.youtube.com/watch?v=sf6qaLARQck
The Power (Dub),SNAP!,The Power,https://music.youtube.com/watch?v=UBsLVrMXSSM
The Power (Punch Mix),SNAP!,The Power,https://music.youtube.com/watch?v=j2Sh5Fb9RVo
"The Power (7"" Version)",SNAP!,The Power,https://music.youtube.com/watch?v=-BxiAL5ON90
"Beauty Queen (7"" Radio)",SNAP!,Beauty Queen,https://music.youtube.com/watch?v=TrLfeCnRhhg
"Beauty Queen (7"" Version)",SNAP!,Beauty Queen,https://music.youtube.com/watch?v=TrLfeCnRhhg
"Beauty Queen (12"" Original Mix)",SNAP!,Beauty Queen,https://music.youtube.com/watch?v=TrLfeCnRhhg
"Beauty Queen (12"" Richard Grey Club Mix)",SNAP!,Beauty Queen,https://music.youtube.com/watch?v=rTH5ea87zSY
"Beauty Queen (12"" Spoon Club Mix)",SNAP!,Beauty Queen,https://music.youtube.com/watch?v=PEzxVChJL_A
"Beauty Queen (12"" Richard Grey Dub Mix)",SNAP!,Beauty Queen,https://music.youtube.com/watch?v=lMLYDA-ANdA
Rhythm Is a Dancer 2008 (8 BB Mix),SNAP!,Rhythm Is a Dancer 2008,https://music.youtube.com/watch?v=sQo3bKjWJik
Rhythm Is a Dancer 2008 (Tom Novy Remix),SNAP!,Rhythm Is a Dancer 2008,https://music.youtube.com/watch?v=RzPtZA0WtUY
Rhythm Is a Dancer (12'' Version),SNAP!,Rhythm Is a Dancer 2008,https://music.youtube.com/watch?v=JYIaWeVL1JM
titulo,artistas,album,url
Ride The Tiger (Live 1980),Jefferson Starship,Sing To The Sky,https://music.youtube.com/watch?v=Y1TDeQXCAsM
Girl With The Hungry Eyes (Live 1980),Jefferson Starship,Sing To The Sky,https://music.youtube.com/watch?v=7_Xo7tHCGC4
Stranger (Live 1980),Jefferson Starship,Sing To The Sky,https://music.youtube.com/watch?v=x_caVztVHB0
Jane (Live 1980),Jefferson Starship,Sing To The Sky,https://music.youtube.com/watch?v=LrhKCUxsPGk
Awakening (Live 1980),Jefferson Starship,Sing To The Sky,https://music.youtube.com/watch?v=TJlrStg71-Y
Things To Come (Live 1980),Jefferson Starship,Sing To The Sky,https://music.youtube.com/watch?v=wu9L3IrqRN0
Have You Seen The Saucers (Live 1980),Jefferson Starship,Sing To The Sky,https://music.youtube.com/watch?v=Ypjnin96GH0
Light The Sky On Fire (Live 1980),Jefferson Starship,Sing To The Sky,https://music.youtube.com/watch?v=HALRxfyH-Nk
Rock Music (Live 1980),Jefferson Starship,Sing To The Sky,https://music.youtube.com/watch?v=Zxsx8hwYpFM
Dance With The Dragon (Live 1980),Jefferson Starship,Sing To The Sky,https://music.youtube.com/watch?v=XYm26WRMFcs
Somebody To Love (Live 1980),Jefferson Starship,Sing To The Sky,https://music.youtube.com/watch?v=y1xlYWXH12Y
Big City (Live),Jefferson Starship,Big City,https://music.youtube.com/watch?v=nDrcOL3dz64
Play On Love (Live),Jefferson Starship,Big City,https://music.youtube.com/watch?v=zqJV3kM_oh4
Miracles (Live),Jefferson Starship,Big City,https://music.youtube.com/watch?v=2ZXLwyCA93E
With Your Love (Live),Jefferson Starship,Big City,https://music.youtube.com/watch?v=6A5WDcyUK-U
Ride The Tiger (Live),Jefferson Starship,Big City,https://music.youtube.com/watch?v=W6c2wjmcvCA
Somebody To Love (Live),Jefferson Starship,Big City,https://music.youtube.com/watch?v=2GNc7fKAxZ0
Have You Seen The Saucers (Live),Jefferson Starship,Big City,https://music.youtube.com/watch?v=ZV6M9assaZ0
White Rabbit (Live),Jefferson Starship,Big City,https://music.youtube.com/watch?v=RICL7NVlZ1Q
Cruisin' (Live),Jefferson Starship,Big City,https://music.youtube.com/watch?v=VxHN87IDSD0
Play On Love (Live),Jefferson Starship,Big City,https://music.youtube.com/watch?v=1rj1RZatxDU
Hot Water (Live),Jefferson Starship,Big City,https://music.youtube.com/watch?v=d35WaOjP534
Hot Water (Live),Jefferson Starship,Jefferson Starship Live: Touchdown vol. 2,https://music.youtube.com/watch?v=oyVqwFS5zYg
Tuning (Live),Jefferson Starship,Jefferson Starship Live: Touchdown vol. 2,https://music.youtube.com/watch?v=AwPP6YjEPb0
That's For Sure (Live),Jefferson Starship,Jefferson Starship Live: Touchdown vol. 2,https://music.youtube.com/watch?v=j4pvZ11jQzk
Tuning (Live),Jefferson Starship,Jefferson Starship Live: Touchdown vol. 2,https://music.youtube.com/watch?v=jr86uuy5lNY
White Rabbit (Live),Jefferson Starship,Jefferson Starship Live: Touchdown vol. 2,https://music.youtube.com/watch?v=PH3CrTII_78
Sweeter Than Honey / Drum Solo (Live),Jefferson Starship,Jefferson Starship Live: Touchdown vol. 2,https://music.youtube.com/watch?v=Z_Sqwc93Pcg
Volunteers (Live),Jefferson Starship,Jefferson Starship Live: Touchdown vol. 2,https://music.youtube.com/watch?v=hu4MKelygfI
Miracles (Live),Jefferson Starship,Jefferson Starship Live: Touchdown vol. 2,https://music.youtube.com/watch?v=jelcDyF5snk
Goodbye (Live),Jefferson Starship,Jefferson Starship Live: Touchdown vol. 2,https://music.youtube.com/watch?v=hqdlHQ5IQkw
Volunteers Reprise (Live),Jefferson Starship,Jefferson Starship Live: Touchdown vol. 2,https://music.youtube.com/watch?v=fleZ4ZlXV1A
Ride The Tiger (Live),Jefferson Starship,Jefferson Starship Live: Touchdown vol. 1,https://music.youtube.com/watch?v=o0jKa1q8F_c
Somebody To Love (Live),Jefferson Starship,Jefferson Starship Live: Touchdown vol. 1,https://music.youtube.com/watch?v=yG2tBXCcKuA
Cruisin' (Live),Jefferson Starship,Jefferson Starship Live: Touchdown vol. 1,https://music.youtube.com/watch?v=hpwvl1bdowE
Fast Buck Freddie (Live),Jefferson Starship,Jefferson Starship Live: Touchdown vol. 1,https://music.youtube.com/watch?v=aOQ0VVkoohA
Have You Seen The Saucers (Live),Jefferson Starship,Jefferson Starship Live: Touchdown vol. 1,https://music.youtube.com/watch?v=IhRpzXJ9fmk
Rain Break (Live),Jefferson Starship,Jefferson Starship Live: Touchdown vol. 1,https://music.youtube.com/watch?v=OFid0tMeWI4
Big City (Live),Jefferson Starship,Jefferson Starship Live: Touchdown vol. 1,https://music.youtube.com/watch?v=FxaAtzjHFqU
Play On Love (Live),Jefferson Starship,Jefferson Starship Live: Touchdown vol. 1,https://music.youtube.com/watch?v=X4GREWhQzPw
With Your Love (Live),Jefferson Starship,Jefferson Starship Live: Touchdown vol. 1,https://music.youtube.com/watch?v=UhQzEbk6uWY
Break (Live),Jefferson Starship,Jefferson Starship Live: Touchdown vol. 1,https://music.youtube.com/watch?v=ad1uVQpRUHA
St. Charles (Live),Jefferson Starship,Jefferson Starship Live: Touchdown vol. 1,https://music.youtube.com/watch?v=mDs5a_HTiUo
Ride The Tiger (Live),Jefferson Starship,"Sing To The Sky (Live, New York '76)",https://music.youtube.com/watch?v=ZM-6aMZzZcI
Somebody To Love (Live),Jefferson Starship,"Sing To The Sky (Live, New York '76)",https://music.youtube.com/watch?v=IMT7ZO0aVdk
Cruisin' (Live),Jefferson Starship,"Sing To The Sky (Live, New York '76)",https://music.youtube.com/watch?v=tEcbB-Rzdko
Fast Buck Freddie (Live),Jefferson Starship,"Sing To The Sky (Live, New York '76)",https://music.youtube.com/watch?v=X1x-2N75MRM
Have You Seen The Saucers (Live),Jefferson Starship,"Sing To The Sky (Live, New York '76)",https://music.youtube.com/watch?v=rV0v8UzR5G8
Talk #1 (Live),Jefferson Starship,"Sing To The Sky (Live, New York '76)",https://music.youtube.com/watch?v=UXExc_gcAyI
Big City (Live),Jefferson Starship,"Sing To The Sky (Live, New York '76)",https://music.youtube.com/watch?v=p55dr3fH14A
Play On Love (Live),Jefferson Starship,"Sing To The Sky (Live, New York '76)",https://music.youtube.com/watch?v=irauDYTnEhA
With Your Love (Live),Jefferson Starship,"Sing To The Sky (Live, New York '76)",https://music.youtube.com/watch?v=E2-TbjPZXrY
Talk #2 (Live),Jefferson Starship,"Sing To The Sky (Live, New York '76)",https://music.youtube.com/watch?v=1FP-b_NWf3g
St. Charles (Live),Jefferson Starship,"Sing To The Sky (Live, New York '76)",https://music.youtube.com/watch?v=HgK9EoHNppQ
Hot Water (Live),Jefferson Starship,"Sing To The Sky (Live, New York '76)",https://music.youtube.com/watch?v=ZSfJrWah4fE
Talk #3 (Live),Jefferson Starship,"Sing To The Sky (Live, New York '76)",https://music.youtube.com/watch?v=MGi1dmc8Dr4
That's For Sure (Live),Jefferson Starship,"Sing To The Sky (Live, New York '76)",https://music.youtube.com/watch?v=v1MzgixQRvU
Talk #4 (Live),Jefferson Starship,"Sing To The Sky (Live, New York '76)",https://music.youtube.com/watch?v=KzhSZAV1ehg
White Rabbit (Live),Jefferson Starship,"Sing To The Sky (Live, New York '76)",https://music.youtube.com/watch?v=u-Nm6Y2gXrE
Sweeter Than Honey (Live),Jefferson Starship,"Sing To The Sky (Live, New York '76)",https://music.youtube.com/watch?v=dDZScutz5nM
Volounteers (Live),Jefferson Starship,"Sing To The Sky (Live, New York '76)",https://music.youtube.com/watch?v=K767HZBGAtI
Miracles> (Live),Jefferson Starship,"Sing To The Sky (Live, New York '76)",https://music.youtube.com/watch?v=IjgIaL5REHo
Goodbye> (Live),Jefferson Starship,"Sing To The Sky (Live, New York '76)",https://music.youtube.com/watch?v=D8ZemMhpSNI
Volunteers Reprise (Live),Jefferson Starship,"Sing To The Sky (Live, New York '76)",https://music.youtube.com/watch?v=HtkOeQADfmo
It's About Time,Jefferson Starship,Mother of the Sun,https://music.youtube.com/watch?v=LTtfVBc3es4
What Are We Waiting For?,Jefferson Starship,Mother of the Sun,https://music.youtube.com/watch?v=0PhXdhVyHHM
Setting Sun,Jefferson Starship,Mother of the Sun,https://music.youtube.com/watch?v=JhNP3SHTYYg
Runaway Again,Jefferson Starship,Mother of the Sun,https://music.youtube.com/watch?v=qIj27EsBj0Q
Embryonic Journey,Jefferson Starship,Mother of the Sun,https://music.youtube.com/watch?v=JEhD0rJnyMs
Don't Be Sad Anymore,Jefferson Starship,Mother of the Sun,https://music.youtube.com/watch?v=7joh1Qs_fS4
What Are We Waiting For? (Extended),Jefferson Starship,Mother of the Sun,https://music.youtube.com/watch?v=0PhXdhVyHHM
It's About Time,Jefferson Starship,Mother Of The Sun,https://music.youtube.com/watch?v=LTtfVBc3es4
What Are We Waiting For?,Jefferson Starship,Mother Of The Sun,https://music.youtube.com/watch?v=0PhXdhVyHHM
Setting Sun,Jefferson Starship,Mother Of The Sun,https://music.youtube.com/watch?v=JhNP3SHTYYg
Runaway Again,Jefferson Starship,Mother Of The Sun,https://music.youtube.com/watch?v=X--jVAUrmoE
Embryonic Journey,Jefferson Starship,Mother Of The Sun,https://music.youtube.com/watch?v=7YxchWrNf2c
Don't Be Sad Anymore,Jefferson Starship,Mother Of The Sun,https://music.youtube.com/watch?v=nQi34WkuQ7I
What Are We Waiting For? (Extended),Jefferson Starship,Mother Of The Sun,https://music.youtube.com/watch?v=0PhXdhVyHHM
Jane,Jefferson Starship,New Year's Eve In San Francisco 1979 (LIVE KBFH Broadcast),https://music.youtube.com/watch?v=_63CkZGYnVc
Stranger,Jefferson Starship,New Year's Eve In San Francisco 1979 (LIVE KBFH Broadcast),https://music.youtube.com/watch?v=FIK8PEbU1QM
Somebody To Love,Jefferson Starship,New Year's Eve In San Francisco 1979 (LIVE KBFH Broadcast),https://music.youtube.com/watch?v=WYBiPFMTPc8
Dance With The Dragon,Jefferson Starship,New Year's Eve In San Francisco 1979 (LIVE KBFH Broadcast),https://music.youtube.com/watch?v=ZMQOeA7y8lo
Light The Sky On Fire,Jefferson Starship,New Year's Eve In San Francisco 1979 (LIVE KBFH Broadcast),https://music.youtube.com/watch?v=SJ71Rb06Ay8
Rock Music,Jefferson Starship,New Year's Eve In San Francisco 1979 (LIVE KBFH Broadcast),https://music.youtube.com/watch?v=fKJYea2eaC4
Volunteers,Jefferson Starship,New Year's Eve In San Francisco 1979 (LIVE KBFH Broadcast),https://music.youtube.com/watch?v=yekGk30nuN0
Girl With The Hungry Eyes,Jefferson Starship,New Year's Eve In San Francisco 1979 (LIVE KBFH Broadcast),https://music.youtube.com/watch?v=eW-sCxpEmNY
Ride the Tiger,Jefferson Starship,The Complete Albums 1974-1984,https://music.youtube.com/watch?v=zcy8atCDAzw
That's for Sure,Jefferson Starship,The Complete Albums 1974-1984,https://music.youtube.com/watch?v=eQ_yklWYolo
Be Young You,Jefferson Starship,The Complete Albums 1974-1984,https://music.youtube.com/watch?v=IXvLB7xTffI
Caroline,Jefferson Starship,The Complete Albums 1974-1984,https://music.youtube.com/watch?v=3z9c5eqF5gE
Devils Den,Jefferson Starship,The Complete Albums 1974-1984,https://music.youtube.com/watch?v=L9jVCW1RJ5M
Come to Life,Jefferson Starship,The Complete Albums 1974-1984,https://music.youtube.com/watch?v=8ol-TR1fheM
All Fly Away,Jefferson Starship,The Complete Albums 1974-1984,https://music.youtube.com/watch?v=KFCqXD4Mfq0
Hyperdrive,Jefferson Starship,The Complete Albums 1974-1984,https://music.youtube.com/watch?v=rCP1GiS88XQ
Fast Buck Freddie,Jefferson Starship,The Complete Albums 1974-1984,https://music.youtube.com/watch?v=Mg2JWlKQz18
Miracles,Jefferson Starship,The Complete Albums 1974-1984,https://music.youtube.com/watch?v=LdOhPNnFOJU
Git Fiddler,Jefferson Starship,The Complete Albums 1974-1984,https://music.youtube.com/watch?v=BJt_CizWIiE
Ai Garimasu,Jefferson Starship,The Complete Albums 1974-1984,https://music.youtube.com/watch?v=uEpm3dagIw4
Sweeter Than Honey,Jefferson Starship,The Complete Albums 1974-1984,https://music.youtube.com/watch?v=-Yrn_ExMn-0
Play On Love,Jefferson Starship,The Complete Albums 1974-1984,https://music.youtube.com/watch?v=qr-aYVVABC0
Tumblin',Jefferson Starship,The Complete Albums 1974-1984,https://music.youtube.com/watch?v=psN-i4f_qqc
I Want to See Another World,Jefferson Starship,The Complete Albums 1974-1984,https://music.youtube.com/watch?v=-YlP57HmYmA
Sandalphon,Jefferson Starship,The Complete Albums 1974-1984,https://music.youtube.com/watch?v=FDaQMSIXW6g
There Will Be Love,Jefferson Starship,The Complete Albums 1974-1984,https://music.youtube.com/watch?v=H5mGCWzeA74
Cruisin',Jefferson Starship,The Complete Albums 1974-1984,https://music.youtube.com/watch?v=F2F8axZPHCk
Dance with the Dragon,Jefferson Starship,The Complete Albums 1974-1984,https://music.youtube.com/watch?v=68Zl0MhkIrY
Hot Water,Jefferson Starship,The Complete Albums 1974-1984,https://music.youtube.com/watch?v=n65EdONKwTk
St. Charles,Jefferson Starship,The Complete Albums 1974-1984,https://music.youtube.com/watch?v=XQASKYBBWG0
Song to the Sun / Ozymandias / Don't Let It Rain,Jefferson Starship,The Complete Albums 1974-1984,https://music.youtube.com/watch?v=DIhnibRZLhU
With Your Love,Jefferson Starship,The Complete Albums 1974-1984,https://music.youtube.com/watch?v=fxZbanpCTK0
Switchblade,Jefferson Starship,The Complete Albums 1974-1984,https://music.youtube.com/watch?v=4HtQIgaxW0o
Big City,Jefferson Starship,The Complete Albums 1974-1984,https://music.youtube.com/watch?v=9HtzjjOidE8
Love Lovely Love,Jefferson Starship,The Complete Albums 1974-1984,https://music.youtube.com/watch?v=Hf9mYso3jO0
Love Too Good,Jefferson Starship,The Complete Albums 1974-1984,https://music.youtube.com/watch?v=VjioMxYvc8M
Count On Me,Jefferson Starship,The Complete Albums 1974-1984,https://music.youtube.com/watch?v=Wt56g4ndN_A
Take Your Time,Jefferson Starship,The Complete Albums 1974-1984,https://music.youtube.com/watch?v=wMV1A9KM2Gc
Crazy Feelin',Jefferson Starship,The Complete Albums 1974-1984,https://music.youtube.com/watch?v=rZn65yZcaZ8
Skateboard,Jefferson Starship,The Complete Albums 1974-1984,https://music.youtube.com/watch?v=muOGGJUYXKc
Fire,Jefferson Starship,The Complete Albums 1974-1984,https://music.youtube.com/watch?v=rOj7GgcFh9w
Show Yourself,Jefferson Starship,The Complete Albums 1974-1984,https://music.youtube.com/watch?v=dWdbc_kRmbw
Runaway,Jefferson Starship,The Complete Albums 1974-1984,https://music.youtube.com/watch?v=85PSj-JSOxE
All Nite Long,Jefferson Starship,The Complete Albums 1974-1984,https://music.youtube.com/watch?v=EhiJYrRqiFI
Jane,Jefferson Starship,The Complete Albums 1974-1984,https://music.youtube.com/watch?v=LJCuB-uhNgM
Lightning Rose,Jefferson Starship,The Complete Albums 1974-1984,https://music.youtube.com/watch?v=s1TCII5xG7w
Things to Come,Jefferson Starship,The Complete Albums 1974-1984,https://music.youtube.com/watch?v=Ym1qTEiLrx4
Awakening,Jefferson Starship,The Complete Albums 1974-1984,https://music.youtube.com/watch?v=hoFX2meKx-0
Girl with the Hungry Eyes,Jefferson Starship,The Complete Albums 1974-1984,https://music.youtube.com/watch?v=9KrFwWa0eb8
Just the Same,Jefferson Starship,The Complete Albums 1974-1984,https://music.youtube.com/watch?v=dX4Hf78nZcM
Rock Music,Jefferson Starship,The Complete Albums 1974-1984,https://music.youtube.com/watch?v=-yfoUHSFOS8
Fading Lady Light,Jefferson Starship,The Complete Albums 1974-1984,https://music.youtube.com/watch?v=SwDqRDgvRBA
Freedom at Point Zero,Jefferson Starship,The Complete Albums 1974-1984,https://music.youtube.com/watch?v=skX6Y_Ia8q4
Find Your Way Back,Jefferson Starship,The Complete Albums 1974-1984,https://music.youtube.com/watch?v=Dj4gqJzlIvc
Stranger,Jefferson Starship,The Complete Albums 1974-1984,https://music.youtube.com/watch?v=OPCiC1Nku18
Wild Eyes,Jefferson Starship,The Complete Albums 1974-1984,https://music.youtube.com/watch?v=62dJKcp2Dy8
Save Your Love,Jefferson Starship,The Complete Albums 1974-1984,https://music.youtube.com/watch?v=ZumHXfL8ToY
Modern Times,Jefferson Starship,The Complete Albums 1974-1984,https://music.youtube.com/watch?v=MTZx1UBI4Jk
Mary,Jefferson Starship,The Complete Albums 1974-1984,https://music.youtube.com/watch?v=xIES_foFOxE
Free,Jefferson Starship,The Complete Albums 1974-1984,https://music.youtube.com/watch?v=q4AAnJYPXpY
Alien,Jefferson Starship,The Complete Albums 1974-1984,https://music.youtube.com/watch?v=ZkhVDv1GliA
Stairway to Cleveland,Jefferson Starship,The Complete Albums 1974-1984,https://music.youtube.com/watch?v=iu4_P5_ed9Q
Winds of Change,Jefferson Starship,The Complete Albums 1974-1984,https://music.youtube.com/watch?v=o7dJ3a-U6WQ
Keep On Dreamin',Jefferson Starship,The Complete Albums 1974-1984,https://music.youtube.com/watch?v=2UgOQNhLyvM
Be My Lady,Jefferson Starship,The Complete Albums 1974-1984,https://music.youtube.com/watch?v=MJhlajGRWac
I Will Stay,Jefferson Starship,The Complete Albums 1974-1984,https://music.youtube.com/watch?v=husP8I2431E
Out of Control,Jefferson Starship,The Complete Albums 1974-1984,https://music.youtube.com/watch?v=efvLIZZRKZk
Can't Find Love,Jefferson Starship,The Complete Albums 1974-1984,https://music.youtube.com/watch?v=_kRaPu3TH6A
Black Widow,Jefferson Starship,The Complete Albums 1974-1984,https://music.youtube.com/watch?v=-q4i-qSrKQQ
I Came Back from the Jaws of the Dragon,Jefferson Starship,The Complete Albums 1974-1984,https://music.youtube.com/watch?v=WfD0rxwIMfo
Quit Wasting Time,Jefferson Starship,The Complete Albums 1974-1984,https://music.youtube.com/watch?v=n_XII9Ut4Zo
Layin' It On the Line,Jefferson Starship,The Complete Albums 1974-1984,https://music.youtube.com/watch?v=oqLnVgR7fLw
No Way Out,Jefferson Starship,The Complete Albums 1974-1984,https://music.youtube.com/watch?v=LQijT1lcR68
"Sorry Me, Sorry You",Jefferson Starship,The Complete Albums 1974-1984,https://music.youtube.com/watch?v=-3pG263Q2Zo
Live and Let Live,Jefferson Starship,The Complete Albums 1974-1984,https://music.youtube.com/watch?v=YF907h3XihQ
Connection,Jefferson Starship,The Complete Albums 1974-1984,https://music.youtube.com/watch?v=k8QNoETaA-M
Rose Goes to Yale,Jefferson Starship,The Complete Albums 1974-1984,https://music.youtube.com/watch?v=yaTkkbWvXbs
Magician,Jefferson Starship,The Complete Albums 1974-1984,https://music.youtube.com/watch?v=DVKHWrPGNV8
Assassin,Jefferson Starship,The Complete Albums 1974-1984,https://music.youtube.com/watch?v=Yqe_Fqz-Mrs
Shining In the Moonlight,Jefferson Starship,The Complete Albums 1974-1984,https://music.youtube.com/watch?v=B14MNK_NZB0
Showdown,Jefferson Starship,The Complete Albums 1974-1984,https://music.youtube.com/watch?v=DUZDI3LPz6k
Champion,Jefferson Starship,The Complete Albums 1974-1984,https://music.youtube.com/watch?v=39rvurs8u_U
Light the Sky On Fire,Jefferson Starship,The Complete Albums 1974-1984,https://music.youtube.com/watch?v=-cWEQsaBdH4
Layin' It on the Line,Jefferson Starship,Nuclear Furniture,https://music.youtube.com/watch?v=oqLnVgR7fLw
No Way Out,Jefferson Starship,Nuclear Furniture,https://music.youtube.com/watch?v=LQijT1lcR68
"Sorry Me, Sorry You",Jefferson Starship,Nuclear Furniture,https://music.youtube.com/watch?v=-w89VpJK90Q
Live and Let Live,Jefferson Starship,Nuclear Furniture,https://music.youtube.com/watch?v=hJiHpN9pTdE
Connection,Jefferson Starship,Nuclear Furniture,https://music.youtube.com/watch?v=Meo7ldTa7PM
Rose Goes to Yale,Jefferson Starship,Nuclear Furniture,https://music.youtube.com/watch?v=xxuTL3-JTNo
Magician,Jefferson Starship,Nuclear Furniture,https://music.youtube.com/watch?v=7UWH1eqQyD0
Assassin,Jefferson Starship,Nuclear Furniture,https://music.youtube.com/watch?v=OnKKcoK8PJI
Shining in the Moonlight,Jefferson Starship,Nuclear Furniture,https://music.youtube.com/watch?v=_vtAmOnrqGg
Showdown,Jefferson Starship,Nuclear Furniture,https://music.youtube.com/watch?v=BcFxQj0nL04
Champion,Jefferson Starship,Nuclear Furniture,https://music.youtube.com/watch?v=jgcWBDD7dac
Caroline,Jefferson Starship,For The Good Of All,https://music.youtube.com/watch?v=-1dmgH_AwAM
For The Good Of All,Jefferson Starship,For The Good Of All,https://music.youtube.com/watch?v=hkv6MWcBL00
Mountain Song,Jefferson Starship,For The Good Of All,https://music.youtube.com/watch?v=Wl_DlhlMu_0
It's No Secret (Live),Jefferson Starship,For The Good Of All,https://music.youtube.com/watch?v=SkM1WXQ7IpA
Miracles (Live),Jefferson Starship,For The Good Of All,https://music.youtube.com/watch?v=x86UixE9HFM
Setting Sun,Jefferson Starship,Setting Sun,https://music.youtube.com/watch?v=JhNP3SHTYYg
Miracles (Live),Jefferson Starship,Rock Elite: Best Of Jefferson Starship,https://music.youtube.com/watch?v=Gs8K1iLTaO0
Caroline,Jefferson Starship,Rock Elite: Best Of Jefferson Starship,https://music.youtube.com/watch?v=kfrvGHbVCfY
Mountain Song,Jefferson Starship,Rock Elite: Best Of Jefferson Starship,https://music.youtube.com/watch?v=5Swuv-TzIk4
For The Good Of All,Jefferson Starship,Rock Elite: Best Of Jefferson Starship,https://music.youtube.com/watch?v=z91_EG0u1Po
Summer Of Love,Jefferson Starship,Rock Elite: Best Of Jefferson Starship,https://music.youtube.com/watch?v=kaA3i0dl1Rw
It's No Secret (Live),Jefferson Starship,Rock Elite: Best Of Jefferson Starship,https://music.youtube.com/watch?v=NlXhgzfjGBc
titulo,artistas,album,url
Superwoman (Where Were You When I Needed You),Stevie Wonder,The Wonder Of Stevie (Music From the Audible Original Podcast),https://music.youtube.com/watch?v=sv8c1RhZBaU
I Love Every Little Thing About You,Stevie Wonder,The Wonder Of Stevie (Music From the Audible Original Podcast),https://music.youtube.com/watch?v=-tLe_L9Akl4
You Are The Sunshine Of My Life,Stevie Wonder,The Wonder Of Stevie (Music From the Audible Original Podcast),https://music.youtube.com/watch?v=R980e4Njjvs
Maybe Your Baby,Stevie Wonder,The Wonder Of Stevie (Music From the Audible Original Podcast),https://music.youtube.com/watch?v=rnvf--p3_wY
Blame It On The Sun,Stevie Wonder,The Wonder Of Stevie (Music From the Audible Original Podcast),https://music.youtube.com/watch?v=TKCcEQSXPY8
Tuesday Heartbreak,Stevie Wonder,The Wonder Of Stevie (Music From the Audible Original Podcast),https://music.youtube.com/watch?v=wd305-J5CsM
Superstition,Stevie Wonder,The Wonder Of Stevie (Music From the Audible Original Podcast),https://music.youtube.com/watch?v=xBHzxnh_lWY
Too High,Stevie Wonder,The Wonder Of Stevie (Music From the Audible Original Podcast),https://music.youtube.com/watch?v=dYpXkswYoOQ
Visions,Stevie Wonder,The Wonder Of Stevie (Music From the Audible Original Podcast),https://music.youtube.com/watch?v=NxzTn7iiLTo
Living For The City,Stevie Wonder,The Wonder Of Stevie (Music From the Audible Original Podcast),https://music.youtube.com/watch?v=LGWWJrHhneI
Higher Ground,Stevie Wonder,The Wonder Of Stevie (Music From the Audible Original Podcast),https://music.youtube.com/watch?v=XuZPSCBENR4
Jesus Children Of America,Stevie Wonder,The Wonder Of Stevie (Music From the Audible Original Podcast),https://music.youtube.com/watch?v=awDvQSy864I
All In Love Is Fair,Stevie Wonder,The Wonder Of Stevie (Music From the Audible Original Podcast),https://music.youtube.com/watch?v=eNIzxBMQy2c
Don't You Worry 'Bout A Thing,Stevie Wonder,The Wonder Of Stevie (Music From the Audible Original Podcast),https://music.youtube.com/watch?v=6GrpzG17mtY
He's Misstra Know-It-All,Stevie Wonder,The Wonder Of Stevie (Music From the Audible Original Podcast),https://music.youtube.com/watch?v=PkW-1OMty6I
Boogie On Reggae Woman,Stevie Wonder,The Wonder Of Stevie (Music From the Audible Original Podcast),https://music.youtube.com/watch?v=xLSEIEnTJus
Creepin',Stevie Wonder,The Wonder Of Stevie (Music From the Audible Original Podcast),https://music.youtube.com/watch?v=rafh7kVO6GA
You Haven't Done Nothin',Stevie Wonder,The Wonder Of Stevie (Music From the Audible Original Podcast),https://music.youtube.com/watch?v=eA4nvkI_nSM
They Won't Go When I Go,Stevie Wonder,The Wonder Of Stevie (Music From the Audible Original Podcast),https://music.youtube.com/watch?v=XjQL2OnBWNI
Please Don't Go,Stevie Wonder,The Wonder Of Stevie (Music From the Audible Original Podcast),https://music.youtube.com/watch?v=Ook8zLnYxE4
Contusion,Stevie Wonder,The Wonder Of Stevie (Music From the Audible Original Podcast),https://music.youtube.com/watch?v=RsirL9WMMpM
Village Ghetto Land,Stevie Wonder,The Wonder Of Stevie (Music From the Audible Original Podcast),https://music.youtube.com/watch?v=_Q9hK_WcExc
Sir Duke,Stevie Wonder,The Wonder Of Stevie (Music From the Audible Original Podcast),https://music.youtube.com/watch?v=CcZHbOSm-18
Pastime Paradise,Stevie Wonder,The Wonder Of Stevie (Music From the Audible Original Podcast),https://music.youtube.com/watch?v=9cIQ47Ek0qg
Isn't She Lovely,Stevie Wonder,The Wonder Of Stevie (Music From the Audible Original Podcast),https://music.youtube.com/watch?v=5Xk-U65ykHM
Ngiculela-Es Una Historia-I Am Singing,Stevie Wonder,The Wonder Of Stevie (Music From the Audible Original Podcast),https://music.youtube.com/watch?v=4qpu68rpvOw
As,Stevie Wonder,The Wonder Of Stevie (Music From the Audible Original Podcast),https://music.youtube.com/watch?v=YMxCAdZJSQQ
Earth's Creation,Stevie Wonder,The Wonder Of Stevie (Music From the Audible Original Podcast),https://music.youtube.com/watch?v=6-uQkWCAtVQ
The Secret Life Of Plants,Stevie Wonder,The Wonder Of Stevie (Music From the Audible Original Podcast),https://music.youtube.com/watch?v=5Bzv2UyURiA
Send One Your Love,Stevie Wonder,The Wonder Of Stevie (Music From the Audible Original Podcast),https://music.youtube.com/watch?v=gDet3ZFIzDM
Race Babbling,Stevie Wonder,The Wonder Of Stevie (Music From the Audible Original Podcast),https://music.youtube.com/watch?v=kowM1vutBzo
All I Do,Stevie Wonder,The Wonder Of Stevie (Music From the Audible Original Podcast),https://music.youtube.com/watch?v=KTO12mbgID0
Happy Birthday,Stevie Wonder,The Wonder Of Stevie (Music From the Audible Original Podcast),https://music.youtube.com/watch?v=SO3f2V2evM4
Higher Ground (Live In Japan/1995),Stevie Wonder,The Wonder Of Stevie (Music From the Audible Original Podcast),https://music.youtube.com/watch?v=8YhaCNYSJPc
Soul Bongo,Little Stevie Wonder,Feliz Navidad y próspero Año Nuevo,https://music.youtube.com/watch?v=dQXoKZLXEUc
Drown in My Own Tears,Little Stevie Wonder,Feliz Navidad y próspero Año Nuevo,https://music.youtube.com/watch?v=4XkxLsTSYB4
At Six,Little Stevie Wonder,Feliz Navidad y próspero Año Nuevo,https://music.youtube.com/watch?v=75T_pnAJ7A8
Come Back Baby,Little Stevie Wonder,Feliz Navidad y próspero Año Nuevo,https://music.youtube.com/watch?v=CqTW82IK2D8
Mary Ann,Little Stevie Wonder,Feliz Navidad y próspero Año Nuevo,https://music.youtube.com/watch?v=PpfYUSgqxx8
Hallelujah (I Love Her So),Little Stevie Wonder,Feliz Navidad y próspero Año Nuevo,https://music.youtube.com/watch?v=uzpYYCEFXac
Sunset,Little Stevie Wonder,Feliz Navidad y próspero Año Nuevo,https://music.youtube.com/watch?v=M2QryTuZHEE
Ain't That Love,Little Stevie Wonder,Feliz Navidad y próspero Año Nuevo,https://music.youtube.com/watch?v=FcJVXItrVjw
Frankie And Johnny,Little Stevie Wonder,Feliz Navidad y próspero Año Nuevo,https://music.youtube.com/watch?v=clx813Ib2Xo
The Square,Little Stevie Wonder,Feliz Navidad y próspero Año Nuevo,https://music.youtube.com/watch?v=2sEC5HKw6dg
My Baby's Gone,Little Stevie Wonder,Feliz Navidad y próspero Año Nuevo,https://music.youtube.com/watch?v=sIMgU78xD8s
Bam,Little Stevie Wonder,Feliz Navidad y próspero Año Nuevo,https://music.youtube.com/watch?v=LwtWL0F2_QU
Some Other Time,Little Stevie Wonder,Feliz Navidad y próspero Año Nuevo,https://music.youtube.com/watch?v=voh39tg1lYc
Fingertips,Little Stevie Wonder,Feliz Navidad y próspero Año Nuevo,https://music.youtube.com/watch?v=LPe3ZpO-jho
Don't You Know,Little Stevie Wonder,Feliz Navidad y próspero Año Nuevo,https://music.youtube.com/watch?v=GAnhjBQFJl4
Wondering,Little Stevie Wonder,Feliz Navidad y próspero Año Nuevo,https://music.youtube.com/watch?v=QaaEQz5fFK0
(I'm Afraid) the Masquerade Is Over,Little Stevie Wonder,Feliz Navidad y próspero Año Nuevo,https://music.youtube.com/watch?v=kGTK7u2k_zw
Paulsby,Little Stevie Wonder,Feliz Navidad y próspero Año Nuevo,https://music.youtube.com/watch?v=1MuUuRNSKyE
Session Number 112,Little Stevie Wonder,Feliz Navidad y próspero Año Nuevo,https://music.youtube.com/watch?v=EsHQ98Y26_Q
Come Back Baby,Little Stevie Wonder,Come Back Baby,https://music.youtube.com/watch?v=xHNnurSA8x8
Whole Lotta Woman,The Contours,Come Back Baby,https://music.youtube.com/watch?v=Ys7f3SIaPvk
Square,Stevie Wonder,Come Back Baby,https://music.youtube.com/watch?v=aLgx48LgzPc
Drown in My Own Tears,Little Stevie Wonder,Come Back Baby,https://music.youtube.com/watch?v=K0Plpbk5pQo
Mary Ann,Little Stevie Wonder,Come Back Baby,https://music.youtube.com/watch?v=uMnAG4akDV0
Sunset,Little Stevie Wonder,Come Back Baby,https://music.youtube.com/watch?v=U9S1nNb41d8
Paulsby,Stevie Wonder,Come Back Baby,https://music.youtube.com/watch?v=Ks2X8SF99_4
My Baby's Gone,Little Stevie Wonder,Come Back Baby,https://music.youtube.com/watch?v=WCtqKCZwTeQ
Session Number 112,Stevie Wonder,Come Back Baby,https://music.youtube.com/watch?v=7QCbtyol6bU
Wondering,Little Stevie Wonder,Come Back Baby,https://music.youtube.com/watch?v=lC_Lx1tb4Q4
Soul Bongo,Stevie Wonder,Come Back Baby,https://music.youtube.com/watch?v=ZiGSklu_oDQ
Some Other Time,Little Stevie Wonder,Come Back Baby,https://music.youtube.com/watch?v=cvEEEpaUM9I
Fingertips,Stevie Wonder,Come Back Baby,https://music.youtube.com/watch?v=gVcBVLxSkRo
You Better Get in Line,The Contours,Come Back Baby,https://music.youtube.com/watch?v=KKyYL9zeyNQ
It Must Be Love,The Contours,Come Back Baby,https://music.youtube.com/watch?v=IPEp3LSf9CI
Claudia,The Contours,Come Back Baby,https://music.youtube.com/watch?v=hU_nsPevIhI
Shake Sherry,The Contours,Come Back Baby,https://music.youtube.com/watch?v=Z67AGMK0k7c
The Stretch,The Contours,Come Back Baby,https://music.youtube.com/watch?v=jlBoVDWhqs0
So Gratful,The Contours,Come Back Baby,https://music.youtube.com/watch?v=3n2Kkx-veWA
Do You Love Me,The Contours,Come Back Baby,https://music.youtube.com/watch?v=Mhz48fXaN1Q
The Old Miner,The Contours,Come Back Baby,https://music.youtube.com/watch?v=fg4kn588p_A
Funny,The Contours,Come Back Baby,https://music.youtube.com/watch?v=PU7FqbBgc-E
Move Mr. Man,The Contours,Come Back Baby,https://music.youtube.com/watch?v=t6kS7zSwG2k
The Stretch,The Contours,The Stretch,https://music.youtube.com/watch?v=JIBeBfqxwLs
Drown in My Own Tears,Stevie Wonder,The Stretch,https://music.youtube.com/watch?v=Tp4KetQp0sY
Fingertips,Stevie Wonder,The Stretch,https://music.youtube.com/watch?v=I3t1dbi3v2U
Square,Stevie Wonder,The Stretch,https://music.youtube.com/watch?v=HW7UERpqw2s
Mary Ann,Stevie Wonder,The Stretch,https://music.youtube.com/watch?v=0CJDM6sZ_Sc
Come Back Baby,Stevie Wonder,The Stretch,https://music.youtube.com/watch?v=HkNa3XTe86k
My Baby's Gone,Stevie Wonder,The Stretch,https://music.youtube.com/watch?v=l28fbjvzs1s
Paulsby,Stevie Wonder,The Stretch,https://music.youtube.com/watch?v=c8MmT551KjE
Sunset,Stevie Wonder,The Stretch,https://music.youtube.com/watch?v=cNcMiQg842s
Some Other Time,Stevie Wonder,The Stretch,https://music.youtube.com/watch?v=tyQCgwLk3hg
Soul Bongo,Stevie Wonder,The Stretch,https://music.youtube.com/watch?v=9lxVD6WTaYo
Session Number,Stevie Wonder,The Stretch,https://music.youtube.com/watch?v=ULM-FQFBKEA
You Better Get in Line,The Contours,The Stretch,https://music.youtube.com/watch?v=PxuVRrWSYOY
Wondering,Stevie Wonder,The Stretch,https://music.youtube.com/watch?v=vLaxUBbec3A
Manhattan at Six,Stevie Wonder,The Stretch,https://music.youtube.com/watch?v=5FG8UENmTG4
Bam,Stevie Wonder,The Stretch,https://music.youtube.com/watch?v=dacRPhGPcQ8
Whole Lotta Woman,The Contours,The Stretch,https://music.youtube.com/watch?v=fUx4y1_EcaE
It Must Be Love,The Contours,The Stretch,https://music.youtube.com/watch?v=mXuw2taEL7w
Shake Sherrie,The Contours,The Stretch,https://music.youtube.com/watch?v=6ieo6Tb1qUs
"Move, Mr. Man",The Contours,The Stretch,https://music.youtube.com/watch?v=PDCvfyuVzwY
So Grateful,The Contours,The Stretch,https://music.youtube.com/watch?v=8jZxtSi6OEM
Do You Love Me,The Contours,The Stretch,https://music.youtube.com/watch?v=kfQRzjRmj_U
Claudia,The Contours,The Stretch,https://music.youtube.com/watch?v=uHDuIDODwhc
The Old Miner,The Contours,The Stretch,https://music.youtube.com/watch?v=BMC0xjjlfqM
Funny,The Contours,The Stretch,https://music.youtube.com/watch?v=O0eFcM-thfc
Sunset,Stevie Wonder,Sunset,https://music.youtube.com/watch?v=mNDgj6xI94Y
Do You Love Me,The Contours,Sunset,https://music.youtube.com/watch?v=lLwDVkS6EPk
Fingertips,Stevie Wonder,Sunset,https://music.youtube.com/watch?v=GXI__STlWDc
Shake Sherrie,The Contours,Sunset,https://music.youtube.com/watch?v=5_d89ffGarI
Session Number 112,Stevie Wonder,Sunset,https://music.youtube.com/watch?v=99VK3cwqTzU
Wondering,Stevie Wonder,Sunset,https://music.youtube.com/watch?v=w5JeNz2ReSA
Paulsby,Stevie Wonder,Sunset,https://music.youtube.com/watch?v=GJt3oZEDsSQ
Some Other Time,Stevie Wonder,Sunset,https://music.youtube.com/watch?v=ONuondtRpQo
It Must Be Love,The Contours,Sunset,https://music.youtube.com/watch?v=OnhE1qQm3Wo
Mary Ann,Stevie Wonder,Sunset,https://music.youtube.com/watch?v=lLQ5tBv-d0Q
Manhattan at Six,Stevie Wonder,Sunset,https://music.youtube.com/watch?v=4921ePHsqgY
You Better Get in Line,The Contours,Sunset,https://music.youtube.com/watch?v=JedZUMjwJt8
Drown in My Own Tears,Stevie Wonder,Sunset,https://music.youtube.com/watch?v=lkXxKc61AoA
The Stretch,The Contours,Sunset,https://music.youtube.com/watch?v=Xd8kTcrw4PQ
Bam,Stevie Wonder,Sunset,https://music.youtube.com/watch?v=SmzXXndTMe4
The Old Miner,The Contours,Sunset,https://music.youtube.com/watch?v=QM1-2bQIyKg
Whole Lotta Woman,The Contours,Sunset,https://music.youtube.com/watch?v=duG7V6IfAV0
My Baby's Gone,Stevie Wonder,Sunset,https://music.youtube.com/watch?v=06Be_-D5hNE
Move Mr. Man,The Contours,Sunset,https://music.youtube.com/watch?v=uIUrm13yEBA
Come Back Baby,Stevie Wonder,Sunset,https://music.youtube.com/watch?v=5jNuhqd_nGI
Funny,The Contours,Sunset,https://music.youtube.com/watch?v=Dg_Boq4ci7c
Soul Bongo,Stevie Wonder,Sunset,https://music.youtube.com/watch?v=r5jIP7TsUi8
Claudia,The Contours,Sunset,https://music.youtube.com/watch?v=pTZQjrc4_Zc
So Grateful,The Contours,Sunset,https://music.youtube.com/watch?v=3oIiqroE8mY
Square,Stevie Wonder,Sunset,https://music.youtube.com/watch?v=VP5I935opwE
Ain't That Love,Stevie Wonder,Ain't That Love,https://music.youtube.com/watch?v=HyL2PYgFct4
Playboy,The Marvelettes,Ain't That Love,https://music.youtube.com/watch?v=ERgBg89Z8L0
I've Got You Under My Skin,The Miracles,Ain't That Love,https://music.youtube.com/watch?v=q3oCTv-dn18
I'll Try Something New,The Miracles,Ain't That Love,https://music.youtube.com/watch?v=EtlppVRWWws
Mix It Up,The Marvelettes,Ain't That Love,https://music.youtube.com/watch?v=1GMV-k7RVJw
Beechwood 4-5789,The Marvelettes,Ain't That Love,https://music.youtube.com/watch?v=fv_4UlCZlF8
"This I Swear, I Promise",The Miracles,Ain't That Love,https://music.youtube.com/watch?v=g4gG8Gwxs78
I'm Hooked,The Marvelettes,Ain't That Love,https://music.youtube.com/watch?v=iejlee8SShU
Speak Low,The Miracles,Ain't That Love,https://music.youtube.com/watch?v=eLxLhxbUWjc
You Should Know,The Marvelettes,Ain't That Love,https://music.youtube.com/watch?v=2tni7egFTu4
Goddess of Love,The Marvelettes,Ain't That Love,https://music.youtube.com/watch?v=T39ulxkB6bw
"Hallelujah, I Love Her So",Stevie Wonder,Ain't That Love,https://music.youtube.com/watch?v=kV3EZkb-Hp4
"Someday, Someway",The Marvelettes,Ain't That Love,https://music.youtube.com/watch?v=bohfA6CPf0U
Frankie & Johnny,Stevie Wonder,Ain't That Love,https://music.youtube.com/watch?v=k2xzpQUVTFM
I Think I Can Change You,The Marvelettes,Ain't That Love,https://music.youtube.com/watch?v=lQ6RKlpLXb8
The Masquerade Is Over,Stevie Wonder,Ain't That Love,https://music.youtube.com/watch?v=pIMUvNIPmfo
Don't You Know,Stevie Wonder,Ain't That Love,https://music.youtube.com/watch?v=o_7wFaUmdJA
A Love That Can Never Be,The Marvelettes,Ain't That Love,https://music.youtube.com/watch?v=qAqB3mOIuSQ
If Your Mother Only Knew,The Miracles,Ain't That Love,https://music.youtube.com/watch?v=DHCADzk5UgA
Forever,The Marvelettes,Ain't That Love,https://music.youtube.com/watch?v=PRy29lwEZLA
(I've Got to) Cry over You,The Marvelettes,Ain't That Love,https://music.youtube.com/watch?v=CNo2PyuH2E0
I've Been Good to You,The Miracles,Ain't That Love,https://music.youtube.com/watch?v=WRKztU6E_Zk
He Don't Care About Me,The Miracles,Ain't That Love,https://music.youtube.com/watch?v=jcMA3Y0FLoc
On the Street Where You Live,The Miracles,Ain't That Love,https://music.youtube.com/watch?v=Pqs4XNdFQLU
What's so Good About Goodbye,The Miracles,Ain't That Love,https://music.youtube.com/watch?v=Siqie1_RCgg
Sympathy,Stevie Wonder,I Was Made to Love Her,https://music.youtube.com/watch?v=WCiz9PU1mFs
Love Everlasting,Stevie Wonder,I Was Made to Love Her,https://music.youtube.com/watch?v=RvJMzbCR3wI
Indian Love Call,Stevie Wonder,I Was Made to Love Her,https://music.youtube.com/watch?v=yEUL7yJKa_Y
Rose Marie,Stevie Wonder,I Was Made to Love Her,https://music.youtube.com/watch?v=qBSpimFo1aU
Giannina Mia,Stevie Wonder,I Was Made to Love Her,https://music.youtube.com/watch?v=eG3rRb-OlsE
Donkey Serenade,Stevie Wonder,I Was Made to Love Her,https://music.youtube.com/watch?v=yr-acRyEKfU
Serenade,Stevie Wonder,I Was Made to Love Her,https://music.youtube.com/watch?v=KtB_GKB-ABY
Romance,Stevie Wonder,I Was Made to Love Her,https://music.youtube.com/watch?v=ExZ4PKOvX9A
Wanting You,Stevie Wonder,I Was Made to Love Her,https://music.youtube.com/watch?v=JsCgD5Fu9mI
One Kiss,Stevie Wonder,I Was Made to Love Her,https://music.youtube.com/watch?v=wPKctNuiumc
Lover Come Back to Me,Stevie Wonder,I Was Made to Love Her,https://music.youtube.com/watch?v=Z7PJwkbCK9I
"Softly, as in a Morning Sunrise",Stevie Wonder,I Was Made to Love Her,https://music.youtube.com/watch?v=Pu1bXGVEQy4
My Chérie Amour,Stevie Wonder,My Chérie Amour,https://music.youtube.com/watch?v=84le5DsfvTk
Hello Young Lovers,Stevie Wonder,My Chérie Amour,https://music.youtube.com/watch?v=56u1tCJibto
At Last,Stevie Wonder,My Chérie Amour,https://music.youtube.com/watch?v=huxxBBEZD_s
Light My Fire,Stevie Wonder,My Chérie Amour,https://music.youtube.com/watch?v=92awmLkaUYk
The Shadow of Your Smile,Stevie Wonder,My Chérie Amour,https://music.youtube.com/watch?v=IUWRqwggUTY
You and Me,Stevie Wonder,My Chérie Amour,https://music.youtube.com/watch?v=7PVrolElvk4
Pearl,Stevie Wonder,My Chérie Amour,https://music.youtube.com/watch?v=vRg3sIWB9bI
"Somebody Knows, Somebody Cares",Stevie Wonder,My Chérie Amour,https://music.youtube.com/watch?v=G-9LcaKbMSc
Yester-Me Yester-You Yesterday,Stevie Wonder,My Chérie Amour,https://music.youtube.com/watch?v=GGhcAl0kP5Y
Angie Girl,Stevie Wonder,My Chérie Amour,https://music.youtube.com/watch?v=hB8uGTJIWkk
Give Your Love,Stevie Wonder,My Chérie Amour,https://music.youtube.com/watch?v=QgC5Mep9c0E
I've Got You,Stevie Wonder,My Chérie Amour,https://music.youtube.com/watch?v=wuJG0W5Mops
Sunset,Stevie Wonder,Fingertips,https://music.youtube.com/watch?v=MNt9z8LDlic
Fingertips,Stevie Wonder,Fingertips,https://music.youtube.com/watch?v=jHkq5pkBSUM
Soul Bongo,Stevie Wonder,Fingertips,https://music.youtube.com/watch?v=KsbQCMUEsAQ
Square,Stevie Wonder,Fingertips,https://music.youtube.com/watch?v=bdLB-RtWV3Y
"Hallelujah, I Love Her So",Stevie Wonder,Fingertips,https://music.youtube.com/watch?v=T3X77zY02pA
Come Back Baby,Stevie Wonder,Fingertips,https://music.youtube.com/watch?v=Fd8ogKuWQkk
Some Other Time,Stevie Wonder,Fingertips,https://music.youtube.com/watch?v=TyKDsx0DpF0
Mary Ann,Stevie Wonder,Fingertips,https://music.youtube.com/watch?v=Dh7HRRxf_RM
Frankie & Johnny,Stevie Wonder,Fingertips,https://music.youtube.com/watch?v=xg3fDCLSLEU
Don't You Know,Stevie Wonder,Fingertips,https://music.youtube.com/watch?v=H_bux8DbqCE
Bam,Stevie Wonder,Fingertips,https://music.youtube.com/watch?v=952OddjAZR8
My Baby's Gone,Stevie Wonder,Fingertips,https://music.youtube.com/watch?v=Paj6IBwpiJo
Session Number,Stevie Wonder,Fingertips,https://music.youtube.com/watch?v=sdUNNh3N75k
Drown in My Own Tears,Stevie Wonder,Fingertips,https://music.youtube.com/watch?v=J1Ia0EVIVMU
Wondering,Stevie Wonder,Fingertips,https://music.youtube.com/watch?v=m5Zu6xKJzVw
Paulsby,Stevie Wonder,Fingertips,https://music.youtube.com/watch?v=FxrTGeC-M3o
Manhattan at Six,Stevie Wonder,Fingertips,https://music.youtube.com/watch?v=UpH9qx0qsaE
For Once In My Life,Stevie Wonder,Stevie Wonder - WNET TV Broadcast April 1972.,https://music.youtube.com/watch?v=XIojAd77-60
If You Really Love Me,Stevie Wonder,Stevie Wonder - WNET TV Broadcast April 1972.,https://music.youtube.com/watch?v=7b6V6O4FWdY
Superwoman,Stevie Wonder,Stevie Wonder - WNET TV Broadcast April 1972.,https://music.youtube.com/watch?v=hRGxe0G_P8k
You and I,Stevie Wonder,Stevie Wonder - WNET TV Broadcast April 1972.,https://music.youtube.com/watch?v=HNmXPFNu0Tk
My Cherie Amour,Stevie Wonder,Stevie Wonder - WNET TV Broadcast April 1972.,https://music.youtube.com/watch?v=BF_kaDpzlqI
Blowin` In The Wind / With A Child`s Heart,Stevie Wonder,Stevie Wonder - WNET TV Broadcast April 1972.,https://music.youtube.com/watch?v=__zL0_ipBMU
"Love Having You Around / Signed, Sealed, Delivered / Papa Was A Rolling Stone",Stevie Wonder,Stevie Wonder - WNET TV Broadcast April 1972.,https://music.youtube.com/watch?v=HLLYasavqD8
Superstition / Maybe Your Baby,Stevie Wonder,Stevie Wonder - WNET TV Broadcast April 1972.,https://music.youtube.com/watch?v=Xeh17CVHkV8
Uptight Jam,Stevie Wonder,Stevie Wonder - WNET TV Broadcast April 1972.,https://music.youtube.com/watch?v=MksQQKrTPJs
Outro Jam / Keep On Running,Stevie Wonder,Stevie Wonder - WNET TV Broadcast April 1972.,https://music.youtube.com/watch?v=53gGe06jIjU
CAREFUL X BE FREE,STEVIE,CAREFUL X BE FREE,https://music.youtube.com/watch?v=l51aBT4ps7w
Molenu,Stevie,Demo,https://music.youtube.com/watch?v=U90q5p6B3Lc
Soro,Stevie,Demo,https://music.youtube.com/watch?v=1kIsm0XlJls
Okay,Stevie,Demo,https://music.youtube.com/watch?v=ZFmWQ1GpF-A
Love,Stevie,Demo,https://music.youtube.com/watch?v=xYXptm--uek
Someday At Christmas,Stevie Wonder,Christmas Time,https://music.youtube.com/watch?v=QqHqI_2Vem0
What Christmas Means To Me (Single Version / Mono),Stevie Wonder,Christmas Time,https://music.youtube.com/watch?v=GaWZ_ZHCpTI
The Little Drummer Boy,Stevie Wonder,Christmas Time,https://music.youtube.com/watch?v=iyVk8PrrmvM
Silver Bells,Stevie Wonder,Christmas Time,https://music.youtube.com/watch?v=CmZ3eV4mwFo
One Little Christmas Tree,Stevie Wonder,Christmas Time,https://music.youtube.com/watch?v=wBw0iW9fyZE
Christmastime,Stevie Wonder,Christmas Time,https://music.youtube.com/watch?v=vls8oeHNw0w
Can We Fix Our Nation's Broken Heart,Stevie Wonder,Can We Fix Our Nation's Broken Heart,https://music.youtube.com/watch?v=SKSz3n3qP6g
Trainwreck,Ranj,Trainwreck,https://music.youtube.com/watch?v=MKqjOuuKiZM
Finish Line,Elton John,Finish Line,https://music.youtube.com/watch?v=bDnwBeRSJag
"Can't Put It In The Hands Of Fate (feat. Rapsody, Cordae, Chika & Busta Rhymes)",Stevie Wonder,"Can't Put It In The Hands Of Fate (feat. Rapsody, Cordae, Chika & Busta Rhymes)",https://music.youtube.com/watch?v=Kgdfxeh0WtE
Where Is Our Love Song (feat. Gary Clark Jr.),Stevie Wonder,Where Is Our Love Song (feat. Gary Clark Jr.),https://music.youtube.com/watch?v=RLMB5o5vtLs
I'm Grateful,Stevie,I'm Grateful,https://music.youtube.com/watch?v=YpyoiKLzlOM
Someday at Christmas,Stevie Wonder,Someday at Christmas,https://music.youtube.com/watch?v=lvB5lM5l-18
titulo,artistas,album,url
Move That Body,Technotronic,Body To Body,https://music.youtube.com/watch?v=EM9ZdK-9D0Y
Work,Technotronic,Body To Body,https://music.youtube.com/watch?v=q2OV4MP22j8
Release Yourself,Technotronic,Body To Body,https://music.youtube.com/watch?v=X4qmt-3FVNs
Cold Chillin,Technotronic,Body To Body,https://music.youtube.com/watch?v=M689tDaSpF8
Voices,Technotronic,Body To Body,https://music.youtube.com/watch?v=LkbZyuEKfb8
Money Makes The World Go Round,Technotronic,Body To Body,https://music.youtube.com/watch?v=f04mvGMF-3g
Gimmie The One,Technotronic,Body To Body,https://music.youtube.com/watch?v=2ifWWt_s19A
Yeh-Yeah,Technotronic,Body To Body,https://music.youtube.com/watch?v=eCoMCxjkuSY
Body To Body,Technotronic,Body To Body,https://music.youtube.com/watch?v=n4rsrmBlda8
Get It Started,Technotronic,Body To Body,https://music.youtube.com/watch?v=92RwpfEGHoM
Bogaert's Breakfast,Technotronic,Body To Body,https://music.youtube.com/watch?v=RkpHyBrZT4E
Move It To The Rhythm (feat. Ya Kid k),Technotronic,Recall,https://music.youtube.com/watch?v=39SwltrqOCU
Recall,Technotronic,Recall,https://music.youtube.com/watch?v=1CKAnziQkXk
Saving All Your Love,Technotronic,Recall,https://music.youtube.com/watch?v=K0yY4IbKVdw
It's Alright,Technotronic,Recall,https://music.youtube.com/watch?v=T7uPMwei0Io
I Want You By My Side,Technotronic,Recall,https://music.youtube.com/watch?v=z1PnQYSLbPs
2 UX,Technotronic,Recall,https://music.youtube.com/watch?v=SL_Bo15C4ZQ
Are You Ready,Technotronic,Recall,https://music.youtube.com/watch?v=5CGH86yjFVI
Nowhere To Run,Technotronic,Recall,https://music.youtube.com/watch?v=IFdsvXaO1m4
NRG Flow,Technotronic,Recall,https://music.youtube.com/watch?v=nPaVyp7v0c0
Can't Live Without You,Technotronic,Recall,https://music.youtube.com/watch?v=OGiAWUunK1I
It's Just The Way It is,Technotronic,Recall,https://music.youtube.com/watch?v=jy5dq7dmxUE
Club Thang,Technotronic,Recall,https://music.youtube.com/watch?v=xPl5e5ZFh7c
Pump Up The Jam,Technotronic,Pump Up The Jam,https://music.youtube.com/watch?v=9EcjWd-O4jI
Get Up (Before The Night Is Over),Technotronic,Pump Up The Jam,https://music.youtube.com/watch?v=MxgMie9fuuM
Tough (feat. Mc Eric),Technotronic,Pump Up The Jam,https://music.youtube.com/watch?v=tIJtfBDD9pE
Take It Slow (feat. Ya Kid k),Technotronic,Pump Up The Jam,https://music.youtube.com/watch?v=lTk6XzbE39w
Come On,Technotronic,Pump Up The Jam,https://music.youtube.com/watch?v=rgZv9cEKQmE
This Beat Is Technotronic (feat. Mc Eric),Technotronic,Pump Up The Jam,https://music.youtube.com/watch?v=w2I64cb6Hfo
Move This (feat. Ya Kid k),Technotronic,Pump Up The Jam,https://music.youtube.com/watch?v=2NbpHP0dDA0
Come Back,Technotronic,Pump Up The Jam,https://music.youtube.com/watch?v=q85NdxaWBzE
Rockin' Over The Beat (feat. Ya Kid k),Technotronic,Pump Up The Jam,https://music.youtube.com/watch?v=sIqxZWhgvIg
Raw,Technotronic,Pump Up The Jam,https://music.youtube.com/watch?v=eTtvQYfb9Gw
Wave,Technotronic,Pump Up The Jam,https://music.youtube.com/watch?v=lj_2M8pavuQ
String,Technotronic,Pump Up The Jam,https://music.youtube.com/watch?v=rlwgeSMCF3s
Pump Up The Jam (Edit),Technotronic,Best Of,https://music.youtube.com/watch?v=9EcjWd-O4jI
Get Up (Before The Night Is Over) (Edit),Technotronic,Best Of,https://music.youtube.com/watch?v=a6xDiPubxVU
This Beat Is Technotronic (Single Mix) (feat. Mc Eric),Technotronic,Best Of,https://music.youtube.com/watch?v=sOAXTxBg3G8
"Rockin Over The Beat (Rockin' Over Manchester - 7"" Remix)",Technotronic,Best Of,https://music.youtube.com/watch?v=BTrFbtM3mtE
Move That Body,Technotronic,Best Of,https://music.youtube.com/watch?v=5NIoaiGZ7QM
Work,Technotronic,Best Of,https://music.youtube.com/watch?v=wVh70A1nRRE
Move This,Technotronic,Best Of,https://music.youtube.com/watch?v=0xxZDscZXOY
Voices,Technotronic,Best Of,https://music.youtube.com/watch?v=FzjBLCmzCIs
"Hey Yoh, Here We Go",Technotronic,Best Of,https://music.youtube.com/watch?v=3QwR69VXecc
The G-Train (Radio Mix) (feat. Monday Midnite),Technotronic,Best Of,https://music.youtube.com/watch?v=dxcS3p5I0Zc
The Mariachi (feat. Ya Kid k),Technotronic,Best Of,https://music.youtube.com/watch?v=rJzOovvLrjw
Like This (Radio Version) (feat. Monday Midnite),Technotronic,Best Of,https://music.youtube.com/watch?v=g-7pxNyIX-A
I Want You By My Side,Technotronic,Best Of,https://music.youtube.com/watch?v=h5OYAAzwMj8
Megamix (Radio Version),Technotronic,Best Of,https://music.youtube.com/watch?v=lr5AMZTM8AM
Spin That Wheel (First Feel Mix),"Hi Tek 3, Ya Kid k",Best Of,https://music.youtube.com/watch?v=HK5EzoKyBw4
Pump Up The Jam (Crowd Is Jumping Mix) (feat. Dimitri Vegas & Like Mike),Technotronic,Best Of,https://music.youtube.com/watch?v=mQ5IFXWF7bM
Pump Up The Jam (Peter Luts Remix) (feat. Felly),Technotronic,Best Of,https://music.youtube.com/watch?v=F0J4pJ0GF8c
Pump Up The Jam (Fedde Le Grand vs Funkerman Radio Remix),Technotronic,Best Of,https://music.youtube.com/watch?v=MamMgDfQFtc
Like This (The Sequel) (feat. Monday Midnite),Technotronic,Best Of,https://music.youtube.com/watch?v=CiO468ngFb4
Tribute,Sleepnaz,Tribute,https://music.youtube.com/watch?v=g3qX5_VA2vk
Anxiety,Sleepnaz,Tribute,https://music.youtube.com/watch?v=fHnJkT9QC4A
Alone in my room,Sleepnaz,Tribute,https://music.youtube.com/watch?v=kReduxk79Bg
Special,Sleepnaz,Tribute,https://music.youtube.com/watch?v=cUAz13TdCW4
Just fiction,Sleepnaz,Tribute,https://music.youtube.com/watch?v=d8hwpCrI8cg
Pump Up The Jam (Radio Is Jumping Mix) (feat. Dimitri Vegas & Like Mike),Technotronic,Pump Up The Jam 2010 (Crowd Is Jumpin' Mix) (feat. Dimitri Vegas & Like Mike),https://music.youtube.com/watch?v=9Rd9oiV9by4
Pump Up The Jam (Crowd Is Jumping Mix) (feat. Dimitri Vegas & Like Mike),Technotronic,Pump Up The Jam 2010 (Crowd Is Jumpin' Mix) (feat. Dimitri Vegas & Like Mike),https://music.youtube.com/watch?v=LLpQcjeFwpg
Like This (The Sequel) (feat. Monday Midnite & Paul Almeida),Technotronic,Like This (The Sequel),https://music.youtube.com/watch?v=SKtkRAwlpQg
Pump Up The Jam (Hugo Cantarra Remix Edit),Technotronic,Pump Up The Jam (Hugo Cantarra Remix),https://music.youtube.com/watch?v=BNJ8nuChTqQ
Pump Up The Jam (Hugo Cantarra Remix),Technotronic,Pump Up The Jam (Hugo Cantarra Remix),https://music.youtube.com/watch?v=BNJ8nuChTqQ
Pump Up The Jam (NightFunk Radio Edit),Technotronic,Pump Up The Jam (NightFunk Radio Edit),https://music.youtube.com/watch?v=GIBk1JRhbJs
Pump Up The Jam (NightFunk Remix),Technotronic,Pump Up The Jam (NightFunk Remix),https://music.youtube.com/watch?v=Ad2Eh9VmzRQ
titulo,artistas,album,url
Synchronicity I,The Police,Synchronicity (Remastered 2003),https://music.youtube.com/watch?v=Si5CSpUCDGY
Walking In Your Footsteps,The Police,Synchronicity (Remastered 2003),https://music.youtube.com/watch?v=trX9gQssm9c
O My God,The Police,Synchronicity (Remastered 2003),https://music.youtube.com/watch?v=SMBtkkFo67M
Mother,The Police,Synchronicity (Remastered 2003),https://music.youtube.com/watch?v=d56MfuZAfwI
Miss Gradenko,The Police,Synchronicity (Remastered 2003),https://music.youtube.com/watch?v=MRDm2tNyX50
Synchronicity II,The Police,Synchronicity (Remastered 2003),https://music.youtube.com/watch?v=o5FPPoLqkCk
Every Breath You Take,The Police,Synchronicity (Remastered 2003),https://music.youtube.com/watch?v=OMOGaugKpzs
King Of Pain,The Police,Synchronicity (Remastered 2003),https://music.youtube.com/watch?v=zebfpYp7qFM
Wrapped Around Your Finger (Remastered 2003),The Police,Synchronicity (Remastered 2003),https://music.youtube.com/watch?v=svWINSRhQU0
Tea In The Sahara,The Police,Synchronicity (Remastered 2003),https://music.youtube.com/watch?v=GMq96oVySRI
Murder By Numbers,The Police,Synchronicity (Remastered 2003),https://music.youtube.com/watch?v=tUq9fURN2VQ
Invisible Sun,The Police,Ghost In The Machine (Alternate Sequence),https://music.youtube.com/watch?v=1VuDjJ9KIxM
Demolition Man,The Police,Ghost In The Machine (Alternate Sequence),https://music.youtube.com/watch?v=vfFUc3YgyRQ
Secret Journey,The Police,Ghost In The Machine (Alternate Sequence),https://music.youtube.com/watch?v=inkW02UD3tM
Darkness,The Police,Ghost In The Machine (Alternate Sequence),https://music.youtube.com/watch?v=NtCA8zO9yTY
Spirits In The Material World,The Police,Ghost In The Machine (Alternate Sequence),https://music.youtube.com/watch?v=BHOevX4DlGk
Too Much Information,The Police,Ghost In The Machine (Alternate Sequence),https://music.youtube.com/watch?v=gaB16FtYs9g
Omegaman,The Police,Ghost In The Machine (Alternate Sequence),https://music.youtube.com/watch?v=pEi_8hrsV1g
One World (Not Three),The Police,Ghost In The Machine (Alternate Sequence),https://music.youtube.com/watch?v=sKP2z3Qw818
Re-Humanize Yourself,The Police,Ghost In The Machine (Alternate Sequence),https://music.youtube.com/watch?v=4ZE2A8V01tk
I Burn For You,The Police,Ghost In The Machine (Alternate Sequence),https://music.youtube.com/watch?v=sZbbmwwUPkQ
Hungry For You (J'Aurais Toujours Faim De Toi),The Police,Ghost In The Machine (Alternate Sequence),https://music.youtube.com/watch?v=boVw9WnWfHE
Every Little Thing She Does Is Magic,The Police,Ghost In The Machine (Alternate Sequence),https://music.youtube.com/watch?v=aENX1Sf3fgQ
Once Upon A Daydream,The Police,Ghost In The Machine (Alternate Sequence),https://music.youtube.com/watch?v=nWo0zVZ0MRo
Shambelle,The Police,Ghost In The Machine (Alternate Sequence),https://music.youtube.com/watch?v=RI2wFiXMnus
Spirits In The Material World,The Police,Ghost In The Machine (Remastered 2003),https://music.youtube.com/watch?v=BHOevX4DlGk
Every Little Thing She Does Is Magic,The Police,Ghost In The Machine (Remastered 2003),https://music.youtube.com/watch?v=aENX1Sf3fgQ
Invisible Sun,The Police,Ghost In The Machine (Remastered 2003),https://music.youtube.com/watch?v=1VuDjJ9KIxM
Hungry For You,The Police,Ghost In The Machine (Remastered 2003),https://music.youtube.com/watch?v=PpvhHrP_My0
Demolition Man,The Police,Ghost In The Machine (Remastered 2003),https://music.youtube.com/watch?v=vf7To6vdg7A
Too Much Information,The Police,Ghost In The Machine (Remastered 2003),https://music.youtube.com/watch?v=yeZNfo1zvdU
Re-Humanise Yourself,The Police,Ghost In The Machine (Remastered 2003),https://music.youtube.com/watch?v=RTXt93-jD4o
One World (Not Three),The Police,Ghost In The Machine (Remastered 2003),https://music.youtube.com/watch?v=tlNELuINW2o
Omegaman,The Police,Ghost In The Machine (Remastered 2003),https://music.youtube.com/watch?v=9mKLxttBgnc
Secret Journey,The Police,Ghost In The Machine (Remastered 2003),https://music.youtube.com/watch?v=Lotcmk3NAYI
Darkness,The Police,Ghost In The Machine (Remastered 2003),https://music.youtube.com/watch?v=uYpF3DhT8y4
Don't Stand So Close To Me,The Police,Zenyatta Mondatta (Remastered 2003),https://music.youtube.com/watch?v=KNIZofPB8ZM
Driven To Tears,The Police,Zenyatta Mondatta (Remastered 2003),https://music.youtube.com/watch?v=cPkChi1ckq0
"When The World Is Running Down, You Make The Best Of What's Still Around",The Police,Zenyatta Mondatta (Remastered 2003),https://music.youtube.com/watch?v=YC8vxXC0UMc
Canary In A Coalmine,The Police,Zenyatta Mondatta (Remastered 2003),https://music.youtube.com/watch?v=phXTSjRwdJY
Voices Inside My Head,The Police,Zenyatta Mondatta (Remastered 2003),https://music.youtube.com/watch?v=io3CNOeDfO4
Bombs Away,The Police,Zenyatta Mondatta (Remastered 2003),https://music.youtube.com/watch?v=DhkcFullCBQ
"De Do Do Do, De Da Da Da",The Police,Zenyatta Mondatta (Remastered 2003),https://music.youtube.com/watch?v=7v2GDbEmjGE
Behind My Camel,The Police,Zenyatta Mondatta (Remastered 2003),https://music.youtube.com/watch?v=XaP2h7ZP5D0
Man In A Suitcase,The Police,Zenyatta Mondatta (Remastered 2003),https://music.youtube.com/watch?v=cnDBowy9gNU
Shadows In The Rain,The Police,Zenyatta Mondatta (Remastered 2003),https://music.youtube.com/watch?v=_SsVY_1jy-o
The Other Way Of Stopping,The Police,Zenyatta Mondatta (Remastered 2003),https://music.youtube.com/watch?v=dLqfwLC3b_8
Message In A Bottle,The Police,Reggatta De Blanc (Remastered 2003),https://music.youtube.com/watch?v=MbXWrmQW-OE
Reggatta De Blanc,The Police,Reggatta De Blanc (Remastered 2003),https://music.youtube.com/watch?v=GN-nXWHkVpA
It's Alright For You,The Police,Reggatta De Blanc (Remastered 2003),https://music.youtube.com/watch?v=FIZQzUM5avE
Bring On The Night,The Police,Reggatta De Blanc (Remastered 2003),https://music.youtube.com/watch?v=YVgWQyGOTvk
Deathwish,The Police,Reggatta De Blanc (Remastered 2003),https://music.youtube.com/watch?v=Zlu74Hdvj_A
Walking On The Moon,The Police,Reggatta De Blanc (Remastered 2003),https://music.youtube.com/watch?v=zPwMdZOlPo8
On Any Other Day,The Police,Reggatta De Blanc (Remastered 2003),https://music.youtube.com/watch?v=f6XmfR6TVpQ
The Bed's Too Big Without You,The Police,Reggatta De Blanc (Remastered 2003),https://music.youtube.com/watch?v=hOhf0ouriGM
Contact,The Police,Reggatta De Blanc (Remastered 2003),https://music.youtube.com/watch?v=1UoY19flAj0
Does Everyone Stare,The Police,Reggatta De Blanc (Remastered 2003),https://music.youtube.com/watch?v=btjIoBotLAA
No Time This Time,The Police,Reggatta De Blanc (Remastered 2003),https://music.youtube.com/watch?v=woG54UNJRrE
Next To You,The Police,Outlandos D'Amour (Remastered 2003),https://music.youtube.com/watch?v=QucmeFo-G_E
So Lonely,The Police,Outlandos D'Amour (Remastered 2003),https://music.youtube.com/watch?v=MX6MvV8cbh8
Roxanne,The Police,Outlandos D'Amour (Remastered 2003),https://music.youtube.com/watch?v=3T1c7GkzRQQ
Hole In My Life,The Police,Outlandos D'Amour (Remastered 2003),https://music.youtube.com/watch?v=lhekcaRcpVo
Peanuts,The Police,Outlandos D'Amour (Remastered 2003),https://music.youtube.com/watch?v=IhS8FAj2s9c
Can't Stand Losing You,The Police,Outlandos D'Amour (Remastered 2003),https://music.youtube.com/watch?v=nH0vjLwMyc4
Truth Hits Everybody,The Police,Outlandos D'Amour (Remastered 2003),https://music.youtube.com/watch?v=ZTBdJei9gB8
Born In The 50's,The Police,Outlandos D'Amour (Remastered 2003),https://music.youtube.com/watch?v=u_OQrzXpALE
Be My Girl - Sally,The Police,Outlandos D'Amour (Remastered 2003),https://music.youtube.com/watch?v=1CzKpjBFwjA
Masoko Tanga,The Police,Outlandos D'Amour (Remastered 2003),https://music.youtube.com/watch?v=W0k6nXLwZrY
"Message In A Bottle (Live From River Plate Stadium, Buenos Aires)",The Police,Certifiable,https://music.youtube.com/watch?v=Y87y2Cyd_TY
"Synchronicity II (Live From River Plate Stadium, Buenos Aires)",The Police,Certifiable,https://music.youtube.com/watch?v=yy2L7baoM-U
"Walking On The Moon (Live From River Plate Stadium, Buenos Aires)",The Police,Certifiable,https://music.youtube.com/watch?v=Z8X1W85hWXU
"Voices Inside My Head / When The World Is Running Down You Make the Best Of What's Still Around (Live From River Plate Stadium, Buenos Aires)",The Police,Certifiable,https://music.youtube.com/watch?v=jKRaIk5zxME
"Don't Stand So Close To Me (Live From River Plate Stadium, Buenos Aires)",The Police,Certifiable,https://music.youtube.com/watch?v=rSoeMKhqq-g
"Driven To Tears (Live From River Plate Stadium, Buenos Aires)",The Police,Certifiable,https://music.youtube.com/watch?v=VwAefYwfAio
"Hole In My Life (Live From River Plate Stadium, Buenos Aires)",The Police,Certifiable,https://music.youtube.com/watch?v=8MBfcBAIG1Q
"Truth Hits Everybody (Live From River Plate Stadium, Buenos Aires)",The Police,Certifiable,https://music.youtube.com/watch?v=9CLftSeHtq4
"Every Little Thing She Does Is Magic (Live From River Plate Stadium, Buenos Aires)",The Police,Certifiable,https://music.youtube.com/watch?v=Tw4YlUDKQFA
"Wrapped Around Your Finger (Live From River Plate Stadium, Buenos Aires)",The Police,Certifiable,https://music.youtube.com/watch?v=CQaFiGzPiPQ
"De Do Do Do, De Da Da Da (Live From River Plate Stadium, Buenos Aires)",The Police,Certifiable,https://music.youtube.com/watch?v=jDtJGTa7Oag
"Invisible Sun (Live From River Plate Stadium, Buenos Aires)",The Police,Certifiable,https://music.youtube.com/watch?v=6951pfOlMwI
"Walking In Your Footsteps (Live From River Plate Stadium, Buenos Aires)",The Police,Certifiable,https://music.youtube.com/watch?v=NOTW7xWB-HY
"Can't Stand Losing You/Reggatta De Blanc (Live From River Plate Stadium, Buenos Aires)",The Police,Certifiable,https://music.youtube.com/watch?v=sfp8Lx5bdYs
"Roxanne (Live From River Plate Stadium, Buenos Aires)",The Police,Certifiable,https://music.youtube.com/watch?v=ddCgfKHkGnU
"King Of Pain (Live From River Plate Stadium, Buenos Aires)",The Police,Certifiable,https://music.youtube.com/watch?v=MGfbUmf25vU
"So Lonely (Live From River Plate Stadium, Buenos Aires)",The Police,Certifiable,https://music.youtube.com/watch?v=c92JgwqpMgI
"Every Breath You Take (Live From River Plate Stadium, Buenos Aires)",The Police,Certifiable,https://music.youtube.com/watch?v=QDW8eq0o62Y
"Next To You (Live From River Plate Stadium, Buenos Aires)",The Police,Certifiable,https://music.youtube.com/watch?v=bTrTFkqgFC4
Next To You (Live In Atlanta / 2003),The Police,Live!,https://music.youtube.com/watch?v=jlts87kDFpE
So Lonely (Live In Atlanta / 2003),The Police,Live!,https://music.youtube.com/watch?v=RmoeSMMbGdw
Truth Hits Everybody (Live In Atlanta / 2003),The Police,Live!,https://music.youtube.com/watch?v=Gw3gSoeF57o
Walking On The Moon (Live In Atlanta / 2003),The Police,Live!,https://music.youtube.com/watch?v=mPFTH74nVgA
Hole In My Life (Live In Atlanta / 2003),The Police,Live!,https://music.youtube.com/watch?v=w_hq6D9enGI
Fall Out (Live In Atlanta / 2003),The Police,Live!,https://music.youtube.com/watch?v=RyAx4FMoOV4
Bring On The Night (Live In Atlanta / 2003),The Police,Live!,https://music.youtube.com/watch?v=NaQlpphsdTs
Message In A Bottle (Live In Atlanta / 2003),The Police,Live!,https://music.youtube.com/watch?v=kwApR1F1wis
The Bed's Too Big Without You (Live In Atlanta / 2003),The Police,Live!,https://music.youtube.com/watch?v=M25Hok4CRCA
Peanuts (Live In Atlanta / 2003),The Police,Live!,https://music.youtube.com/watch?v=pu2RnuycC6w
Roxanne (Live In Atlanta / 2003),The Police,Live!,https://music.youtube.com/watch?v=mNfoGnMj5D8
Can't Stand Losing You (Live In Atlanta / 2003),The Police,Live!,https://music.youtube.com/watch?v=2omE1lxPrpE
Landlord (Live In Atlanta / 2003),The Police,Live!,https://music.youtube.com/watch?v=I5AcSeRAgfI
Born In The 50's (Live In Atlanta / 2003),The Police,Live!,https://music.youtube.com/watch?v=dIDBnkI_0rk
Be My Girl - Sally (Live In Atlanta / 2003),The Police,Live!,https://music.youtube.com/watch?v=PX3OUoV1-jA
Synchronicity I (Live In Atlanta / 2003),The Police,Live!,https://music.youtube.com/watch?v=C-bFp5eKYTo
Synchronicity II (Live In Atlanta / 2003),The Police,Live!,https://music.youtube.com/watch?v=lxvvEt9kHVI
Walking In Your Footsteps (Live In Atlanta / 2003),The Police,Live!,https://music.youtube.com/watch?v=7bQgaJXMOvE
Message In A Bottle (Live In Atlanta / 2003),The Police,Live!,https://music.youtube.com/watch?v=rp0uVR7pg9M
O My God (Live In Atlanta / 2003),The Police,Live!,https://music.youtube.com/watch?v=AszHsDiBhcI
"De Do Do Do, De Da Da Da (Live In Atlanta / 2003)",The Police,Live!,https://music.youtube.com/watch?v=7AthiXxlIak
Wrapped Around Your Finger (Live In Atlanta / 2003),The Police,Live!,https://music.youtube.com/watch?v=Wu__I-qTn4o
Tea In The Sahara (Live In Atlanta / 2003),The Police,Live!,https://music.youtube.com/watch?v=yQMqfLw7_tE
Spirits In The Material World (Live In Atlanta / 2003),The Police,Live!,https://music.youtube.com/watch?v=_YBmtrcARPc
King Of Pain (Live In Atlanta / 2003),The Police,Live!,https://music.youtube.com/watch?v=qQrw8tvVTBE
Don't Stand So Close To Me (Live In Atlanta / 2003),The Police,Live!,https://music.youtube.com/watch?v=BRlzc2KHlek
Every Breath You Take (Live In Atlanta / 2003),The Police,Live!,https://music.youtube.com/watch?v=SF76cOIQFyY
Roxanne (Live In Atlanta / 2003),The Police,Live!,https://music.youtube.com/watch?v=ADDvLRz102E
Can't Stand Losing You (Live In Atlanta / 2003),The Police,Live!,https://music.youtube.com/watch?v=YITY8yQ2JhQ
So Lonely (Live In Atlanta / 2003),The Police,Live!,https://music.youtube.com/watch?v=9SBbIK1N-Xw
Dead End Job,The Police,Flexible Strategies,https://music.youtube.com/watch?v=Q8zPHoHDMsg
Landlord,The Police,Flexible Strategies,https://music.youtube.com/watch?v=dADFOUyHwt0
Visions Of The Night,The Police,Flexible Strategies,https://music.youtube.com/watch?v=j4VRn87Lpqk
Friends,The Police,Flexible Strategies,https://music.youtube.com/watch?v=NncnbgXU4KI
A Sermon,The Police,Flexible Strategies,https://music.youtube.com/watch?v=MdThnVdfcEs
Shambelle,The Police,Flexible Strategies,https://music.youtube.com/watch?v=1p0T_Papy1I
Flexible Strategies,The Police,Flexible Strategies,https://music.youtube.com/watch?v=OOXC1CMYkD8
Low Life,The Police,Flexible Strategies,https://music.youtube.com/watch?v=JcSdPjxIAGU
Murder By Numbers,The Police,Flexible Strategies,https://music.youtube.com/watch?v=gOB1ZFo-GKM
Truth Hits Everybody,The Police,Flexible Strategies,https://music.youtube.com/watch?v=cYSPPfyytCs
Someone To Talk To,The Police,Flexible Strategies,https://music.youtube.com/watch?v=btY93IHgGi0
Once Upon A Daydream,The Police,Flexible Strategies,https://music.youtube.com/watch?v=stSEcrkUay4
Fall Out,The Police,The Police,https://music.youtube.com/watch?v=8DOKTHd5NNU
Can't Stand Losing You (Remastered 2003),The Police,The Police,https://music.youtube.com/watch?v=nH0vjLwMyc4
Next To You (Remastered 2003),The Police,The Police,https://music.youtube.com/watch?v=4y4zg5hIjBk
Roxanne (Remastered 2003),The Police,The Police,https://music.youtube.com/watch?v=3T1c7GkzRQQ
Truth Hits Everybody (Remastered 2003),The Police,The Police,https://music.youtube.com/watch?v=6v_d0ThsgT0
Hole In My Life (Remastered 2003),The Police,The Police,https://music.youtube.com/watch?v=qPNniQ7uuHY
So Lonely (Remastered 2003),The Police,The Police,https://music.youtube.com/watch?v=MX6MvV8cbh8
Message In A Bottle (Remastered 2003),The Police,The Police,https://music.youtube.com/watch?v=MbXWrmQW-OE
Reggatta De Blanc (Remastered 2003),The Police,The Police,https://music.youtube.com/watch?v=dprrA6vdPD4
Bring On The Night (Remastered 2003),The Police,The Police,https://music.youtube.com/watch?v=tyJ630uWd4I
Walking On The Moon (Remastered 2003),The Police,The Police,https://music.youtube.com/watch?v=zPwMdZOlPo8
Don't Stand So Close To Me (Remastered 2003),The Police,The Police,https://music.youtube.com/watch?v=KNIZofPB8ZM
Driven To Tears (Remastered 2003),The Police,The Police,https://music.youtube.com/watch?v=lNLh3-ryW4s
Canary In A Coalmine (Remastered 2003),The Police,The Police,https://music.youtube.com/watch?v=cZJyeOojm2A
"De Do Do Do, De Da Da Da (Remastered 2003)",The Police,The Police,https://music.youtube.com/watch?v=7v2GDbEmjGE
Voices Inside My Head (Remastered 2003),The Police,The Police,https://music.youtube.com/watch?v=i8quZ4Ruek8
Invisible Sun (Remastered 2003),The Police,The Police,https://music.youtube.com/watch?v=1VuDjJ9KIxM
Every Little Thing She Does Is Magic (Remastered 2003),The Police,The Police,https://music.youtube.com/watch?v=aENX1Sf3fgQ
Spirits In The Material World (Remastered 2003),The Police,The Police,https://music.youtube.com/watch?v=BHOevX4DlGk
Demolition Man (Remastered 2003),The Police,The Police,https://music.youtube.com/watch?v=8YaYQTW-xDQ
Every Breath You Take (Remastered 2003),The Police,The Police,https://music.youtube.com/watch?v=OMOGaugKpzs
Synchronicity I (Remastered 2003),The Police,The Police,https://music.youtube.com/watch?v=rrEIosl7WKQ
Wrapped Around Your Finger (Remastered 2003),The Police,The Police,https://music.youtube.com/watch?v=svWINSRhQU0
Walking In Your Footsteps (Remastered 2003),The Police,The Police,https://music.youtube.com/watch?v=FJxFU-bRShM
Synchronicity II (Remastered 2003),The Police,The Police,https://music.youtube.com/watch?v=o5FPPoLqkCk
King Of Pain (Remastered 2003),The Police,The Police,https://music.youtube.com/watch?v=zebfpYp7qFM
Murder By Numbers (Remastered 2003),The Police,The Police,https://music.youtube.com/watch?v=J-BiTi8XbxA
Tea In The Sahara (Remastered 2003),The Police,The Police,https://music.youtube.com/watch?v=GMq96oVySRI
"ドゥドゥドゥ・デ・ダダダ (日本語ヴァージョン) - De Do Do Do, De Da Da Da (Japanese Version)",The Police,"De Do Do Do, De Da Da Da (Japanese Version)",https://music.youtube.com/watch?v=mlwo_FNONHU
"De Do Do Do, De Da Da Da (Spanish Version)",The Police,"De Do Do Do, De Da Da Da (Spanish Version)",https://music.youtube.com/watch?v=3OpCgWNbqZQ
Every Breath You Take (Demo),The Police,Every Breath You Take (Demo),https://music.youtube.com/watch?v=UAsjsDalAio
King Of Pain (Demo),The Police,Every Breath You Take (Demo),https://music.youtube.com/watch?v=S3JvHEbc9sM
King Of Pain (Demo),The Police,King Of Pain (Demo),https://music.youtube.com/watch?v=coFbVTUeSh0
